:0200000460009A
:100000004643464200000156000000000101020084
:1000100000000000000000000000000000000000E0
:1000200000000000000000000000000000000000D0
:1000300000000000000000000000000000000000C0
:1000400000000000010406010000000000000000A4
:100050000000800000000000000000000000000020
:100060000000000000000000000000000000000090
:100070000000000000000000000000000000000080
:10008000EB04180AFF1E04320126000000000000E5
:100090000000000000000000000000000000000060
:1000A0000000000000000000000000000000000050
:1000B0000000000000000000000000000000000040
:1000C0000000000000000000000000000000000030
:1000D0000000000000000000000000000000000020
:1000E0000000000000000000000000000000000010
:1000F0000000000000000000000000000000000000
:1001000000000000000000000000000000000000EF
:1001100000000000000000000000000000000000DF
:1001200000000000000000000000000000000000CF
:1001300000000000000000000000000000000000BF
:1001400000000000000000000000000000000000AF
:10015000000000000000000000000000000000009F
:10016000000000000000000000000000000000008F
:10017000000000000000000000000000000000007F
:10018000000000000000000000000000000000006F
:10019000000000000000000000000000000000005F
:1001A000000000000000000000000000000000004F
:1001B000000000000000000000000000000000003F
:1001C000000100000010000001000000000000001D
:1001D000000001000000000000000000000000001E
:1001E000000000000000000000000000000000000F
:1001F00000000000000000000000000000000000FF
:10020000FFFFFFFFFFFFFFFFFFFFFFFFFFFFFFFFFE
:10021000FFFFFFFFFFFFFFFFFFFFFFFFFFFFFFFFEE
:10022000FFFFFFFFFFFFFFFFFFFFFFFFFFFFFFFFDE
:10023000FFFFFFFFFFFFFFFFFFFFFFFFFFFFFFFFCE
:10024000FFFFFFFFFFFFFFFFFFFFFFFFFFFFFFFFBE
:10025000FFFFFFFFFFFFFFFFFFFFFFFFFFFFFFFFAE
:10026000FFFFFFFFFFFFFFFFFFFFFFFFFFFFFFFF9E
:10027000FFFFFFFFFFFFFFFFFFFFFFFFFFFFFFFF8E
:10028000FFFFFFFFFFFFFFFFFFFFFFFFFFFFFFFF7E
:10029000FFFFFFFFFFFFFFFFFFFFFFFFFFFFFFFF6E
:1002A000FFFFFFFFFFFFFFFFFFFFFFFFFFFFFFFF5E
:1002B000FFFFFFFFFFFFFFFFFFFFFFFFFFFFFFFF4E
:1002C000FFFFFFFFFFFFFFFFFFFFFFFFFFFFFFFF3E
:1002D000FFFFFFFFFFFFFFFFFFFFFFFFFFFFFFFF2E
:1002E000FFFFFFFFFFFFFFFFFFFFFFFFFFFFFFFF1E
:1002F000FFFFFFFFFFFFFFFFFFFFFFFFFFFFFFFF0E
:10030000FFFFFFFFFFFFFFFFFFFFFFFFFFFFFFFFFD
:10031000FFFFFFFFFFFFFFFFFFFFFFFFFFFFFFFFED
:10032000FFFFFFFFFFFFFFFFFFFFFFFFFFFFFFFFDD
:10033000FFFFFFFFFFFFFFFFFFFFFFFFFFFFFFFFCD
:10034000FFFFFFFFFFFFFFFFFFFFFFFFFFFFFFFFBD
:10035000FFFFFFFFFFFFFFFFFFFFFFFFFFFFFFFFAD
:10036000FFFFFFFFFFFFFFFFFFFFFFFFFFFFFFFF9D
:10037000FFFFFFFFFFFFFFFFFFFFFFFFFFFFFFFF8D
:10038000FFFFFFFFFFFFFFFFFFFFFFFFFFFFFFFF7D
:10039000FFFFFFFFFFFFFFFFFFFFFFFFFFFFFFFF6D
:1003A000FFFFFFFFFFFFFFFFFFFFFFFFFFFFFFFF5D
:1003B000FFFFFFFFFFFFFFFFFFFFFFFFFFFFFFFF4D
:1003C000FFFFFFFFFFFFFFFFFFFFFFFFFFFFFFFF3D
:1003D000FFFFFFFFFFFFFFFFFFFFFFFFFFFFFFFF2D
:1003E000FFFFFFFFFFFFFFFFFFFFFFFFFFFFFFFF1D
:1003F000FFFFFFFFFFFFFFFFFFFFFFFFFFFFFFFF0D
:10040000FFFFFFFFFFFFFFFFFFFFFFFFFFFFFFFFFC
:10041000FFFFFFFFFFFFFFFFFFFFFFFFFFFFFFFFEC
:10042000FFFFFFFFFFFFFFFFFFFFFFFFFFFFFFFFDC
:10043000FFFFFFFFFFFFFFFFFFFFFFFFFFFFFFFFCC
:10044000FFFFFFFFFFFFFFFFFFFFFFFFFFFFFFFFBC
:10045000FFFFFFFFFFFFFFFFFFFFFFFFFFFFFFFFAC
:10046000FFFFFFFFFFFFFFFFFFFFFFFFFFFFFFFF9C
:10047000FFFFFFFFFFFFFFFFFFFFFFFFFFFFFFFF8C
:10048000FFFFFFFFFFFFFFFFFFFFFFFFFFFFFFFF7C
:10049000FFFFFFFFFFFFFFFFFFFFFFFFFFFFFFFF6C
:1004A000FFFFFFFFFFFFFFFFFFFFFFFFFFFFFFFF5C
:1004B000FFFFFFFFFFFFFFFFFFFFFFFFFFFFFFFF4C
:1004C000FFFFFFFFFFFFFFFFFFFFFFFFFFFFFFFF3C
:1004D000FFFFFFFFFFFFFFFFFFFFFFFFFFFFFFFF2C
:1004E000FFFFFFFFFFFFFFFFFFFFFFFFFFFFFFFF1C
:1004F000FFFFFFFFFFFFFFFFFFFFFFFFFFFFFFFF0C
:10050000FFFFFFFFFFFFFFFFFFFFFFFFFFFFFFFFFB
:10051000FFFFFFFFFFFFFFFFFFFFFFFFFFFFFFFFEB
:10052000FFFFFFFFFFFFFFFFFFFFFFFFFFFFFFFFDB
:10053000FFFFFFFFFFFFFFFFFFFFFFFFFFFFFFFFCB
:10054000FFFFFFFFFFFFFFFFFFFFFFFFFFFFFFFFBB
:10055000FFFFFFFFFFFFFFFFFFFFFFFFFFFFFFFFAB
:10056000FFFFFFFFFFFFFFFFFFFFFFFFFFFFFFFF9B
:10057000FFFFFFFFFFFFFFFFFFFFFFFFFFFFFFFF8B
:10058000FFFFFFFFFFFFFFFFFFFFFFFFFFFFFFFF7B
:10059000FFFFFFFFFFFFFFFFFFFFFFFFFFFFFFFF6B
:1005A000FFFFFFFFFFFFFFFFFFFFFFFFFFFFFFFF5B
:1005B000FFFFFFFFFFFFFFFFFFFFFFFFFFFFFFFF4B
:1005C000FFFFFFFFFFFFFFFFFFFFFFFFFFFFFFFF3B
:1005D000FFFFFFFFFFFFFFFFFFFFFFFFFFFFFFFF2B
:1005E000FFFFFFFFFFFFFFFFFFFFFFFFFFFFFFFF1B
:1005F000FFFFFFFFFFFFFFFFFFFFFFFFFFFFFFFF0B
:10060000FFFFFFFFFFFFFFFFFFFFFFFFFFFFFFFFFA
:10061000FFFFFFFFFFFFFFFFFFFFFFFFFFFFFFFFEA
:10062000FFFFFFFFFFFFFFFFFFFFFFFFFFFFFFFFDA
:10063000FFFFFFFFFFFFFFFFFFFFFFFFFFFFFFFFCA
:10064000FFFFFFFFFFFFFFFFFFFFFFFFFFFFFFFFBA
:10065000FFFFFFFFFFFFFFFFFFFFFFFFFFFFFFFFAA
:10066000FFFFFFFFFFFFFFFFFFFFFFFFFFFFFFFF9A
:10067000FFFFFFFFFFFFFFFFFFFFFFFFFFFFFFFF8A
:10068000FFFFFFFFFFFFFFFFFFFFFFFFFFFFFFFF7A
:10069000FFFFFFFFFFFFFFFFFFFFFFFFFFFFFFFF6A
:1006A000FFFFFFFFFFFFFFFFFFFFFFFFFFFFFFFF5A
:1006B000FFFFFFFFFFFFFFFFFFFFFFFFFFFFFFFF4A
:1006C000FFFFFFFFFFFFFFFFFFFFFFFFFFFFFFFF3A
:1006D000FFFFFFFFFFFFFFFFFFFFFFFFFFFFFFFF2A
:1006E000FFFFFFFFFFFFFFFFFFFFFFFFFFFFFFFF1A
:1006F000FFFFFFFFFFFFFFFFFFFFFFFFFFFFFFFF0A
:10070000FFFFFFFFFFFFFFFFFFFFFFFFFFFFFFFFF9
:10071000FFFFFFFFFFFFFFFFFFFFFFFFFFFFFFFFE9
:10072000FFFFFFFFFFFFFFFFFFFFFFFFFFFFFFFFD9
:10073000FFFFFFFFFFFFFFFFFFFFFFFFFFFFFFFFC9
:10074000FFFFFFFFFFFFFFFFFFFFFFFFFFFFFFFFB9
:10075000FFFFFFFFFFFFFFFFFFFFFFFFFFFFFFFFA9
:10076000FFFFFFFFFFFFFFFFFFFFFFFFFFFFFFFF99
:10077000FFFFFFFFFFFFFFFFFFFFFFFFFFFFFFFF89
:10078000FFFFFFFFFFFFFFFFFFFFFFFFFFFFFFFF79
:10079000FFFFFFFFFFFFFFFFFFFFFFFFFFFFFFFF69
:1007A000FFFFFFFFFFFFFFFFFFFFFFFFFFFFFFFF59
:1007B000FFFFFFFFFFFFFFFFFFFFFFFFFFFFFFFF49
:1007C000FFFFFFFFFFFFFFFFFFFFFFFFFFFFFFFF39
:1007D000FFFFFFFFFFFFFFFFFFFFFFFFFFFFFFFF29
:1007E000FFFFFFFFFFFFFFFFFFFFFFFFFFFFFFFF19
:1007F000FFFFFFFFFFFFFFFFFFFFFFFFFFFFFFFF09
:10080000FFFFFFFFFFFFFFFFFFFFFFFFFFFFFFFFF8
:10081000FFFFFFFFFFFFFFFFFFFFFFFFFFFFFFFFE8
:10082000FFFFFFFFFFFFFFFFFFFFFFFFFFFFFFFFD8
:10083000FFFFFFFFFFFFFFFFFFFFFFFFFFFFFFFFC8
:10084000FFFFFFFFFFFFFFFFFFFFFFFFFFFFFFFFB8
:10085000FFFFFFFFFFFFFFFFFFFFFFFFFFFFFFFFA8
:10086000FFFFFFFFFFFFFFFFFFFFFFFFFFFFFFFF98
:10087000FFFFFFFFFFFFFFFFFFFFFFFFFFFFFFFF88
:10088000FFFFFFFFFFFFFFFFFFFFFFFFFFFFFFFF78
:10089000FFFFFFFFFFFFFFFFFFFFFFFFFFFFFFFF68
:1008A000FFFFFFFFFFFFFFFFFFFFFFFFFFFFFFFF58
:1008B000FFFFFFFFFFFFFFFFFFFFFFFFFFFFFFFF48
:1008C000FFFFFFFFFFFFFFFFFFFFFFFFFFFFFFFF38
:1008D000FFFFFFFFFFFFFFFFFFFFFFFFFFFFFFFF28
:1008E000FFFFFFFFFFFFFFFFFFFFFFFFFFFFFFFF18
:1008F000FFFFFFFFFFFFFFFFFFFFFFFFFFFFFFFF08
:10090000FFFFFFFFFFFFFFFFFFFFFFFFFFFFFFFFF7
:10091000FFFFFFFFFFFFFFFFFFFFFFFFFFFFFFFFE7
:10092000FFFFFFFFFFFFFFFFFFFFFFFFFFFFFFFFD7
:10093000FFFFFFFFFFFFFFFFFFFFFFFFFFFFFFFFC7
:10094000FFFFFFFFFFFFFFFFFFFFFFFFFFFFFFFFB7
:10095000FFFFFFFFFFFFFFFFFFFFFFFFFFFFFFFFA7
:10096000FFFFFFFFFFFFFFFFFFFFFFFFFFFFFFFF97
:10097000FFFFFFFFFFFFFFFFFFFFFFFFFFFFFFFF87
:10098000FFFFFFFFFFFFFFFFFFFFFFFFFFFFFFFF77
:10099000FFFFFFFFFFFFFFFFFFFFFFFFFFFFFFFF67
:1009A000FFFFFFFFFFFFFFFFFFFFFFFFFFFFFFFF57
:1009B000FFFFFFFFFFFFFFFFFFFFFFFFFFFFFFFF47
:1009C000FFFFFFFFFFFFFFFFFFFFFFFFFFFFFFFF37
:1009D000FFFFFFFFFFFFFFFFFFFFFFFFFFFFFFFF27
:1009E000FFFFFFFFFFFFFFFFFFFFFFFFFFFFFFFF17
:1009F000FFFFFFFFFFFFFFFFFFFFFFFFFFFFFFFF07
:100A0000FFFFFFFFFFFFFFFFFFFFFFFFFFFFFFFFF6
:100A1000FFFFFFFFFFFFFFFFFFFFFFFFFFFFFFFFE6
:100A2000FFFFFFFFFFFFFFFFFFFFFFFFFFFFFFFFD6
:100A3000FFFFFFFFFFFFFFFFFFFFFFFFFFFFFFFFC6
:100A4000FFFFFFFFFFFFFFFFFFFFFFFFFFFFFFFFB6
:100A5000FFFFFFFFFFFFFFFFFFFFFFFFFFFFFFFFA6
:100A6000FFFFFFFFFFFFFFFFFFFFFFFFFFFFFFFF96
:100A7000FFFFFFFFFFFFFFFFFFFFFFFFFFFFFFFF86
:100A8000FFFFFFFFFFFFFFFFFFFFFFFFFFFFFFFF76
:100A9000FFFFFFFFFFFFFFFFFFFFFFFFFFFFFFFF66
:100AA000FFFFFFFFFFFFFFFFFFFFFFFFFFFFFFFF56
:100AB000FFFFFFFFFFFFFFFFFFFFFFFFFFFFFFFF46
:100AC000FFFFFFFFFFFFFFFFFFFFFFFFFFFFFFFF36
:100AD000FFFFFFFFFFFFFFFFFFFFFFFFFFFFFFFF26
:100AE000FFFFFFFFFFFFFFFFFFFFFFFFFFFFFFFF16
:100AF000FFFFFFFFFFFFFFFFFFFFFFFFFFFFFFFF06
:100B0000FFFFFFFFFFFFFFFFFFFFFFFFFFFFFFFFF5
:100B1000FFFFFFFFFFFFFFFFFFFFFFFFFFFFFFFFE5
:100B2000FFFFFFFFFFFFFFFFFFFFFFFFFFFFFFFFD5
:100B3000FFFFFFFFFFFFFFFFFFFFFFFFFFFFFFFFC5
:100B4000FFFFFFFFFFFFFFFFFFFFFFFFFFFFFFFFB5
:100B5000FFFFFFFFFFFFFFFFFFFFFFFFFFFFFFFFA5
:100B6000FFFFFFFFFFFFFFFFFFFFFFFFFFFFFFFF95
:100B7000FFFFFFFFFFFFFFFFFFFFFFFFFFFFFFFF85
:100B8000FFFFFFFFFFFFFFFFFFFFFFFFFFFFFFFF75
:100B9000FFFFFFFFFFFFFFFFFFFFFFFFFFFFFFFF65
:100BA000FFFFFFFFFFFFFFFFFFFFFFFFFFFFFFFF55
:100BB000FFFFFFFFFFFFFFFFFFFFFFFFFFFFFFFF45
:100BC000FFFFFFFFFFFFFFFFFFFFFFFFFFFFFFFF35
:100BD000FFFFFFFFFFFFFFFFFFFFFFFFFFFFFFFF25
:100BE000FFFFFFFFFFFFFFFFFFFFFFFFFFFFFFFF15
:100BF000FFFFFFFFFFFFFFFFFFFFFFFFFFFFFFFF05
:100C0000FFFFFFFFFFFFFFFFFFFFFFFFFFFFFFFFF4
:100C1000FFFFFFFFFFFFFFFFFFFFFFFFFFFFFFFFE4
:100C2000FFFFFFFFFFFFFFFFFFFFFFFFFFFFFFFFD4
:100C3000FFFFFFFFFFFFFFFFFFFFFFFFFFFFFFFFC4
:100C4000FFFFFFFFFFFFFFFFFFFFFFFFFFFFFFFFB4
:100C5000FFFFFFFFFFFFFFFFFFFFFFFFFFFFFFFFA4
:100C6000FFFFFFFFFFFFFFFFFFFFFFFFFFFFFFFF94
:100C7000FFFFFFFFFFFFFFFFFFFFFFFFFFFFFFFF84
:100C8000FFFFFFFFFFFFFFFFFFFFFFFFFFFFFFFF74
:100C9000FFFFFFFFFFFFFFFFFFFFFFFFFFFFFFFF64
:100CA000FFFFFFFFFFFFFFFFFFFFFFFFFFFFFFFF54
:100CB000FFFFFFFFFFFFFFFFFFFFFFFFFFFFFFFF44
:100CC000FFFFFFFFFFFFFFFFFFFFFFFFFFFFFFFF34
:100CD000FFFFFFFFFFFFFFFFFFFFFFFFFFFFFFFF24
:100CE000FFFFFFFFFFFFFFFFFFFFFFFFFFFFFFFF14
:100CF000FFFFFFFFFFFFFFFFFFFFFFFFFFFFFFFF04
:100D0000FFFFFFFFFFFFFFFFFFFFFFFFFFFFFFFFF3
:100D1000FFFFFFFFFFFFFFFFFFFFFFFFFFFFFFFFE3
:100D2000FFFFFFFFFFFFFFFFFFFFFFFFFFFFFFFFD3
:100D3000FFFFFFFFFFFFFFFFFFFFFFFFFFFFFFFFC3
:100D4000FFFFFFFFFFFFFFFFFFFFFFFFFFFFFFFFB3
:100D5000FFFFFFFFFFFFFFFFFFFFFFFFFFFFFFFFA3
:100D6000FFFFFFFFFFFFFFFFFFFFFFFFFFFFFFFF93
:100D7000FFFFFFFFFFFFFFFFFFFFFFFFFFFFFFFF83
:100D8000FFFFFFFFFFFFFFFFFFFFFFFFFFFFFFFF73
:100D9000FFFFFFFFFFFFFFFFFFFFFFFFFFFFFFFF63
:100DA000FFFFFFFFFFFFFFFFFFFFFFFFFFFFFFFF53
:100DB000FFFFFFFFFFFFFFFFFFFFFFFFFFFFFFFF43
:100DC000FFFFFFFFFFFFFFFFFFFFFFFFFFFFFFFF33
:100DD000FFFFFFFFFFFFFFFFFFFFFFFFFFFFFFFF23
:100DE000FFFFFFFFFFFFFFFFFFFFFFFFFFFFFFFF13
:100DF000FFFFFFFFFFFFFFFFFFFFFFFFFFFFFFFF03
:100E0000FFFFFFFFFFFFFFFFFFFFFFFFFFFFFFFFF2
:100E1000FFFFFFFFFFFFFFFFFFFFFFFFFFFFFFFFE2
:100E2000FFFFFFFFFFFFFFFFFFFFFFFFFFFFFFFFD2
:100E3000FFFFFFFFFFFFFFFFFFFFFFFFFFFFFFFFC2
:100E4000FFFFFFFFFFFFFFFFFFFFFFFFFFFFFFFFB2
:100E5000FFFFFFFFFFFFFFFFFFFFFFFFFFFFFFFFA2
:100E6000FFFFFFFFFFFFFFFFFFFFFFFFFFFFFFFF92
:100E7000FFFFFFFFFFFFFFFFFFFFFFFFFFFFFFFF82
:100E8000FFFFFFFFFFFFFFFFFFFFFFFFFFFFFFFF72
:100E9000FFFFFFFFFFFFFFFFFFFFFFFFFFFFFFFF62
:100EA000FFFFFFFFFFFFFFFFFFFFFFFFFFFFFFFF52
:100EB000FFFFFFFFFFFFFFFFFFFFFFFFFFFFFFFF42
:100EC000FFFFFFFFFFFFFFFFFFFFFFFFFFFFFFFF32
:100ED000FFFFFFFFFFFFFFFFFFFFFFFFFFFFFFFF22
:100EE000FFFFFFFFFFFFFFFFFFFFFFFFFFFFFFFF12
:100EF000FFFFFFFFFFFFFFFFFFFFFFFFFFFFFFFF02
:100F0000FFFFFFFFFFFFFFFFFFFFFFFFFFFFFFFFF1
:100F1000FFFFFFFFFFFFFFFFFFFFFFFFFFFFFFFFE1
:100F2000FFFFFFFFFFFFFFFFFFFFFFFFFFFFFFFFD1
:100F3000FFFFFFFFFFFFFFFFFFFFFFFFFFFFFFFFC1
:100F4000FFFFFFFFFFFFFFFFFFFFFFFFFFFFFFFFB1
:100F5000FFFFFFFFFFFFFFFFFFFFFFFFFFFFFFFFA1
:100F6000FFFFFFFFFFFFFFFFFFFFFFFFFFFFFFFF91
:100F7000FFFFFFFFFFFFFFFFFFFFFFFFFFFFFFFF81
:100F8000FFFFFFFFFFFFFFFFFFFFFFFFFFFFFFFF71
:100F9000FFFFFFFFFFFFFFFFFFFFFFFFFFFFFFFF61
:100FA000FFFFFFFFFFFFFFFFFFFFFFFFFFFFFFFF51
:100FB000FFFFFFFFFFFFFFFFFFFFFFFFFFFFFFFF41
:100FC000FFFFFFFFFFFFFFFFFFFFFFFFFFFFFFFF31
:100FD000FFFFFFFFFFFFFFFFFFFFFFFFFFFFFFFF21
:100FE000FFFFFFFFFFFFFFFFFFFFFFFFFFFFFFFF11
:100FF000FFFFFFFFFFFFFFFFFFFFFFFFFFFFFFFF01
:10100000D1002043F1150060000000000000000046
:101010002010006000100060000803600000000065
:10102000000000600014030000000000FFFFFFFF4D
:10103000FFFFFFFFFFFFFFFFFFFFFFFFFFFFFFFFC0
:10104000FFFFFFFFFFFFFFFFFFFFFFFFFFFFFFFFB0
:10105000FFFFFFFFFFFFFFFFFFFFFFFFFFFFFFFFA0
:10106000FFFFFFFFFFFFFFFFFFFFFFFFFFFFFFFF90
:10107000FFFFFFFFFFFFFFFFFFFFFFFFFFFFFFFF80
:10108000FFFFFFFFFFFFFFFFFFFFFFFFFFFFFFFF70
:10109000FFFFFFFFFFFFFFFFFFFFFFFFFFFFFFFF60
:1010A000FFFFFFFFFFFFFFFFFFFFFFFFFFFFFFFF50
:1010B000FFFFFFFFFFFFFFFFFFFFFFFFFFFFFFFF40
:1010C000FFFFFFFFFFFFFFFFFFFFFFFFFFFFFFFF30
:1010D000FFFFFFFFFFFFFFFFFFFFFFFFFFFFFFFF20
:1010E000FFFFFFFFFFFFFFFFFFFFFFFFFFFFFFFF10
:1010F000FFFFFFFFFFFFFFFFFFFFFFFFFFFFFFFF00
:10110000FFFFFFFFFFFFFFFFFFFFFFFFFFFFFFFFEF
:10111000FFFFFFFFFFFFFFFFFFFFFFFFFFFFFFFFDF
:10112000FFFFFFFFFFFFFFFFFFFFFFFFFFFFFFFFCF
:10113000FFFFFFFFFFFFFFFFFFFFFFFFFFFFFFFFBF
:10114000FFFFFFFFFFFFFFFFFFFFFFFFFFFFFFFFAF
:10115000FFFFFFFFFFFFFFFFFFFFFFFFFFFFFFFF9F
:10116000FFFFFFFFFFFFFFFFFFFFFFFFFFFFFFFF8F
:10117000FFFFFFFFFFFFFFFFFFFFFFFFFFFFFFFF7F
:10118000FFFFFFFFFFFFFFFFFFFFFFFFFFFFFFFF6F
:10119000FFFFFFFFFFFFFFFFFFFFFFFFFFFFFFFF5F
:1011A000FFFFFFFFFFFFFFFFFFFFFFFFFFFFFFFF4F
:1011B000FFFFFFFFFFFFFFFFFFFFFFFFFFFFFFFF3F
:1011C000FFFFFFFFFFFFFFFFFFFFFFFFFFFFFFFF2F
:1011D000FFFFFFFFFFFFFFFFFFFFFFFFFFFFFFFF1F
:1011E000FFFFFFFFFFFFFFFFFFFFFFFFFFFFFFFF0F
:1011F000FFFFFFFFFFFFFFFFFFFFFFFFFFFFFFFFFF
:10120000FFFFFFFFFFFFFFFFFFFFFFFFFFFFFFFFEE
:10121000FFFFFFFFFFFFFFFFFFFFFFFFFFFFFFFFDE
:10122000FFFFFFFFFFFFFFFFFFFFFFFFFFFFFFFFCE
:10123000FFFFFFFFFFFFFFFFFFFFFFFFFFFFFFFFBE
:10124000FFFFFFFFFFFFFFFFFFFFFFFFFFFFFFFFAE
:10125000FFFFFFFFFFFFFFFFFFFFFFFFFFFFFFFF9E
:10126000FFFFFFFFFFFFFFFFFFFFFFFFFFFFFFFF8E
:10127000FFFFFFFFFFFFFFFFFFFFFFFFFFFFFFFF7E
:10128000FFFFFFFFFFFFFFFFFFFFFFFFFFFFFFFF6E
:10129000FFFFFFFFFFFFFFFFFFFFFFFFFFFFFFFF5E
:1012A000FFFFFFFFFFFFFFFFFFFFFFFFFFFFFFFF4E
:1012B000FFFFFFFFFFFFFFFFFFFFFFFFFFFFFFFF3E
:1012C000FFFFFFFFFFFFFFFFFFFFFFFFFFFFFFFF2E
:1012D000FFFFFFFFFFFFFFFFFFFFFFFFFFFFFFFF1E
:1012E000FFFFFFFFFFFFFFFFFFFFFFFFFFFFFFFF0E
:1012F000FFFFFFFFFFFFFFFFFFFFFFFFFFFFFFFFFE
:10130000FFFFFFFFFFFFFFFFFFFFFFFFFFFFFFFFED
:10131000FFFFFFFFFFFFFFFFFFFFFFFFFFFFFFFFDD
:10132000FFFFFFFFFFFFFFFFFFFFFFFFFFFFFFFFCD
:10133000FFFFFFFFFFFFFFFFFFFFFFFFFFFFFFFFBD
:10134000FFFFFFFFFFFFFFFFFFFFFFFFFFFFFFFFAD
:10135000FFFFFFFFFFFFFFFFFFFFFFFFFFFFFFFF9D
:10136000FFFFFFFFFFFFFFFFFFFFFFFFFFFFFFFF8D
:10137000FFFFFFFFFFFFFFFFFFFFFFFFFFFFFFFF7D
:10138000FFFFFFFFFFFFFFFFFFFFFFFFFFFFFFFF6D
:10139000FFFFFFFFFFFFFFFFFFFFFFFFFFFFFFFF5D
:1013A000FFFFFFFFFFFFFFFFFFFFFFFFFFFFFFFF4D
:1013B000FFFFFFFFFFFFFFFFFFFFFFFFFFFFFFFF3D
:1013C000FFFFFFFFFFFFFFFFFFFFFFFFFFFFFFFF2D
:1013D000FFFFFFFFFFFFFFFFFFFFFFFFFFFFFFFF1D
:1013E000FFFFFFFFFFFFFFFFFFFFFFFFFFFFFFFF0D
:1013F000FFFFFFFFFFFFFFFFFFFFFFFFFFFFFFFFFD
:10140000824205D051F8043B40F8043B8242F9D8AF
:10141000704700BF044A05494FF0000342F8043BFF
:101420009142FBD8704700BFC0B200206018022074
:1014300008B5BFF34F8F00F06FF9544C544B0820A0
:101440005449C3F85401544AC3F800115348C3F82F
:10145000F0405349FFF7D4FF524A53495348FFF72E
:10146000CFFF534CFFF7D6FF4FF470004FF0E02151
:101470000023504AC1F8880D44F823200133B02BD3
:10148000FAD14D4B80214D4A03F8011B9342FBD109
:101490004FF0E0254A4E4B4A4FF0FF31C5F8084D5A
:1014A000D5F8243D43F4E023C5F8243DF36923F047
:1014B0007F0343F04003F361736A23F07F0343F03B
:1014C000400373629166D1661167516700F02CF991
:1014D0003D4A3E4BA2636322E36300246A61032317
:1014E0003B4AAC612B61C5F8202DD5F8FC2D394B5A
:1014F00042F080723849C5F8FC2D1A6842F00102AA
:101500001A605B680B6000F0DFFA344800F050FCB2
:10151000F16E334B334A41F44051F1661C60C3F81D
:101520000841C3F81841C3F82841C3F83841936B08
:10153000DB0708D442F615632B4951651365936B9D
:1015400043F001039363274A284C936843F0011347
:10155000936000F077F900F05FF800F02DFC00F0E8
:10156000E5FA00F0DBF82368132BFCD900F07AFBD6
:101570002368B3F5967FFBD300F0D4F800F0D0F8E1
:1015800000F02AFC00F030FC30BFFDE70C0D111319
:1015900000800D401B101820E83002000000000001
:1015A000A4200060C0B20020905102600000002022
:1015B00000B0002065E0000000E400E0A0E400E0EE
:1015C00000C00F4000C00A40E1C10000E5C10000BA
:1015D00000002020001000E0C81702200046C323AE
:1015E0000040084000400D400000C056CC170220CB
:1015F000054B4FF42A01054A05485A641864054A08
:1016000099639546FFF714FF00C00A40FFABAAAAF2
:1016100007002000008005200F4B40F2376C0F4A76
:10162000A020D96E41F44031D966D96E41F44071A1
:10163000D966C2F844C09064936C1B06FCD4084A77
:1016400040F23761A02351649364936C13F08003DC
:10165000FBD1044A1370704700C00F4000400C409B
:1016600000800C4018180220294A00210123C2F8EA
:10167000A000C2F8A410C2F8B0305369D907FCD555
:1016800001234FF4803C22495361C2F8A000C2F804
:10169000A4C0C2F8B0304B69DB07FCD501234FF47E
:1016A000003C1B4A4B61C1F8A000C1F8A4C0C1F8BE
:1016B000B0305369D907FCD50123DFF858C014496D
:1016C0005361C2F8A000C2F8A4C0C2F8B0304B69A0
:1016D000DB07FCD5D1F8003145F60D504FF0210C59
:1016E0009AB2C1F814C0824210D045F69D518A4288
:1016F0000AD1C3F34253032B08D0A3F10403B3FA76
:1017000083F35B0918017047002070470820704779
:1017100000402A4004000300704700BF704700BF2C
:10172000704700BF00BF70474FF0E02300214FF02B
:10173000100C3448C3F8941DC3F89CCD4FF0110C25
:10174000C3F8A00D3048C3F89CCD4FF0120CC3F87D
:10175000A00D2E48C3F89CCD2D4AC3F8A00DDFF88C
:10176000D0C042F015022B48C3F89CCDC3F8A00DA1
:10177000DFF8C0C02848C3F89CCDC3F8A00DDFF83F
:10178000B8C0C3F89C2D2548254AC3F8A0CDC3F89E
:101790009C0DC3F8A02D02F5A022DFF8A0C00C32EA
:1017A0002048C3F89CCDC3F8A02D1F4AC3F89C0D58
:1017B000C3F8A02D02F14062DFF884C002321B485A
:1017C000C3F89CCDC3F8A02D0A32C3F89C0DC3F812
:1017D000A02D00BF00BF00BF00BF00BF0122C3F8A3
:1017E000942DBFF34F8FBFF36F8FC3F8501FBFF31C
:1017F0004F8FBFF36F8FD3F8142D42F44032C3F8EC
:10180000142D70473F000010250008070900100044
:10181000601802202100020725000813160020206E
:1018200027000B13180000602F000B071A00008020
:1018300013002000140000200900001017000040D1
:101840001900007030B5864B85B0DFF874E21822BD
:10185000844D0120C3F85CE28349C3F86052A5F5CA
:101860008055DFF860C2814CC3F864E2C3F8685267
:101870002125C3F86CC2C3F870C2C3F874C2C3F8A0
:1018800078C248F20C7CDA661A675A679A67DA6798
:10189000C3F88020C3F88420C3F88820C1F82C0343
:1018A000734AC1F83003C1F83403C1F83803C1F8F2
:1018B0003C03C1F85003A1696E4B0A406E486F4962
:1018C00013436F4AA361D4F8843043F00C03C4F887
:1018D00084304FF0FF34036843F002030360036871
:1018E00003EA0C031A43674B026044608A68664C43
:1018F0001340664A43F000538360C36823F07803C3
:10190000C360036A23401A43604B0262026A2240AA
:101910005F4C1343002243628462C46240F2056458
:10192000D1F8B83023F03F0343F00103C0F8B830DA
:10193000D1F8BC30574923F03F0343F00103C0F80E
:10194000BC3002610567C0F880404567C0F884403C
:101950000224036823F00203036081614E4B4F4968
:10196000C46143F8042B8B42FBD1434C236843F002
:1019700001032360256815F00105FBD145480222CB
:1019800040F2F561A06140F29940E26140F26642A6
:10199000C4F8001242F20141C4F81022404AC4F8CF
:1019A0002002C4F8302240F23542C4F834123D48D7
:1019B000C4F840223C4AC4F850022846C4F85422D5
:1019C00042F201223949C4F86012C4F86422FFF7D8
:1019D0004BFE0246002839D0810201234FF48020BB
:1019E00021662549C4F8A050C4F8A400C4F8B0305A
:1019F0004B69D807FCD515050124039228464C6194
:101A0000FFF732FE039A2A4B0244D2B21A7080B119
:101A1000194980024FF4802348660846C1F8A05057
:101A2000C1F8A430C1F8B0404369DB07FCD50123FD
:101A3000436120490024204801230094401A00EB10
:101A400002521E4800F0C0F905B030BD1B4B1849CA
:101A500018600870D860C3E9010005B030BD00BF50
:101A600000801F40F910010000841F4000C00F409B
:101A7000FFFCFF1F0003008000402A4000802A4036
:101A80001200FFFFFF37F70000FFF07C40000080EE
:101A9000FF000F83F05AF05A00422A4000432A40C8
:101AA0009F041830EB06180A063201263806180A79
:101AB0001A1802200000007000000070E475012078
:101AC000F9B00100F970010010B5174A4FF48054C5
:101AD0004FF4005E4FF4404C4FF4803043F242012B
:101AE000136913F0020F0DD113F4005F0FD013F43C
:101AF000805F0FD0002BF3DA13F4803F0CD15B062C
:101B00000ED510BDC2F818C050619161E8E7C2F867
:101B100014E0E5E75461E3E74FF480339361DFE7D6
:101B200040235361DCE700BF00800D40414A0320A1
:101B30004149F3EE095AD2F880309FED406A23F014
:101B400001039FED3F5ADFF814C100B5C2F88030A1
:101B5000C2F89000D1F8E010DFF804E1CBB23948C8
:101B6000CEF8003007EE903A0B0DC1F30B21F8EEE2
:101B7000E77A06EE903A07EE101A334BB8EEC77AC2
:101B8000CCF80010F8EEE66A304937EEC66A37EE58
:101B9000C55A76EEC76A77EEE57A26EE266AC3ED79
:101BA000006A25EE265AD2F8803067EEA64AC0EDCC
:101BB000007AC6EE275A264885EE276AC4EEA76A41
:101BC00075EE875AFCEEE55A36EE076A15EE90CAB6
:101BD000BCEEC66A43EA0C5376EE877AC2F88030D0
:101BE00016EE103AD2F890C1FCEEE77A01EA034112
:101BF00041EA0C014FF0000C17EE903AC2F8901138
:101C0000C3F30B03D2F890110B431249C2F8903181
:101C1000D2F8803043F00203C2F880300E4B80F8D7
:101C200040C0C1F840314FF0E0230122C3F8082141
:101C300000BD00BF00810D4000441F400000AA42CB
:101C40000000B4423C170220401702200000FF0FA2
:101C500000E400E000B0002049E200003417022058
:101C600038170220314B40F6617210B5C3F82021BD
:101C700040F2044400F0ACF82D4A2E49D2F88030EE
:101C80002D4843F00303C2F880302C4BC1F860416B
:101C900002681A4203D1D1F8A8319A071BD0254A0D
:101CA0004FF00041244B5963D2F8403143F0020316
:101CB000C2F84031D2F840319B07FBD44FF40030DA
:101CC0004FF0E0211C4B4FF00042C1F88C0219206C
:101CD0009A6300F075F8184B0021164C4FF08042C3
:101CE0000A209A634FF420721960C4F8A8011448BE
:101CF00000F076F84FF4800203464FF4810040F282
:101D000043111860C4F858311A640E4B0E4AC4F8D7
:101D10004811C3F804224FF0E0224FF400310123B0
:101D2000C2F80C11C4F8403110BD00BF00800D4056
:101D300000C00F4000002E4000900D40001C1E000F
:101D40000000002000B000204DE4000008B50E4B5C
:101D50001B6E9B0700D4FBBE72B60C4B00200C4AD6
:101D6000C3F8400103F160430A49A3F55F231164FE
:101D70009D46BFF34F8F4FF40013074A0748DB69B6
:101D800002609B68984700BF00441F4000002E403F
:101D900000C00A4003002000000012EB0080202059
:101DA000F8B500BFF8BC08BC9E46704700000000B4
:101DB0005FF800F0EDCE00005FF800F071DF00008A
:101DC0005FF800F001D200005FF800F0E1F40000DD
:101DD0005FF800F0B9EB00005FF800F0DDA1010052
:101DE0005FF800F0B59B01005FF800F071D90000CA
:101DF00005010000DD0100004D050000490600005E
:101E0000E1090000490C0000290E0000CD1400007B
:101E1000F1160000F5170000351C0000D520000069
:101E20001D240000CD260000A12700007D28000011
:101E3000052F0000294F00006D820000858D0000F5
:0C1E400089900000A5C00000F13F0100E7
:101E4C006CC00F40030000000E0D0000B54F0000E9
:101E5C002A360000140000001300000001000000EE
:101E6C00F4841F402B32000014000000130000000B
:101E7C0001000000F8841F402D3100001400000008
:101E8C001300000001000000F0841F402CFFFF0035
:101E9C001400000000000000000000000100000021
:101EAC0000000000EC841F40000000000000000057
:101EBC006CC00F4030000000100F0000B54F000048
:101ECC0001270000170000001200000000010000B4
:101EDC0014851F401AFF00001200000000000000D3
:101EEC000100000018851F401BFF000012000000BD
:101EFC00000000000100000010851F400026FF00BC
:101F0C00170000001200000000000000010100009A
:101F1C00010000000C851F400C851F4000000000D4
:101F2C006CC00F40C0000000504F000089500000F2
:101F3C000CFF000013000000000000000000000077
:101F4C0024851F400BFF0000130000000000000060
:101F5C000000000028851F400DFF0000130000004A
:101F6C00000000000000000020851F400A2524000E
:101F7C001300000012000000120000000102030018
:101F8C000000000000000000000000000000000045
:101F9C0016035500530042002000530065007200E8
:101FAC00690061006C0000001803540065006500B6
:101FBC006E00730079006400750069006E006F009C
:101FCC000403090409026200030100C032080B007B
:101FDC0002020201000904000001020201000524B2
:101FEC000010010524010101042402060524060049
:101FFC00010705820310001009040100020A000009
:10200C000007050302400000070584024000000998
:10201C0004020002FF6AFF0007058102400001076D
:10202C00050102400001000009026200030100C02A
:10203C0032080B0002020201000904000001020236
:10204C0001000524001001052401010104240206ED
:10205C000524060001070582031000050904010090
:10206C00020A0000000705030200020007058402B3
:10207C000002000904020002FF6AC7000705810282
:10208C000002010705010200020100000A0600021D
:08209C00EF0201400100000009
:1020A400000000000000000000000000000000002C
:1020B400000000000000000000000000000000001C
:1020C400F8B54FF084439D695A6915400DD0254FEA
:1020D40001269D6195FAA5F4B4FA84F457F82430E6
:1020E40006FA04F49847A543F4D11F4B9D695A6935
:1020F40015400DD01D4F01269D6195FAA5F4B4FA43
:1021040084F457F8243006FA04F49847A543F4D12C
:10211400174B9D695A6915400DD0164F01269D61D4
:1021240095FAA5F4B4FA84F457F8243006FA04F4C2
:102134009847A543F4D1104B9D695A6915400DD0B9
:102144000E4F01269D6195FAA5F4B4FA84F457F86C
:10215400243006FA04F49847A543F4D1BFF34F8F13
:10216400F8BD00BF08AA00200040004288AA002051
:102174000080004208AB002000C0004288AB002071
:102184000548064B1B1AD90F01EBA301491002D0D5
:10219400034B03B118477047C0B20020C0B20020FF
:1021A4000000000008B5054B1BB105490548AFF315
:1021B4000080BDE80840FFF7E3BF00BF0000000057
:1021C400989601200014036010B5254A00F5A04339
:1021D40000F5005482B0C3F83C2394F8B02BFD2AD8
:1021E40038D007D9FE2A2FD01E4802B0BDE81040CF
:1021F40008F098B87AB1012A05D11B4802B0BDE8AD
:10220400104008F08DB8194808F0AAF8002384F8A3
:10221400B03B02B010BD0190154808F083F8019B53
:1022240042F65C4207219A181046019209F016F909
:1022340064200DF035F80821019809F00FF9012305
:1022440084F8B03B02B010BD0A4802B0BDE81040AB
:1022540008F068B8084802B0BDE8104008F060B85B
:10226400BC060020B406002080060020C006002022
:102274007406002094060020880600200DF036B96C
:1022840010B500F5005482B094F8B03B023B062B25
:1022940000F2D880DFE803F00D273A40464C0400F2
:1022A400002100F023FA10B1022384F8B03B02B0FD
:1022B40010BD0090664808F033F80E21009802F033
:1022C40055FD00283AD0634808F02CF8009A012103
:1022D40002F5A043104683F8A81300F0D3FB0423AF
:1022E40084F8B03BE3E70021009000F081F9002876
:1022F400DDD0009A02F5A04393F89433002BD3D099
:1023040002F5E042012382F80934CDE7002100F010
:10231400B9FB0028C8D1CAE7002101F029F9002837
:10232400C2D1C4E7002100F0E1FC0028BCD1BEE723
:10233400002100F0CBFD0028B6D1B8E70D210098AC
:1023440002F014FDB0B91021009802F00FFDB8B1ED
:10235400414807F0E7FF4FF0030C009A012102F512
:10236400A043104683F8A8C300F08CFB042384F830
:10237400B03B9CE7394807F0D5FF4FF0020CECE77F
:102384001421009802F0F2FC50B1354807F0CAFF5E
:102394000121009800F02CF9032384F8B03B86E770
:1023A4001B21009802F0E2FC88B12E4807F0BAFF26
:1023B400009A4FF0040C012102F5A043104683F863
:1023C400A8C301F0D5F8052384F8B03B6FE71C21BE
:1023D400009802F0CBFC009A50B1234807F0A2FF0A
:1023E4000121009800F072FD072384F8B03B5EE7FA
:1023F400019018211046009202F0B8FC80B11B48ED
:1024040007F090FF009A019B012102F5A04C1046B1
:102414008CF8963300F06AFC062384F8B03B46E758
:102424001D21009802F0A2FC00283FF440AF1048A0
:1024340007F078FF0121009800F058F9082384F888
:10244400B03B34E70B4802B0BDE8104007F088BF4A
:10245400D8060020E8060020180700200007002006
:102464002C070020440700205C0700206C07002094
:102474008007002090070020F0B50446524B00F579
:10248400A04683B004F50055C6F83C3303F028FB9E
:1024940095F8B03B0A2B09D80A2B36D8DFE803F0AD
:1024A4004753353535353535355E3300FE2B68D029
:1024B400FF2B30D0FD2B28D144484FF0000707F004
:1024C4004FFF03224249204602F09EFE42F6A80333
:1024D400E3181846019308F0F7FC002342F65C4029
:1024E4000821A6F87D33201886F8A87308F0B6FFF3
:1024F400002301980A22032108F07EFD092386F8AF
:102504007C7385F8B03B03B0F0BD204603B0BDE852
:10251400F040FFF7B5BE42F65C400821201808F0F1
:102524009DFF2C4803B0BDE8F04007F0FBBE2A48ED
:1025340004F5E04407F0F6FE012384F8093485F835
:10254400B03B03B0F0BD254807F0EAFE95F8B13B77
:10255400002BD8D0022385F8B03BD4E7204807F0FD
:10256400DFFE96F87C33D3B10C21204602F0FEFB4B
:102574000028C8D01B4807F0D5FE002385F8B03BDF
:10258400C1E7194807F0CEFE42F65C400821201846
:1025940008F064FF0A2385F8B03B03B0F0BD0321C3
:1025A400204602F0E3FB0028DED042F6A8000A220F
:1025B40000230321201808F01FFD42F65C40082187
:1025C400201808F04BFFCFE750080020C807002070
:1025D400E007002048080020A8070020B4070020D6
:1025E400FC0700200C080020280800200CF07EBF07
:1025F40030B5054683B0344CA1B100232370334871
:1026040007F090FE002305F5A042314905F5E045A9
:1026140082F8943301220B7085F8E0332270002095
:1026240003B030BD2278022A19D03FD8002AE6D060
:1026340042F694600121281808F010FF42F6A80021
:10264400002306220721281808F0D6FC204B1B780B
:102654007BBB204807F066FE02232370DFE700F50A
:10266400E04393F8E033ABB90721CDE9002302F04E
:102674007DFB0028D3D0DFF858C09CF80010DDE9BA
:102684000023D1B9012514488CF8005007F04AFE04
:102694002570C4E7114805F5A045009107F042FEF6
:1026A4000B4A0123009985F894331170012003B07B
:1026B40030BD0B4807F036FECEE70A4928468CF8B1
:1026C400003002F0A1FDF1E70318022054080020B5
:1026D400091802209C080020E0080020C4080020FB
:1026E400740800200C0900200CF000BFF0B504466B
:1026F40087B0B14D09B100232B701221204602F09E
:1027040035FB2B7858B9062B00F24181DFE813F032
:1027140024006C00A800C300DC000A012201A74ABF
:102724004FF00001062B11704FF00001A44A116014
:1027340000F02481043B012B02D8002007B0F0BD37
:102744000122A049204602F05FFD9F4A04234FF076
:1027540000012B701170F0E704F5A043B3F8BA231D
:102764001F46002A00F05381B3F8B803002800F094
:10277400548104F54053C2EB0212B3F870120029DD
:1027840008BF0146B1EB022F00F2FC80B3F86022CF
:102794004FF00006B3F858120132A3F86022884BB8
:1027A400ADF81620022218600DF11600834B1E703E
:1027B400854B1E700DF078F804F5005387F8966386
:1027C4001A6FC7F89C23DA6EC7F8A0235B6FC7F8AB
:1027D400A43304F0ABFF014642F69460201809F0DC
:1027E400BFFC01232B70A8E704F5405304F5A04671
:1027F400734AB3F8701237461068B6F8BA2361B159
:1028040002F1010C1FFA8CFC8A4228BF61468842FF
:1028140003D9A0EB010C944500D881B24FF000001D
:1028240093ED630AA7F8910342F69460201893F994
:10283400E041029493F9C041019493F9F04100946A
:10284400624C93F9D031218009F024FC604941F2B3
:102854007073604A08680221C318297013606CE71A
:1028640004F5A04393F89133002B40F09280584A2A
:10287400584912680968521A9A42FFF65EAFDFF8A7
:1028840048C19CF80020002A40F0E18001238CF824
:1028940000302B7051E74E4B4F4A1B6812689B1A4D
:1028A400002BFFF64AAF464A0424484813680088C0
:1028B400424998422C7094BF1B1ADB1A181E18BF89
:1028C40001200870136038E73F4B1B7893B93B4BEA
:1028D40042F6B2301B782018002B00F096803F4B54
:1028E40006463F4A652118F06BFF01223146204617
:1028F40002F08AFC04F5A042002104F5405342F69C
:10290400946082F8921393ED630A201809F008FC8E
:102914002F4941F270732F4A08680521C3182970A2
:1029240013600AE704F5A04393F892C3BCF1000FC7
:102934005CD1274B274A1B6812689B1A6345FFF634
:10294400FCAE214B1A78002A79D101210422197096
:102954002A70F2E60021204600F0C8F900283FF46E
:10296400ECAE04F5A04393F89533002B5BD0134BE6
:102974001B78002B5DD001232B70DEE6194807F08D
:10298400D1FCDAE602221849204602F03DFC01207F
:10299400D4E60F4B4FF47A700C491B68098803F591
:1029A400FA63094A00FB013303210B482970002113
:1029B40003601170C1E600BF041802201018022041
:1029C4004C720120A80900200A180220F4170220E2
:1029D400CC170220507201204872012030090020D7
:1029E400C80A00206C090020400A00201C4A00216B
:1029F40020461170012193F896230A4483F8962304
:102A040000F074F906232B7097E6164B68E7022250
:102A14001549204602F0F8FBB9E702221349204683
:102A240002F0F2FBB3E702221149204602F0ECFB6C
:102A3400ADE701220F49204602F0E6FBA7E7022298
:102A44000D49204683F800C002F0DEFB9FE7022216
:102A54000A4920468CF8003002F0D6FB97E700BF05
:102A64000A18022054090020C4090020040A002086
:102A7400380B00207C0B0020EC0A0020880A002080
:102A84000CF034BD70B5044682B0874DD9B1002333
:102A94002B704FF0020204F500530321204683F803
:102AA400172C164602F032FB42F6A8003C22002303
:102AB400201804212E7008F09FFA7C4807F032FC9D
:102AC400002002B070BD2B78062B25D801A252F845
:102AD40023F000BFF3090000F30900007F0A00009F
:102AE400D30A0000A90A0000F50A0000510A0000F8
:102AF40000F5005393F8193C012B00F0C88023B172
:102B0400062102F033F90028DAD0694807F028FCDE
:102B14000021204602F0FAFA012002B070BD00F54F
:102B2400A04393F88C331E46002B54D000F5005478
:102B3400012384F8173C03215E4B00225E48297070
:102B44001A7007F0EFFBBBE700F5A04292F87D3363
:102B5400002B72D10521204602F008F90028AFD0DD
:102B6400544B1A78002A5DD10121032219702A706E
:102B7400A6E700F5A04393F87D33002B41D0022251
:102B84004E49204604F5005402F03EFBFD2384F830
:102B9400B03B95E7112102F0E9F8002847D119214B
:102BA400204602F0E3F800285FD104F5A04393F82F
:102BB4007D33002B84D12046414B0122414902F050
:102BC4008DFD42F6A80006213C220023201829701E
:102BD40008F012FA74E700F5005393F8173C012B40
:102BE400A9D0002B3AD0042102F0C0F800283FF409
:102BF40067AF304B1A78002A4DD101221A702A701F
:102C04005EE702F017FC50B1042342F6A800052148
:102C14000A222B702018002308F0EEF950E7022254
:102C24002949AEE70020022228491870A9E70122A9
:102C34002749204602F0E8FA6EE72648019207F099
:102C440071FB019A42F6A80000231921D2F88023CF
:102C5400201808F0D1F905232B707BE7154D0222CB
:102C64001D492B7002F0D0FA56E71C4B2046032274
:102C7400144902F033FD42F65C400721201804F5A4
:102C8400005408F0EBFBFD2384F8B03B18E714482C
:102C940007F048FB40E702221249204602F0B4FA4A
:102CA400044B1E7038E700BF0F180220AC0B002045
:102CB400F00C00200B180220B80B0020F80B0020A9
:102CC400B40C0020A80C0020200C00204C0C002088
:102CD400680C0020340C0020C00B0020800C002065
:102CE400D80C0020E00B00200CF000BC70B59CB0A8
:102CF40071B16E4C00236E4A6E4900F5A04013700A
:102D040001220B70A0F88E33227000201CB070BD1D
:102D1400664C05462378052B00F2C28001A252F8C6
:102D240023F000BF550C0000C70C0000D30C0000BA
:102D3400E30C0000130D00009D0C000000F500538F
:102D440093F8193C012B08D0002B44D15A4807F0C2
:102D540007FB0021284602F0D9F9564A0021032333
:102D640011702370D1E70121FFF742FC0223237085
:102D7400CBE70021FFF73CFC0028C6D003232370D7
:102D8400C3E742F694600221281808F067FB42F674
:102D9400A800062200232818082108F02DF905F5BB
:102DA400A0450023042285F88D3385F890332270E2
:102DB400ABE700F5A04393F88D2392B993F89013F1
:102DC400002942D193F88E2316467AB3032283F85E
:102DD4008E13227099E7062101F0C8FF0028B5D1AF
:102DE40093E7002205A883F88D23314A1378013331
:102DF400137009F0DDFD05F5005305A83022D3F862
:102E0400A41F039309F0EEFD039B58BB284B2846EF
:102E1400197802F0D9FB052342F6A8000621237095
:102E24003C222818002308F0E7F86EE708210393F2
:102E340001F09CFF00283FF468AF1E490A782ABBC2
:102E4400012203230A7023705FE783F890231B4851
:102E5400039307F067FA0122039B83F8952301206B
:102E64001CB070BD42F6B230B3F89E3FBDF81420DA
:102E74006521281800930E4B06461B780192104AD0
:102E840018F09EFC304607F04DFABFE70E700222A0
:102E940028460C4902F0B8F9039B83F89563DEE7F2
:102EA40000F5A045002385F89533D8E707180220DC
:102EB400001802200C180220F00C0020440D002001
:102EC400040D00205C0D00200CF010BBF0B505468D
:102ED40083B0C84CD9B1002323704FF0020205F52A
:102EE40000530321284683F8172C164602F00EF9E6
:102EF40042F6A8003C22002328180421267008F07A
:102F04007BF8BD4807F00EFA002003B0F0BD23782B
:102F1400142B3ED801A252F823F000BF3B0E000050
:102F24003B0E000095110000FB0F0000D10F0000C4
:102F3400B90F0000CD110000A7100000C31100005C
:102F44008D0F0000D9100000C7100000F51000001C
:102F54009F0F00007D100000471000003B1100008F
:102F6400630F0000290F0000F70E0000D10E0000CF
:102F74000021FFF7BBFE0028C6D005F5A04393F857
:102F84009533002B00F0488201229C49284602F028
:102F94003BF90120B9E700F5A04393F892C3BCF1D3
:102FA400000F40F01E82964B964A1B6812689B1ACB
:102FB4006345A9DB944B1A78002A40F04E82012124
:102FC4001222197022709FE78F4B1B78002B00F0A0
:102FD400038205F5A042002105F5405342F69460B2
:102FE40082F8921393ED630A281809F099F884493A
:102FF40041F27073834A08681321C3182170136067
:1030040082E700F5A04393F87C231646002A00F0DB
:103014004B817E48019307F085F900227A481221FA
:10302400019B027083F87C2321706DE7192101F064
:103034009DFE002800F0C8810A23237064E7002164
:1030440000F096FA00283FF45FAF01212846FFF70D
:10305400CFFA0B23237057E7162101F087FE0028CF
:103064003FF452AF0621684B002221701A704BE7DF
:1030740000F5A04393F89133002B00F03A8100F55A
:103084004052052342F6A800162123700023B2F80B
:103094001022281807F0B0FF36E700F5405200F57B
:1030A400A043002192ED407AD2ED3B7A77EEC76AD5
:1030B400C3EDEB7AC3EDEC6AD2ED457A524A77EE72
:1030C400877A83F891131170C3EDED7A01F0C8FE8D
:1030D40042F6A800002306220A21281807F08CFFD4
:1030E4000423237010E74A4807F01AF905F5A042B3
:1030F40092F87D33002B40F03C810521284601F0F5
:1031040035FE00283FF400AF3F4B1A78002A40F008
:10311400898101210E2219702270F5E63D4807F0DD
:10312400FFF805F5A04393F87D33002B00F0D08021
:1031340002223949284605F5005502F065F8FD23B9
:1031440085F8B03BE0E6354807F0EAF81321284655
:1031540001F00CFE00283FF4D7AE314807F0E2F846
:1031640008232370D0E60021FFF742FA00283FF439
:10317400CBAE0C232370C7E62A4807F0D1F803210D
:103184000E2205F5A045204B2270002285F8A813D5
:103194001A70B9E600F5405292F84032002B40F024
:1031A400F980214892F83012037801310133DBB2FF
:1031B4009942037000F02D81D2F8281105F5A0433F
:1031C4002846C3F8AC130121D2F83C21C3F8B0233C
:1031D40000F0CEF90D23237096E6144807F0A0F80A
:1031E4001121284601F0C2FD002800F09780022238
:1031F4000F499FE705180220AC0B00204C1000205B
:10320400CC170220547201200D180220480F002010
:10321400380E0020240E0020F80B00202C0F002074
:10322400380F0020E00D0020011802204C0E002071
:10323400600E0020B44807F073F805F5A04393F836
:103244008C331E46BBB105F50055012385F8173CA8
:103254000321AE4B0022AE4821701A7007F062F8C9
:1032640052E6AC4807F05CF8012189E7AA4807F068
:1032740057F8022184E705F5005393F8173C012B16
:10328400E6D0002B00F0B8800421284601F06EFD42
:1032940000283FF439AE9D4B1A78002A40F0E480B0
:1032A40001221A7022702FE6032101F05FFD00282D
:1032B4003FF42AAE954B1A78002A40F0CA8042F6B1
:1032C4005C400122082128181A7008F0C7F81BE690
:1032D400284602F0AFF8002800F098800F2342F649
:1032E400A80005210A2223702818002307F084FE71
:1032F4000AE60A21019301F039FD00283FF404AEE7
:10330400DFF808C2019B9CF80020002A40F0B4803A
:10331400012203238CF800202370F5E519212846A7
:1033240001F024FD002840F0828005F5A04393F8C5
:103334007D231746002A7FF4E7AD7848019306F011
:10334400F1FF019B93F8A823022A00F09D80032A31
:1033540000F0CD80012A00F0BA80714B2846032288
:10336400704902F0BBF905F50055FD2385F8B03B23
:10337400CAE56D48019206F0D5FF019A42F6A8000D
:1033840000231921D2F88023281807F035FE1023D2
:103394002370B2E642F65C430C21C318184601932D
:1033A40008F05CF864200BF07BFF0821019808F01A
:1033B40055F842F6A80000230A220321281807F032
:1033C4001BFE112323709FE51A21284601F0CEFC31
:1033D40000287FF431AE97E50122544901F014FF2F
:1033E400F7E50022012183F89623484B1A70FFF772
:1033F4007DFC1423237087E502224D49284601935E
:1034040001F002FF414A019B1370C2E502224949BF
:1034140090E6032248498DE602224849284601F0F5
:10342400F3FEB6E5002002224549187082E6454BBA
:10343400284603223B4902F051F942F65C40072139
:10344400281805F5005508F009F8FD2385F8B03B68
:103454005AE502223C491E706CE602223B4983F87D
:1034640000C001F0D1FE94E502223949284601F05A
:10347400CBFE264B1E708CE50222364928468CF87A
:10348400003001F0C1FE84E5334B01222549284672
:1034940002F024F905F5405642F6A8003B46B6F87A
:1034A40000221321281807F0A7FD48B342F6B230D2
:1034B400B6F80032294A6521281818F081F942F635
:1034C400B230281806F02EFF072323701CE5244B86
:1034D4002846144902F002F942F6A80000233C22CF
:1034E4001A21281807F088FD092323700CE51D4BC9
:1034F400012128461F70FFF77BF80B23237003E597
:103504000322194916E600BF880D00200D18022079
:10351400B80B0020D40D0020C40D0020840E002020
:10352400000F0020A80C0020340C0020900F002075
:10353400C00B0020200C0020EC0D00201C100020EB
:103544004C0C0020800C00206C0F0020D00F0020B9
:10355400E00B0020980D0020940E0020B00E0020F7
:10356400E40E002001180220C80E00200BF0BEBF9C
:1035740030B5044683B07E4DC1B101230D212046F0
:103584002B7001F009FC42F6A8001E2200230F2133
:10359400201807F031FD42F6A8003C220023142134
:1035A400201807F029FD002003B030BD2B78062B2E
:1035B40000F29F8001A252F823F000BFDB14000048
:1035C4006D1500008B150000B7150000DF15000015
:1035D400FB1500003915000000F5405393F8403204
:1035E400002B7BD10721019301F0C0FB0028DAD026
:1035F400DFF880C1019B9CF80020002A40F0B080D5
:10360400012205238CF800202B70CCE70D2101F05A
:10361400ADFB00286FD0022304F5A044554A0021D5
:103624002B7084F8A8331170BDE700F5A04393F81C
:103634007D33002B76D1204601F0FCFE00283DD0DE
:10364400032342F6A80005210A222B702018002328
:1036540007F0D2FCA7E700F5A04393F87D33002BD5
:103664005AD10521204601F081FB00289BD0414B13
:103674001A7872BB0121022219702A7093E7112172
:1036840001F074FB002857D104F5A04494F87D336D
:10369400002B88D101232B7085E742F69460012129
:1036A400201807F0DBFE42F6A800002306220721BB
:1036B400201807F0A1FC06232B7074E702222E4980
:1036C400204604F5005401F09FFDFD2384F8B03B2F
:1036D40069E70020022229491870F1E700F5E04368
:1036E400012242F65C400C2183F80924201807F0DB
:1036F400B5FE012058E701900F21204601F036FB6A
:1037040000B3022204F5A0440421019B2A70194A43
:1037140084F8A813137046E7194806F003FE04233F
:103724002B709EE70222174901F06EFDFD2204F57D
:10373400005383F8B02B7EE701221349204601F0A1
:1037440063FDD6E701901421204601F00FFB002809
:103754003FF429AF0521074B019A29701A7022E71B
:1037640002220A4920468CF8003001F04DFDC0E7E2
:10377400021802200E180220200C00204C0C0020FD
:10378400340C0020F80B0020680C00200C090020E9
:103794000BF0ACBE70B50446354B00F5A04604F5FD
:1037A4000055C6F83C3302F09BF995F8B03B032B67
:1037B40006D8013B022B50D8DFE803F012270D0096
:1037C400FE2B34D0FF2B2DD0FD2B35D12948BDE85D
:1037D400704006F0A5BD2848BDE8704006F0A0BDC5
:1037E400264806F09FFD42F65C400821201807F0A9
:1037F40035FE42F6A80000230A220321201807F010
:10380400FBFB022385F8B03B70BD1D4806F088FD24
:1038140096F87C33BBB10022032386F87C2385F819
:10382400B03B70BD1748BDE8704006F07BBD16483C
:10383400BDE8704006F076BD144806F091FD002303
:1038440085F8B03B70BD0321204601F08FFA0028B3
:10385400DAD0012385F8B03B70BD0D4804F5E0448F
:1038640006F060FD012384F8093485F8B03B70BD8F
:10387400FC100020C8100020C01000208C10002074
:10388400A8100020F4100020D41000200011002003
:10389400801000200BF02ABE2DE9F04F00F50056F1
:1038A40089B0044696F85C5C012D12D0032D05D036
:1038B400524809B0BDE8F04F06F052BD04F5A047E8
:1038C400192101F053FA97F87D338BB909B0BDE89B
:1038D400F08F192104F5A04401F048FA484806F095
:1038E40021FD4FF00003A4F87D3309B0BDE8F08F4B
:1038F40045F2CA3345F2BE3245F2BC3142F65C4071
:10390400E318A21861182018049345F2C833E31889
:10391400039345F2C633E318029345F2C433E31824
:10392400019345F2C233E318009345F2C033E31820
:1039340009F0B0FE97F87E13804670B3B7F8C6332B
:10394400B7F8BC839946B7F8C833B7F8BE039A46AC
:10395400B7F8C023B7F8C2C3B7F8C4E3B7F8CA339B
:1039640041BB87F87D1342F6B23765210090E71911
:10397400CDE9012CCDE905A3224A43463846CDE9D9
:1039840003E917F01DFF3B462A461F49204601F074
:10399400A5FEFD2386F8B03B98E731BB1B4B2A46B6
:1039A40087F87D132046184901F098FEFD2386F818
:1039B400B03B8BE742F6B2356521CDF808C00192E1
:1039C40000902819124ACDE905A3CDE903E943463D
:1039D40017F0F6FE2B1901220B49204601F07EFE5A
:1039E4004FF00003A7F87D3370E70A4B012220460D
:1039F400054901F073FEA7F87D8367E7F411002001
:103A0400181100207011002064110020CC11002036
:103A14002C1100209411002000F5005393F8883EE7
:103A2400073B1A2B0FD8DFE803F011160E0E0E26F3
:103A34000E0E0E0E0E0E0E2B31360E3B424A515810
:103A44005D62676C7100344806F08ABC334B012216
:103A5400334901F043BE00B583B0324B01223049F3
:103A6400019001F03BFE0198012300F5A04080F88D
:103A74007C3303B000BD2C4B0122294901F02EBE3A
:103A840000F5A040012380F884337047274B0122BE
:103A9400234901F023BE264B0122214901F01EBE19
:103AA40000F5A04393F8A833022B06D0704700F525
:103AB400A04393F8A833012BF8D101F075B900F5B0
:103AC400A04393F8A833032BF0D1F6E700F5A04305
:103AD40093F8A833042BE9D1EFE7164B01221049E0
:103AE40001F0FCBD144B01220D4901F0F7BD134B4D
:103AF40001220B4901F0F2BD114B0122084901F0EA
:103B0400EDBD104B0122064901F0E8BD0E4B012228
:103B1400034901F0E3BD00BF1C1300203412002050
:103B24002C1200201812002090120020EC12002009
:103B340004130020641200204C1200207C12002088
:103B4400A4120020BC120020D412002030B515238A
:103B540083B000F50051ADF8063091F8643D222B96
:103B64000AD0232B03D101F0F5FA03B030BD174876
:103B740006F0F6FB03B030BD044645F28830B1F8D8
:103B8400662D0DF10603D1F86C1D201808F06CFAAF
:103B940038B90F4806F0C6FB204601F0EBFF03B02E
:103BA40030BD04F5A04342F6B2300A4A6521D3ED94
:103BB400E27A2018FDEEE77A054617EE903A17F000
:103BC400FFFD284606F0AEFBE6E700BF78130020B1
:103BD4004C1300203813002030B500F500548FB08A
:103BE40094F87C3D242B05D021480FB0BDE830402B
:103BF40006F0B6BB42F6B23305466522C31842F658
:103C04005C4019462818019309F042FD08B90FB029
:103C140030BD184908A80AF091FF08A905A80AF0C0
:103C2400B3FF01990BA80AF089FF0BA905A80BF0B3
:103C3400EDF8014602A80AF0A7FF0BA80AF0C8FF96
:103C440005A80AF0C5FF08A80AF0C2FF029B63B1E9
:103C540003222846084901F041FDFD2302A884F807
:103C6400B03B0AF0B5FF0FB030BD044BF0E700BF26
:103C7400AC13002094130020A0130020949E002075
:103C840038B542F65C4405460419204608F024F889
:103C9400042818D8DFE800F016120E0A030028469C
:103CA400FFF79AFF204608F017F8F1E72846FFF7D8
:103CB4004DFFF7E72846FFF7AFFEF3E72846FFF787
:103CC400EBFDEFE738BD024806F04AFBEAE700BF28
:103CD400D01300200BF00ABC0346012200B583B0C8
:103CE40093F80DC099880DF1070083F80CC08DF886
:103CF40007C00BF0D9FD03B000BD00BF034601228D
:103D040000B583B093F80DC099880DF1070083F8CE
:103D14000CC08DF807C00BF0C7FD03B000BD00BF99
:103D24000346022200B583B0B3F80EC099880DF1A2
:103D34000600A3F80CC0ADF806C00BF0B5FD03B047
:103D440000BD00BF0346042200B583B0D3F810C001
:103D540099880DEB0200C3F80CC0CDF804C00BF039
:103D6400A3FD03B000BD00BF70B5858800F10C044D
:103D740000F110062D1A0C3D60190BF0DBFB04F862
:103D8400010BB442F8D170BD38B585880446284685
:103D94000BF0D0FB0346681C23730BF0CBFB607362
:103DA40038BD00BF10B5044680880BF0C3FB2073F8
:103DB40010BD00BF10B5044680880BF0BBFB207318
:103DC40010BD00BF70B500F11401044607F090F96E
:103DD400064604F12801204607F08AF900EA0605A0
:103DE40004F13C01204607F083F9054004F1500139
:103DF400204607F07DF9054004F16401204607F0F0
:103E040077F9054004F17801204607F071F900EADA
:103E1400050604F18C01204607F06AF900EA06055C
:103E240004F1A001204607F063F900EA050604F155
:103E3400B401204607F05CF900EA060504F1C80164
:103E4400204607F055F900EA050604F1D80120469A
:103E540007F04EF900EA060504F1E801204607F0F0
:103E640047F900EA050604F1F801204607F040F995
:103E740000EA060504F58471204607F039F900EAE2
:103E8400050604F58C71204607F032F900EA0605B0
:103E940004F59471204607F02BF900EA050604F5B1
:103EA4009C71204607F024F900EA060504F5A47184
:103EB400204607F01DF900EA050604F5AC7120461A
:103EC40007F016F900EA060504F5B471204607F078
:103ED4000FF900EA050604F5BC71204607F008F95D
:103EE40000EA060504F5C471204607F001F900EA6A
:103EF400050304F5CC712046DCB207F0F9F808B1EB
:103F040004B170BD064B202206491C682368204674
:103F14005B6898472046BDE870400AF0F5BD00BFD5
:103F2400BCA90020F0130020F8B5002245F60A4190
:103F3400044607F083F88048002380490422206265
:103F44004FF00116606240F2011E7D487D4D6063B2
:103F5400A0637D482560A064E0647C482383E06519
:103F640020667B48E361206760677A486161A276D6
:103F7400A3852363A16284F82E20A4F840306364EF
:103F8400E16384F84220A4F85430A365216584F8E1
:103F94005620A4F86830E366616684F86A20A4F8C1
:103FA4007C30C4F88030C4F88400C4F88800C4F8B5
:103FB4009800C4F89C006848684DA16784F87E2086
:103FC400C4F88C1084F89220C4F8A010C4F8AC0093
:103FD400C4F8B00084F8A6206148C4F8B41084F88A
:103FE400BA2002225F49604FA4F89030C4F894309C
:103FF400A4F8A430C4F8A830A4F8B830C4F8BC308D
:10400400C4F8C000C4F8C4000120A4F8CC30C4F83B
:10401400D030A4F8DC30C4F8E030C4F8C810C4F8D8
:10402400D450C4F8D81084F8CE2084F8DE20C4F824
:10403400E460A4F8EC30C4F834714FF0B417DFF83E
:104044002CC1C4F844714FF01E17C4F8F030A4F822
:10405400F4E084F8EE00A4F8FC30C4F80031A4F8CD
:1040640004E184F8FE00A4F80C31C4F81031A4F87B
:1040740014E1A4F824E184F80E01DFF8F4E0A4F8D4
:104084001C31C4F8203184F81E01A4F82C31C4F882
:104094003031A4F83C31C4F84031A4F84C31C4F8B0
:1040A4005031C4F8E8C0C4F8F8C0C4F808C1C4F872
:1040B40018C1C4F8281184F82E21C4F8381184F8E2
:1040C4003E21C4F84811C4E9557CA4F85C31C4F815
:1040D4006031A4F86C31C4F87031A4F87431A4F8D8
:1040E4007C31C4F88031A4F88431A4F88C31C4F84C
:1040F4009031A4F89C31C4F8A03140F2033384F821
:104104005E0184F86E0184F87E012046C4F894614F
:10411400C4F8A45184F84E21C4F868E1C4F878E1E5
:10412400C4F8881184F88E21C4F8981184F89E216B
:10413400A4F86431F8BD00BF0060EA45082A0020F5
:1041440000004843382A00200000C8420000A04074
:104154000000204100007A430000A042080708073D
:104164000000A041282A002084038403182A002088
:10417400F82900200BF0BAB900F5405210B592F8B6
:10418400C0300446033B0C2B08D8DFE803F00C12C4
:104194001F0707072C31070707073A002948BDE81E
:1041A400104006F0DDB801222749BDE8104001F0B7
:1041B4002BB892F8C130C3B3244804F5A04406F0E8
:1041C400B1F84FF00103A4F8913310BD92F8C13057
:1041D40003B31F4804F5A04406F0A4F84FF4807319
:1041E400A4F8913310BD1B48BDE8104006F09AB8FE
:1041F40092F8C130A3B101221749BDE8104001F083
:1042040003B892F8C130B3B101221449BDE810409B
:1042140000F0FABF02221249BDE8104000F0F4BFDA
:104224001048BDE8104006F07DB802220E49BDE8F2
:10423400104000F0E9BF02220C49BDE8104000F034
:10424400E3BF00BF48150020981400203814002054
:10425400681400200015002018150020A814002060
:10426400781400202415002048140020C0140020D5
:104274002DE9F04300F50055ADF5057D044695F8AC
:104284009C6F0B2E43D00D2E06D05A480DF5057D9C
:10429400BDE8F04306F064B895F8A23F6BB342F66C
:1042A40094604FF4007204A9201807F069FF20B34A
:1042B40047F2D43004A904F5E045012620180AF099
:1042C4002FFD03F033FA034647F2F03004A9C5F892
:1042D400D033201885F8E0630AF022FD47F2FC3061
:1042E400454920180AF01CFD444B85F8EC631B6813
:1042F40085F80864C5F8E83305E047F2D43040494E
:1043040020180AF00DFD0DF5057DBDE8F08395F844
:10431400A23F00F5A042994690466BB3002382F871
:104324008F33B5F89E2F201DD5F8A41F05F050FC3F
:104334000746B0BB42F6B233B5F89E5F201DE318C2
:10434400039305F075FC2B46039D2E4A65210090CE
:10435400284617F035FA284606F002F842F694602B
:104364003A460B21201806F0D3FF201D0DF5057DDC
:10437400BDE8F04305F054BC92F88F23B5F89E3F96
:10438400012A1BD942F6B236022288F88F9365219E
:10439400009230181C4A17F013FA301905F0E0FFA8
:1043A400BFE742F6946001220B21201888F88D2380
:1043B4000DF5057DBDE8F04306F0AABF013242F6D3
:1043C400B2356521D2B2281888F88F2300920222D0
:1043D40001920E4A17F0F4F9281905F0C1FF42F6CC
:1043E40094604A463146201806F092FF012388F86B
:1043F4008E3388E74016002038160020CC170220A0
:104404005C270020FC150020A8150020641500205E
:10441400F8B542F6946605468619304607F05CFC0A
:10442400C8B1044605F50057013C284600F002FDDA
:10443400032C39D8DFE804F0141E100297F8B43FB7
:104444000E2B1FD01A4805F08BFF304607F044FCB2
:1044540004460028E8D1F8BD2846FFF709FFF4E731
:1044640097F8943E0C2B09D105F5A043012283F85B
:104474009023EAE72846FFF77FFEE6E70D4805F0BC
:104484006FFFE2E742F6B23465223046611907F065
:104494008FFE0028D9D061190322284600F0B4FE0B
:1044A400FD2387F8B03BD0E7034805F059FFCCE77C
:1044B40058160020141400207C1600200BF016B8A7
:1044C40070B504469A4B00F5A04604F50055C6F8AD
:1044D4003C3301F005FB95F8B03B0B2B0BD8013BAB
:1044E4000A2B00F21981DFE803F02941505E738240
:1044F400AABF8A931400FE2B00F0CB80FF2B00F0A0
:10450400D480FD2B40F0CA808A48BDE8704005F095
:1045140007BF894805F004FF95F8183C012B00F00B
:10452400D68013B9022385F8183C0221204600F0F6
:104534001DFC10B10A2385F8B03B70BD0022012395
:1045440042F65C40142186F88423201886F87D33D3
:1045540006F084FF42F6A80000230A220B2120184B
:1045640006F04AFD022385F8B03B70BD96F884330B
:10457400002B40F0B3800B21204600F0F7FB00280D
:10458400DBD0012385F8B03B70BD96F87D33002B5A
:10459400D3D16A4805F0C6FE694A0423C6F8B42399
:1045A40085F8B03B70BD0323204686F8A83300F09D
:1045B40041FF002800F08280052142F6A8000A226B
:1045C4000023201885F8B01BBDE8704006F014BD28
:1045D40096F87D33002B40F088800521204600F0BA
:1045E400C5FB0028A9D0042385F8B03B70BD96F81C
:1045F4007D33002BA1D1072385F8B03B70BD514812
:1046040005F08EFE01211F20BDE870400AF0C8BEEF
:104614004D4805F087FE01211F200AF0C1FE01214B
:10462400204600F073FD42F6A80000233C2202213C
:10463400201806F0E1FC0B2385F8B03B70BD002385
:1046440042F65C400821201886F87C3306F006FF09
:1046540042F6A80000230A220321201806F0CCFC0D
:10466400082385F8B03B70BD96F87C33002B4CD101
:104674000321204600F07AFB00283FF45EAF42F6A7
:104684005C400821201806F0E9FE0A2385F8B03BB7
:1046940070BD2E48BDE8704005F044BE2C4805F0BE
:1046A4005FFE002385F8B03B70BD1F2000210AF097
:1046B40077FE2848BDE8704005F034BE0222264942
:1046C400204600F0A1FDFD2385F8B03B70BD022219
:1046D400092385F8182C85F8B03B26E71F4805F018
:1046E40021FE032385F8B03B45E71D4805F01AFE7B
:1046F40042F6A8000023D6F880231921201806F0DA
:104704007BFC062385F8B03B67E7164805F00AFEF4
:104714000A2385F8B03BABE7134804F5E04405F001
:1047240001FE012384F8093485F8B03B70BD00BF55
:10473400701700203C1700201C170020C41600200E
:1047440000004843341700200417002048170020B5
:104754007417002068170020200C0020A8160020E1
:10476400340C0020E81600209C1600200AF0BEBE7F
:1047740070B504462A4A00F5A04304F50056C3F870
:104784003C2301F0ADF996F8B05BFD2D43D006D97A
:10479400FE2D3BD02348BDE8704005F0C3BD15B3E2
:1047A400012D08D1204805F0BBFD2946204600F024
:1047B400DDFA38B970BD1D4805F0D2FD002386F836
:1047C400B03B70BD1A4805F0ADFD2046022100F053
:1047D4009DFC42F6A80029463C2220180023BDE88F
:1047E400704006F009BC1348012505F09BFD04F553
:1047F400E04342F6A800002283F809542946002326
:10480400201806F0F9FB86F8B05B70BD0A48BDE8D5
:10481400704005F087BD0948BDE8704005F080BDD3
:10482400F0170020E817002098170020F417002044
:10483400A01700208C170020C8170020BC170020E8
:104844000AF054BE174B10B50446036047F2FC301F
:1048540020180AF0BDF947F2F03020180AF0B8F930
:1048640047F2D43020180AF0B3F90F4B204640F831
:10487400503B0AF0ADF904F144000AF0A9F904F13F
:1048840038000AF0A5F904F128000AF0A1F904F1AE
:104894001C000AF09DF904F110000AF099F9204671
:1048A40010BD00BFA02A0020442A0020064A137825
:1048B4000133DBB20A2B137004D10020034B012116
:1048C40010701970704700BF211802201C180220B4
:1048D40010B5104805F062FB0E4805F0CDFC0D48FC
:1048E400FFF7CEF90B48FFF793FD0A4805F014FBD8
:1048F400094C084800F0E2FB064805F003FB237866
:104904002BB901200AF0CCFC2378002BF9D000232A
:10491400237010BDE8B400201C18022008B50AF06A
:10492400E5FD054800F070F9044A05490248BDE870
:1049340008400CF065BE00BFE8B400204CA700207E
:10494400A52700002DE9F043864D87B0864C40F240
:10495400EE28864FDFF884922E680CF06DFD2378E4
:10496400002B00F0EB803B78DB0740F1E7802B68FD
:10497400D9F800209B1A0E2B40F2E08000224FF45D
:10498400E1317B4809F082FD00224FF4E13179489E
:1049940009F07CFD00224FF4E131774809F076FDFF
:1049A4004FF4FA600AF07CFC744968460AF0C6F8D1
:1049B400694603A80AF0E8F8714903A80AF02EFA38
:1049C40070490AF02BFA70490AF028FA6F490AF084
:1049D40025FA6F490AF022FA01466E480AF062F895
:1049E4006C480AF091F803A80AF0F2F868460AF055
:1049F400EFF84FF4805268495D4809F0ADFE4FF47A
:104A0400805266495A4809F0BDFE4FF48052644909
:104A1400584809F0A1FE4FF480526249554809F004
:104A2400B1FE4FF480426049534809F095FE4FF4BB
:104A340080425E49504809F0A5FE5D4BDFED5D6A9A
:104A44000022D3ED007A9FED5C7AF8EE677A67EE88
:104A5400A67A67EE877AFCEEE77A17EE903AB3F51A
:104A6400004F79D301325B08082AF8D148F20104D7
:104A740047F6FF734FF407625049B1F88C016FEAAF
:104A840040406FEA5040A1F88C010820A1F88E0143
:104A9400B1F8880140F08000A1F888014FF400507B
:104AA400A1F824010020A1F82621A1F82241A1F8AF
:104AB4002A01A1F82E31A1F83201A1F83601A1F89A
:104AC4003A01A1F83E01B1F888213D4C42F400625C
:104AD4003C4842F00802A1F8882123803A4A3B4C22
:104AE4003B4B0460C3F8E4214FF480534FF0E022C1
:104AF4004FF40070374CA1F84431A1F84631C2F8A4
:104B04000C0123782BB901200AF0CAFB2378002B6F
:104B1400F9D00023237023782BB901200AF0C0FBBD
:104B24002378002BF9D000232B48237005F0D0F90B
:104B3400294807B0BDE8F04300F01ABC2B6822787E
:104B44009B1B32B1B3F5FA6F3FF618AF0CF074FC4F
:104B540003E74345FAD911E712019BB242F400621C
:104B64005C4289E7CC17022026180220251802206F
:104B740058A5002018A60020B8A500200C18002075
:104B8400201800203C18002048180020BC230020D6
:104B94005418002048A50020E8500120E8600120B6
:104BA4009876012098860120D4960120D4D601203D
:104BB400A0A400200050C347BD37063500C03D40C7
:104BC400F617022040A70020F1C000000D280000C5
:104BD40000B000201C180220E8B40020DC170220DA
:104BE400014B1860704700BF104C01201D2906D8E6
:104BF40000EB410045F240330122C25270470148A4
:104C040005F0AEBB60180020F8B50122514B5249A3
:104C1400074605F0C3F8514B42F65C4050493B60EF
:104C240007F5A0453818002408F02CFD42F69460DE
:104C34004C490026381807F027FA43F2CC003818FC
:104C4400FFF772F9484B3C220021C5F83C3305F5C7
:104C5400507016F0FFFF4FF400522146A5F87C4334
:104C640085F87E4305F57370C5F8804385F8844361
:104C7400A5F88643C5F88863A5F8944385F8964358
:104C8400C5F89843C5F89C63C5F8A063C5F8A46348
:104C940085F8A843C5F8AC63C5F8B063C5F8B46338
:104CA400C5F8C843C5E9E344C5E9EE44C5E9F044A1
:104CB40016F0D0FF07F5E04547F2D4302146A5F8B9
:104CC400CC433818C5F8D04309F038FF47F2F03028
:104CD400214685F8E043381885F8EC43C5E9F944E2
:104CE40009F02CFF47F2FC302146381809F026FF62
:104CF40040F20113214605F20C50A5F80A354FF491
:104D04008072A5F8084416F0A5FF21464FF480727E
:104D140005F20C6016F09EFF21464FF4005205F296
:104D24000C7016F097FF07F51043384603F214721F
:104D3400C3F80C47C3F8104703F5E361166003F2A8
:104D44001C720E60166003F5E46203F224731660AD
:104D54001E60F8BD48A5002058A50020A02A002008
:104D640018A60020B8A50020F01700201D2908B5BA
:104D74000AD800EB410000F5A04393F8400330B19A
:104D84000022A3F8402308BD024805F0E9FA0020F8
:104D940008BD00BF6018002045F24033012200EB3B
:104DA4004100C252704700BF00F5A043204A0121D0
:104DB400F0B5146883B093F8A82383F87D13033AFD
:104DC400C3F8984300F5E0448A4200F5405298BF86
:104DD40083F87E13002192F85022A3F88613A4F8D6
:104DE400CC130AB103B0F0BD019002F09FFCB4F8FB
:104DF400CC2345F2CC31019B050E02F1010C02F1EA
:104E0400020E060C13FA8CF702F1030C13FA8EFE51
:104E140013FA8CFC134404325D54030A7E540EF8D6
:104E24000130A4F8CC230CF8010003B0F0BD00BF9E
:104E3400CC17022000B500F5405383B001220DF1D8
:104E44000700B3F8381283F840228DF807200AF0DF
:104E54002BFD0121022003B05DF804EB0AF0A0BA97
:104E640000F5005370B51A6F00F5A04586B042F600
:104E74009466C5F89C2300F54054DA6E8619C5F88B
:104E8400A0235B6FC5F8A43302F050FC0146304602
:104E940007F066F9D5EDEC4AD5EDED5A304694EDC0
:104EA400595A94ED5E6A95EDEB7AC4EE856AD4EDB9
:104EB400547AB4F81032B4F8005294ED630A85EED3
:104EC400865A9FED1E6AB4F8B021C7EE275A07EE42
:104ED400903AB4F8203207EE103AF8EEE77AB8EEDA
:104EE400C77A76EE856AA6EE867AE5EE867ABCEE19
:104EF400C77AFCEEE77A17EE101A17EE903A2B44B5
:104F0400194494F9E031029394F9C031019394F96E
:104F1400F031009394F9D03107F0BCF8B4F8603262
:104F24000222B4F8581201330DF11600A4F86032CD
:104F3400ADF816300AF0B8FC06B070BD000070423F
:104F440000F540509FED166A90ED595AD0ED5E5A27
:104F540090ED547AC0EE856AB0F81032B0F80022B1
:104F640007EE903AB0F8203281EE255AC0EE075A87
:104F740007EE103AF8EEE77AB8EEC77A76EE856A6D
:104F8400A6EE867AE5EE867AFCEEE77A17EE903A9C
:104F9400FCEEC77A134417EE900A1844704700BF1A
:104FA400000070420AF0A2BA3D4B00220E21F0B577
:104FB400064693B03B481A600CF0C2F93A4808F030
:104FC4002BFE0146394809F093FD384809F09CFD51
:104FD400354808F031FE071E0ADD47F20B54341938
:104FE4003D19314808F0F4FE04F8010FAC42F8D141
:104FF4003822002104A816F02DFE47F20C513A463F
:1050040004A8711807F0D6F800283FD004A901A815
:1050140007F0F6FB039BD3B1002403E00134039BA8
:105024009C4214D2214601A809F008FF00780CF034
:1050340073F9214601A809F001FF03782C2BEDD167
:105044001A48013409F060FD039B9C42EAD31748D7
:1050540009F05AFD47F2F03001A9301809F058FE62
:1050640047F2FC301249301806F5E04609F058FEC4
:10507400104A012301A8126886F8EC3386F8083434
:10508400C6F8E82309F0A4FD13B0F0BD1A210A48BC
:105094000CF056F9054809F037FD13B0F0BD00BF18
:1050A400104C012084180020A0B4002048A5002042
:1050B40094180020CC1702209C18002045F240339D
:1050C40045F2413145F27C3CC3184118844400B593
:1050D4004FF0000E11F8012C4AB15A780132D2B2C5
:1050E400022A5A7003D901F801EC83F801E0023373
:1050F40002316345EED1044B1B68002B00DC00BD7C
:105104005DF804EBFFF750BF104C012038B50C4696
:1051140005460A210E4809F0AFFB032C17D8DFE837
:1051240004F0110C0702281DBDE8384003F078BED6
:10513400281DBDE8384003F085BC281DBDE8384073
:1051440003F084BD281DBDE8384004F039BC38BDE7
:1051540058A5002030B5041D00F5005585B0204643
:1051640004F05EFDB5F8662DD5F86C1D204604F0FC
:105174002FFD214901A809F0E1FC01AA01212046E3
:1051840003F06EFA01A809F023FD1C4901A809F0F7
:10519400D5FC01AA0221204603F062FA01A809F015
:1051A40017FD164901A809F0C9FC01AA03212046EC
:1051B40003F056FA01A809F00BFD0122204611461E
:1051C40003F03EFA20460422022103F039FA0422B5
:1051D4002046032103F034FA02230A21084885F803
:1051E400193C09F049FB204604F0EAFB054805B0E8
:1051F400BDE8304005F096B8B81800205C270020C0
:1052040058A50020C4180020F0B5041D8DB000F589
:10521400A0450E462046174604F002FD344909A86D
:1052240009F08CFC09AA0121204603F019FA09A807
:1052340009F0CEFC314609A809F080FC09AA022134
:10524400204603F00DFA09A809F0C2FC2949684672
:1052540009F074FC694606A809F096FC95EDE20A8B
:10526400022103A809F038FD03A906A809F0CEFD20
:105274000168002939D009A809F060FC09AA0321B2
:10528400204603F0EDF909A809F0A2FC03A809F0EF
:105294009FFC06A809F09CFC684609F099FC3A4674
:1052A4000121204603F0CCF901220221204603F01B
:1052B400C7F901220321204603F0C2F90A210E484E
:1052C40009F0DAFA204604F07BFB204604F0A8FC3F
:1052D400012F304604D00DB0BDE8F04005F040B8D1
:1052E4000DB0BDE8F04005F01DB80449C3E700BFA8
:1052F400DC180020E818002058A50020949E002007
:1053040010B515490446154808F09AFEB8B10120B5
:1053140009F0C6FF0921114808F0E2FD012009F057
:10532400BFFF0F490D4808F00FFE012009F0B8FF38
:10533400012213210948BDE8104008F0C3BC022231
:1053440020460849FFF760FF1F2107480BF0F8FFCC
:10535400064809F0D9FBDAE700A1BC33A0B4002069
:1053640090D00300F01800200819002048A5002060
:1053740010B5012104461F200AF046F800211F2021
:105384000AF00EF8012102200AF03EF80021022062
:105394000AF006F80C2009F085FD202009F0B6FD7E
:1053A4001B21204802F0B4F827211E4802F07AF8A5
:1053B4001A211C4802F03CF81A491B4808F0E2FB89
:1053C40025231D222621184808F0D8FB2046FFF784
:1053D40097FF1649144808F09DFB1348002108F074
:1053E400FFFD43F2CC00201805F034FEA0B143F2D7
:1053F400742142F65C40C8226118201805F0BCFEF6
:1054040043F23C3142F694604FF400526118201884
:10541400BDE8104005F0B0BE022205492046FFF762
:10542400F3FEE4E7F8A40020A0B40020412B000020
:1054340028190020F0B500F5A04487B0054694F87B
:10544400A833013B032B00F2AA80DFE803F088575E
:105454003A0294EDEC7A42F6B236554A6521B7EE3B
:10546400C77A861930468DED007B16F0A9F905F54B
:10547400405342F65C4094EDEC0AD3ED5E0A2818E2
:10548400039308F069FA94EDEC6A039B93ED5E7A5A
:10549400C6EE076AB3F820329FED467A074607EE58
:1054A400903A314628460122F8EEE77AE6EE877A0A
:1054B400FCEEE77AC4EDE07AFFF7A6FE384607B0C3
:1054C400F0BD94EDED7A42F6B2363B4A6521B7EE73
:1054D400C77A861930468DED007B16F071F905F513
:1054E400405342F65C4094EDED0AD3ED5E0A281871
:1054F400039308F00FFA94EDED6AC6E700F5405304
:10550400002601220DF11700B3F8381283F8406227
:1055140003938DF817600AF0C7F93146022009F0A9
:105524003FFF94EDEB7A42F6B236244AB7EEC77ADF
:105534006521AE198DED007B304616F041F9039BD1
:1055440042F65C4094EDEB0AD3ED540A281808F0B7
:105554009DF9039B94EDEB6A93ED547A98E794EDEF
:10556400EC7A42F6B236164A6521B7EEC77A861946
:1055740030468DED007B16F023F905F5405342F6D5
:105584005C4094EDEC0AD3ED590A2818039308F013
:105594009FF9039B94EDEC6A93ED597A78E7002523
:1055A400084884F8A8532F4604F0DAFE86E700BFC3
:1055B400A819002000007042941900207C190020D2
:1055C40064190020C41900202DE9F04100F50057AA
:1055D40004463D4B8AB0B7F89E5F261D884607A84F
:1055E400A3FB0535394909F0A9FA07AA0121304678
:1055F4006D0903F035F807A809F0EAFA04F54053F9
:105604006521CDE9018504F5A04842F6B235B3F829
:105614006032651998F8962304F5E0440092284610
:105624002B4A16F0CDF8294607A809F087FA07AAED
:105634000221304603F014F807A809F0C9FA98EDDE
:10564400E95A98EDE86A652198EDE77AB7EEC55A0C
:10565400B7EEC66AD4F8D033B7EEC77A1D4A2846E7
:105664008DED045B8DED026B8DED007B16F0A8F8DB
:10567400294607A809F062FA07AA0321304602F076
:10568400EFFF07A809F0A4FA01223046114602F000
:10569400D7FF30460122022102F0D2FF0122304618
:1056A400032102F0CDFF02230A210B4887F8193C9D
:1056B40009F0E2F8304604F083F928460AB0BDE860
:1056C400F04104F02FBE00BFABAAAAAAE41900203F
:1056D400F01900201C1A002058A500202DE9F043E1
:1056E400041D054691B01F4620468946904605F59F
:1056F400E04604F095FA45F2CC31B6F8CC232046C6
:10570400691804F065FA49460DA809F017FA0DAABC
:105714000121204602F0A4FF0DA809F059FA4246DF
:105724000121204602F08CFF39460DA809F006FA43
:105734000DAA0221204602F093FF0DA809F048FAB1
:1057440001220221204602F07BFF324901A809F020
:10575400F5F901A907A809F017FA05F540530A223B
:1057640004A8B3F8601209F08BFA04A907A809F099
:105774004DFB294909F052FB05F5A043814602215E
:1057840093EDE20A0AA809F0A7FA0AA9484609F023
:105794003DFB016800293BD00DA805F5005509F033
:1057A400CDF90DAA0321204602F05AFF0DA809F0F5
:1057B4000FFA0AA809F00CFA04A809F009FA07A8D4
:1057C40009F006FA01A809F003FA01220321204690
:1057D40002F036FF02230A21104885F8193C09F02B
:1057E4004BF8204604F0ECF8B8F1010F384607D026
:1057F40004F0B6FD0023A6F8CC3311B0BDE8F08365
:1058040004F090FD0023A6F8CC3311B0BDE8F0837A
:105814000349C1E7381A0020441A002058A5002083
:10582400949E002030B500F50055044643F2CC00A8
:1058340085B0C822D5F86C1D201805F03BFCA5F8EE
:10584400660D00284CD0201D04F0EAF9B5F8662D49
:10585400D5F86C1D201D04F0BBF9244901A809F0FA
:105864006DF901AA0121201D02F0FAFE01A809F038
:10587400AFF91F4901A809F061F901AA0221201D0D
:1058840002F0EEFE01A809F0A3F9194901A809F0F4
:1058940055F901AA0321201D02F0E2FE01A809F036
:1058A40097F90122201D114602F0CAFE201D042290
:1058B400022102F0C5FE0422201D032102F0C0FED5
:1058C40002230A210B4885F8193C08F0D5FF201D56
:1058D40004F076F8084805B0BDE8304004F022BD75
:1058E400064805B0BDE8304004F03ABD701A002007
:1058F4005C27002058A50020801A00204C1A0020A4
:105904002DE9F047041D05469046C6B020468A4658
:1059140042F6B23704F084F905F5A046D8F8002021
:105924002F44D6F83C33002A00F0C1806521009250
:105934003846614A15F044FF604912A809F0FEF8A0
:1059440012AA0121204602F08BFE12A809F040F9A8
:10595400394612A809F0F2F812AA0221204602F0F0
:105964007FFE12A809F034F9554909A809F0E6F8B0
:1059740009A90FA809F008F996EDE20A02210CA87A
:1059840009F0AAF90CA90FA809F040FA0168002946
:1059940000F08F8012A805F5E04709F0CFF812AAAD
:1059A4000321204602F05CFE12A809F011F90CA8AC
:1059B40009F00EF90FA809F00BF909A809F008F984
:1059C40001222046114602F03BFE0122022120461C
:1059D40002F036FE01220321204602F031FE97F840
:1059E400EC33002B4ED0DFF8F490D7F8E813D9F855
:1059F4000020344B521AA3FB02329209079205F598
:105A0400005501F093FE96EDE27AD8F800100346B3
:105A1400B7EEC77AD6F83C0395F8B05B079A00292D
:105A240041D0CDE90412CDE90005274AD02112A8BE
:105A34008DED027B15F0C4FE12A90FA809F07EF8C3
:105A4400DAF808301BBB21490FA809F0CFF90F99E8
:105A540059B3BDF84420204604F0BAF80A211C4882
:105A640008F00AFF204603F0ABFF204604F0D8F804
:105A7400D9F800300FA8C7F8E43309F0A9F846B004
:105A8400BDE8F0874FF0FF32DFF85090B6E71149D8
:105A94000FA809F0ABF951460FA809F0A3F90023A8
:105AA40087F80834CFE70C49BBE70B49D1E70A4A2A
:105AB4003CE709496EE700BF981A0020A01A0020AD
:105AC400E8180020D34D6210B01A0020081B0020F3
:105AD40058A500200C1B0020949E0020CC17022007
:105AE40000F54053B3F8A02110B586B032B900F5E3
:105AF400E04393F8092472B906B010BD1B4900F5C0
:105B0400E0434FF47A7C0968D3F8E4430CFB02F2D7
:105B1400091B9142EDD3002193F8082483F809145A
:105B240052B147F2FC3247F2F0318218411806B004
:105B3400BDE81040FFF7E4BE04460D49684608F08E
:105B4400FDFF04F5A04303A8D3F83C1308F0F6FFC7
:105B540003AA69462046FFF7D3FE03A809F038F8E4
:105B6400684609F035F806B010BD00BFCC17022016
:105B74005C27002000F50051B1F8663D1D2B40F074
:105B8400A28000F54053F0B500F5E04493F850626C
:105B940085B0B4F8CC33AEB1D1F86C2D45F2CC3528
:105BA400511E02F11C0E11F801CF1A4601330244B2
:105BB40071459BB2A4F8CC3302F805C0F3D13EBBC7
:105BC40005B0F0BD45F2CC35C2184FF0A50C03F179
:105BD400010E02F805C000F5A04C3C4A10FA8EFEF6
:105BE400DCF898C31268A2EB0C02DFF8F4C0ACFB3B
:105BF40002C203F1020C0333570910FA8CFC9BB266
:105C0400520B0EF80520A4F8CC330CF80570C3E74A
:105C140000F5A042064642F6B2306521B2F886335A
:105C24003018013307469BB2A2F88633284A15F090
:105C3400C7FD33460436B4F8CC235919304603F073
:105C4400C7FF394601A808F079FF01AA01213046AF
:105C540002F006FD01A808F0BBFF1E4901A808F0E8
:105C64006DFF01AA0221304602F0FAFC01A808F0F7
:105C7400AFFF184901A808F061FF01AA03213046CB
:105C840002F0EEFC01A808F0A3FF01223046114601
:105C940002F0D6FC30460422022102F0D1FC042298
:105CA4003046032102F0CCFC0A210B4808F0E4FD45
:105CB400304603F085FE384604F034FB0023A4F894
:105CC400CC3305B0F0BD054804F04ABBCC17022024
:105CD4002C1B00205C27002058A50020141B00204A
:105CE4001F85EB5100F5A040D0F83C0390F800C0AC
:105CF400BCF1460F1ED010B588B0144605A8019318
:105D040008F01CFF05A902A808F03EFF0E4902A8EE
:105D140009F084F80146204608F0FAFF02A808F0CA
:105D240057FF05A808F054FF02220020019B1A70B7
:105D340008B010BD90F801C0BCF14C0FDBD18078E5
:105D44000028D8D101207047401B00202DE9F041E4
:105D5400A6B00C4605466D4908A808F0EFFE6B494D
:105D64000BA808F0EBFE01238DF81F30631EC82B2F
:105D740000F2CE80DFE813F03D082408D607A90717
:105D84008007550728070F07720868084004300485
:105D94001204FC03E603DB034D053D05CC00CC00F7
:105DA400CC002D05CC00CC00CC00CC00CC00CC0029
:105DB400CC00CC00CC00CC00CC00CC00CC00CC007F
:105DC400CC00CC00CC00CC00CC00CC00CC00CC006F
:105DD400CC00CC00CC00CC00CC00CC00CC00CC005F
:105DE400CC00CC00CC00CC00CC00CC00CC00CC004F
:105DF400CC00CC00CC00CC00CC00CC00CC00CC003F
:105E0400CC00CC00CC00CC00CC00CC00CC00CC002E
:105E1400CC00CC00CC00CC00CC00CC00CC00CC001E
:105E2400CC00CC00CC00CC00CC00CC00CC00CC000E
:105E3400CC00CC00CC00CC00CC00CC00CC00CC00FE
:105E4400CC00CC00CC00CC00CC00CC00CC00CC00EE
:105E5400CC00CC00CC00CC00CC00CC00CC00CC00DE
:105E6400CC00CC00CC00CC00CC00CC00CC00CC00CE
:105E7400CC00CC00CC00CC00CC00CC00CC00CC00BE
:105E840019050505EC04CC00CC00CC00CC00CC00FA
:105E9400D4044F04420638062E0659059B0686068E
:105EA400CC00B106C103B3031203E702D702860193
:105EB4005F0155014B01CC00CC00CC00CC00CC00E0
:105EC400CC00CC00CC00CC00CC00CC00CC00CC006E
:105ED400CC00CC00CC00CC00CC00CC00CC00080220
:105EE400C901A3019801BE027F02CC02CC00CC0000
:105EF400CC00CC00CC00CC00CC00CC00CC00CC003E
:105F0400CC00CC00CC00CC00400100BF5C270020BA
:105F14008E4923A808F012FE214620A8032608F083
:105F240097FE20A923A8002708F070FF884908F0ED
:105F340075FF01460BA808F0EBFE20A808F048FE08
:105F440023A808F045FE281D03F06AFE814923A812
:105F540008F0F4FD23AA0121281D02F081FB23A8E7
:105F640008F036FE32460121281D02F069FB08A91B
:105F740023A808F009FE23AA0221281D02F070FBC1
:105F840023A808F025FE01220221281D02F058FB57
:105F94000BA923A808F0F8FD23AA0321281D02F069
:105FA4005FFB23A808F014FE281D0122032102F040
:105FB40047FB022205F500532846002183F8192CDB
:105FC400FFF7A4F8012E089800F07C87023E012E0A
:105FD40000F26D87002800F07A8704F0C1F9002FE1
:105FE40040F06B870BA808F0F3FD08A808F0F0FD5B
:105FF400012026B0BDE8F081574908A808F090FEBA
:106004000C212846FEF7C8FE012600279BE75349CA
:1060140008A808F085FE002205F5A04383F88C2328
:10602400F2E74F4908A808F07BFE012205F5A043DA
:1060340083F88C23E8E74B4908A808F071FE4A4B23
:10604400DB8B5A1E3A2A00F26787484923A808F0D6
:1060540075FD0A223C2120A808F012FE20A923A8DD
:1060640008F0D4FE424908F0D9FE01460BA808F016
:106074004FFE20A808F0ACFD23A808F0A9FD0226D5
:10608400002760E73B4908A808F04AFE05F540539D
:1060940042F6946093ED630A281806F041F8122141
:1060A4002846FEF779FEAFE7334908A808F038FE22
:1060B40042F694600321281805F0D0F9A4E72F4B89
:1060C40005F54054042223A8DB68B4F88411C4F80D
:1060D4008C31239309F0E8FB294923A808F02EFD0D
:1060E40094ED630A022120A808F0F6FD20A923A854
:1060F40008F08CFE014608A808F00AFE20A808F063
:1061040067FD23A808F064FD7EE71C4B05F54054A9
:10611400022223A81B89B4F89811A4F8A031ADF881
:106124008C3009F0C1FB42F69460B4F8A011281831
:1061340006F006F8134923A808F000FDB4F8A011EE
:106144000A2220A808F09CFDD0E700BF30220020DE
:106154002C1400203C220020202200207421002046
:10616400682100202C210020B09601204C21002021
:10617400602100201821002094210020F416022020
:1061840080210020CC210020774E05F5405423A81F
:1061940001223379B4F8C81184F8D0318DF88C30E9
:1061A40009F082FB737923A8B4F8E811012284F87A
:1061B400F0318DF88C3009F077FBB37923A8B4F86B
:1061C400B811012284F8C0318DF88C3009F06CFBD1
:1061D400F3790122B4F8D81123A884F8E0318DF8BA
:1061E4008C3009F061FB61491AA808F0A7FC94F807
:1061F400D01117A808F02CFD17A91AA808F006FE5C
:106204005B4908F00BFE064694F8F0111DA808F04F
:106214001FFD1DA9304608F0F9FD564908F0FEFDA2
:10622400064694F8C01120A808F012FD20A93046B3
:1062340008F0ECFD504908F0F1FD064694F8E01131
:1062440023A808F005FD23A9304608F0DFFD014628
:1062540008A808F05DFD23A808F0BAFC20A808F0FF
:10626400B7FC1DA808F0B4FC17A808F0B1FC1AA8E4
:1062740008F0AEFCC8E605F540533B4C42F694608A
:1062840093F9E02193ED630A2818029293F9C0214F
:10629400019293F9F021009293F9D0316288218818
:1062A40005F0F8FE354920A808F048FC0A222188A8
:1062B4001DA808F0E5FC1DA920A808F0A7FD304999
:1062C40008F0ACFD06460A22618823A808F0D8FC31
:1062D40023A9304608F09AFD014608A808F018FDE5
:1062E40023A808F075FC1DA808F072FC20A808F08B
:1062F4006FFC89E6234908A808F012FD05F5405310
:1063040042F6946093ED630A281805F009FF7BE6D2
:106314001D4908A808F004FD42F694600F212818CE
:1063240005F09CF870E6194908A808F0F9FC05F591
:10633400A04393F87D33002B00F0D08514490BA8BB
:1063440008F0EEFC9BE6134908A808F0E9FC05F503
:10635400A04393F87D33002B00F004860E490BA86C
:1063640008F0DEFC8BE600BFF4160220B821002002
:10637400702000207820002080200020FC210020B4
:10638400681F0020E4210020A4210020D020002048
:10639400E820002088200020A0200020C34908A86D
:1063A40008F0BEFC0DF11F030BAAC1492846FFF7F4
:1063B40099FC9DF81F6000283FF427AEBD4B05F5FE
:1063C400A044BD4911A8D3F81A30C4F8B83308F072
:1063D400B5FB0A22B4F8B8130EA808F051FC0EA9B4
:1063E40011A808F013FDB54908F018FDB44908F0E8
:1063F40015FD07460A22B4F8BA1314A805F540544B
:1064040008F03EFC14A9384608F000FDAB4908F03A
:1064140005FDAC4908F002FD07460A22B4F87012E3
:1064240017A808F02DFC17A9384608F0EFFCA3497B
:1064340008F0F4FCA44908F0F1FC074694F8D011E4
:106444001AA808F005FC1AA9384608F0DFFC9F4991
:1064540008F0E4FC074694F8F0111DA808F0F8FBD6
:106464001DA9384608F0D2FC994908F0D7FC074624
:1064740094F8C01120A808F0EBFB20A9384608F0D6
:10648400C5FC944908F0CAFC074694F8E01123A817
:1064940008F0DEFB23A9384608F0B8FC014608A83A
:1064A40008F0A0FC23A808F093FB20A808F090FBB8
:1064B4001DA808F08DFB1AA808F08AFB17A808F09D
:1064C40087FB14A808F084FB0EA808F081FB11A830
:1064D40008F07EFB1D212846FEF75EFC95E57E490B
:1064E40008A808F01DFC05F5A04393F87D33002BA4
:1064F40040F04E850126374625E56E4B05F54054A0
:10650400022223A893F82130B4F81812A4F82032F8
:10651400ADF88C3009F0C8F9704923A808F00EFBD7
:10652400B4F820120A2220A808F0AAFBDEE56C4980
:1065340008A808F0F5FB42F65C401521281804F081
:106544008DFF61E5674908A808F0EAFB664B42F64F
:106554005C40D3ED120A93ED110A281807F074F980
:1065640000287FF451AD61490BA808F0D9FB86E5FA
:106574005F4908A808F0D4FB5B4B42F65C40D3EDBE
:10658400100A93ED0F0A281807F03CF900287FF44D
:106594003BAD58490BA808F0C3FB70E5564908A861
:1065A40008F0BEFB504B42F65C40D3ED0E2A93ED4F
:1065B4000D2A2818D3ED0C1A93ED0B1AD3ED0A0A01
:1065C40093ED090A07F0DCF800287FF41DAD4B4970
:1065D4000BA808F0A5FB52E5494908A808F0A0FB60
:1065E40005F5A04393F87D33002B00F0C984454999
:1065F4000BA808F095FB42E5434908A808F090FB76
:1066040042F65C400721281804F028FF112128468F
:10661400FEF7C2FBF8E43D4908A808F081FB0DF140
:106624001F030BAA3A492846FFF75CFB9DF81F603D
:1066340000283FF4EAAC2C4B05F5A044354920A8CA
:106644001A68DB68C4F8AC23C4F8B03308F076FAEF
:1066540094EDEB0A01211DA808F03EFB1DA920A81A
:1066640008F0D4FB2C4908F0D9FB074694EDEC0A5A
:10667400012123A808F030FB23A9384608F0C6FB03
:10668400264908F0CBFB014608A808F0ABFB23A879
:1066940008F09EFA1DA808F09BFA20A808F098FAC2
:1066A4001B212846FEF778FBAFE400BF3C20002006
:1066B40080070020B096012050200020C40E002046
:1066C400681F00205C20002068200020702000202B
:1066D4007820002080200020F41F0020DC1F0020F0
:1066E400001E0020C41D00204C760120DC1D00206B
:1066F400881D0020A01D0020441D0020601D0020D6
:10670400D41C0020E41C0020C01C0020B81E002063
:10671400C81E0020D41E0020E01E00207419002092
:10672400C14B05F54054042223A89B68B4F80C110E
:10673400C4F81431239309F0B7F8BC4923A808F02E
:10674400FDF994ED450A022120A808F0C5FACDE42C
:10675400B54B05F54054022223A89B8AB4F8F811DE
:10676400A4F80032ADF88C3009F09EF8B04923A8A3
:1067740008F0E4F9B4F800120A2220A808F080FA1C
:10678400B4E4A94B05F54054042223A85B68B4F88B
:10679400F810C4F80031239309F086F8A54923A81A
:1067A40008F0CCF994ED400ACDE79F4B05F5405431
:1067B400042223A81B68B4F8E410C4F8EC30239333
:1067C40009F072F89C4923A808F0B8F994ED3B0A43
:1067D400B9E79A4908A808F0A3FA05F5A04393F885
:1067E4007D33002B00F0888395490BA808F098FAB4
:1067F40045E4944908A808F093FA05F5A04393F8F2
:106804007D33002B00F080838F490BA808F088FAB1
:1068140035E48E4908A808F083FA42F65C40162154
:10682400281804F01BFEFFF7EFBB894908A808F0FD
:1068340077FA0DF11F030BAA86492846FFF752FA8F
:106844009DF81F6000283FF4E0AB774C05F54053FA
:1068540023A8042221680593C3F8EC102391B3F80C
:10686400E41009F021F86268059B23A82392B3F889
:10687400F810C3F80021042209F016F8A268059B59
:1068840023A82392B3F80C11C3F81421042209F0AD
:106894000BF8A28A059B23A8ADF88C20B3F8F81155
:1068A400A3F80022022208F0FFFF059BE28A23A836
:1068B400B3F8A811A3F8B021ADF88C20022208F097
:1068C400F3FF94ED000AD4ED010A284694ED021A70
:1068D40030EE811A70EE600AFEF732FB5E498046A4
:1068E40014A808F02BF994ED000A012111A808F06E
:1068F400F3F911A914A808F089FA584908F08EFA96
:10690400074694ED010A012117A808F0E5F917A933
:10691400384608F07BFA524908F080FA074694EDAD
:10692400020A01211AA808F0D7F91AA9384608F072
:106934006DFA4C4908F072FA07460A22A18A1DA88A
:1069440008F09EF91DA9384608F060FA464908F097
:1069540065FA464908F062FA059B04460A22B3F830
:10696400B01120A808F08CF920A9204608F04EFAAE
:106974003D4908F053FA3E4908F050FA04460A2209
:10698400414623A808F092F923A9204608F03EFACC
:10699400354908F043FA014608A808F023FA23A869
:1069A40008F016F920A808F013F91DA808F010F94A
:1069B4001AA808F00DF917A808F00AF911A808F0A8
:1069C40007F914A808F004F91C212846FEF7E4F995
:1069D400FFF71BBB274908A808F0A2F900210220F1
:1069E40008F0DEFCFFF710BB234908A808F098F96B
:1069F4000121022008F0D4FCFFF706BB1F4908A8B8
:106A040008F08EF90DF11F030BAA1D492846FFF764
:106A140069F99DF81F6000283FF4F7AA142128465D
:106A2400FEF7BAF9FFF7F1BAB0960120A01E0020D4
:106A34008C1E0020781E0020641E0020041D0020EF
:106A44001C1D0020241E0020381E0020141E0020BF
:106A5400341F0020401F0020481F0020501F00202A
:106A6400581F0020601F0020C40E0020681F002053
:106A7400701F0020241F0020141F0020F01E00207F
:106A8400041F0020BD4B05F54054022223A81B8B94
:106A9400B4F80812A4F81032ADF88C3008F004FFF2
:106AA400B74923A808F04AF8B4F810123AE5B549F2
:106AB40008A808F035F90DF11F030BAAB2492846BE
:106AC400FFF710F99DF81F6000283FF49EAA1821D3
:106AD4002846FEF761F9FFF798BAA84E05F5405429
:106AE40023A80422F368B4F82011C4F828312393AE
:106AF40008F0DAFE336923A8B4F834110422C4F888
:106B04003C31239308F0D0FE96F820300122B4F8EB
:106B1400281223A884F830328DF88C3008F0C4FE93
:106B24009A491DA808F00AF894ED4A0A02211AA805
:106B340008F0D2F81AA91DA808F068F9944908F0D9
:106B44006DF9064694ED4F0A022120A808F0C4F816
:106B540020A9304608F05AF98D4908F05FF9064635
:106B640094F8301223A808F073F823A9304608F0EB
:106B74004DF9014608A808F0CBF823A808F028F836
:106B840020A808F025F81AA808F022F81DA808F093
:106B94001FF8FFF739BA7F4B05F54054042223A8A8
:106BA400DB69B4F87011C4F87831239308F07CFEE3
:106BB400794923A807F0C2FF94ED5E0A022120A8B8
:106BC40008F08AF8FFF792BA744908A808F0A8F800
:106BD400704B05F5A04472499B6923A80126002740
:106BE400C4F8B43307F0AAFF94EDED0A012120A8FC
:106BF40008F072F820A923A808F008F9694908F0F8
:106C04000DF9014608A808F0EDF820A807F0E0FF08
:106C140023A807F0DDFF10212846FEF7BDF8FFF793
:106C240092B95C4C23A8604907F088FF94ED050AEB
:106C3400022120A808F050F820A923A808F0E6F8BB
:106C4400014608A808F064F820A807F0C1FF23A8AB
:106C540007F0BEFF42F65C4094ED050A281806F0E2
:106C6400ADFE074600287FF4CFA950490BA80226A1
:106C740008F056F8FFF767B9464B05F5405404226F
:106C840023A81B690126B4F85C110027C4F86431F9
:106C9400239308F009FE464923A807F04FFF94ED1B
:106CA400590A022120A808F017F820A923A808F0FF
:106CB400ADF8014608A808F02BF820A807F088FFD3
:106CC40023A807F085FFFFF73EB93A4908A808F062
:106CD40027F8304B05F5A0443149DB6823A8012689
:106CE4000027C4F8B03307F029FF94EDEC0A012122
:106CF40020A807F0F1FF20A923A808F087F8294964
:106D040008F08CF8014608A808F06CF820A807F0F1
:106D14005FFF23A807F05CFF0E212846FEF73CF82E
:106D2400FFF711B91B4C23A8234907F007FF94ED83
:106D3400020A022120A807F0CFFF20A923A808F007
:106D440065F8014608A807F0E3FF20A807F040FF14
:106D540023A807F03DFF42F65C4094ED020A281890
:106D640006F01CFE074600287FF44EA913490BA821
:106D7400022607F0D5FFFFF7E6B800BFB096012062
:106D8400A41F0020781F0020901F0020BC1F00209B
:106D9400D81F00204C760120441C0020341C002005
:106DA400741E002074190020F41B0020101C002005
:106DB400DC1B0020C81B00208C1B0020A81B00200B
:106DC400764B05F54054042223A85B68B4F84811B7
:106DD400C4F85031239308F067FD714923A807F0E4
:106DE400ADFE94ED540A022120A807F075FFFFF7C9
:106DF4007DB96C4908A807F093FF684B05F5A044DA
:106E040069491B6823A8C4F8AC3307F097FE94EDD6
:106E1400EB0A012120A807F05FFF20A923A807F0AF
:106E2400F5FF624907F0FAFF014608A807F0DAFF08
:106E340020A807F0CDFE23A807F0CAFE0D2128469E
:106E4400FDF7AAFFFFF7E0B8594908A807F068FF63
:106E540058490BA807F064FFFFF711B94F4C23A85A
:106E6400554907F06BFE94ED080A022120A807F0AB
:106E740033FF20A923A807F0C9FF014608A807F09B
:106E840047FF20A807F0A4FE23A807F0A1FE42F6BE
:106E94005C4094ED080A281806F0A0FD00287FF451
:106EA400B3A846490BA807F03BFFFFF7E8B888B141
:106EB40003F036FA002F3FF495A82846FEF7B2FCFB
:106EC400FFF790B840B103F02DFAFFF788B83C48BB
:106ED400FFF783B83A48EBE73948F4E705F5405142
:106EE400012223A88DF88C3081F85032B1F8481271
:106EF40008F0DAFCFFF788B842F65C400B2128184A
:106F040004F0ACFAFFF780B842F65C401721281869
:106F140004F0A4FAFFF778B805F54054022223A838
:106F2400ADF88C30A4F87032B4F8681208F0BCFCE8
:106F34001D4923A807F002FE0A22B4F8701220A803
:106F440007F09EFE20A923A807F060FF014608A8C9
:106F540007F048FF20A807F03BFE23A807F038FEFF
:106F6400FFF752B8012205F5405323A8B3F848129D
:106F740083F850228DF88C2008F096FCFFF744B873
:106F840042F65C400C21281804F068FAFFF73CB87C
:106F94000C490BA807F0C4FEFFF771B84C7601202A
:106FA400741B0020601B0020741E00207419002034
:106FB400901C0020A01C0020581C0020701C0020E5
:106FC400949E00200C20002008F090BA90F81CC079
:106FD4004160BCF1020FC26001D18368184707F019
:106FE400E3B800BF30B504468E460068114640F24F
:106FF4000122026123B31D46BEF1000F21D0724667
:1070040012F801CB9646013DC0F864C0026F9207A6
:1070140007D48C46013B426F19B10CF8012B614631
:1070240020684269D207F1D5002DE5D143B1026F42
:107034009207FCD4426F09B101F8012B013B03D143
:1070440030BD94F83CC0DEE72068026F9207EED4AE
:10705400F0E700BF304B314910B5D3E9114E9EF82B
:107064000400C8771A6C94F804C081F81CC008772F
:1070740052B1B2F5004F23D329495118274A196454
:10708400D07682F81BC010BD19680F24D86C8C65AB
:1070940040F20134CA610C614FF47C544C61032109
:1070A4000468246883F83D101E4B9C4220D1037F62
:1070B4004260022BC26020D18368BDE810401847AB
:1070C4002468E18B090421D4E283DEF80010B4F8CB
:1070D4001EE0A4F816E0CC8B240412D4CA83CA8B15
:1070E400CA8200210D4A1964D07682F81BC010BDF3
:1070F40023461146BDE810401847BDE8104007F08C
:1071040053B8CC8B62F30804CC83E8E7E18B62F3D9
:107114000801E183D9E700BFF8A4002000800E40F5
:107124000180FFFF2D4F0000304B314910B5D3E9EA
:10713400114E9EF80400C8771A6C94F804C081F8C4
:107144001CC0087752B1B2F5004F23D32949511816
:10715400274A1964D07682F81BC010BD19680F2421
:10716400D86C8C6540F20134CA610C614FF47C54D4
:107174004C6103210468246883F83D101E4B9C4233
:1071840020D1037F4260022BC26020D18368BDE816
:10719400104018472468E18B090421D4E283DEF807
:1071A4000010B4F81EE0A4F816E0CC8B240412D42A
:1071B400CA83CA8BCA8200210D4A1964D07682F828
:1071C4001BC010BD23461146BDE810401847BDE85A
:1071D400104006F0E9BFCC8B62F30804CC83E8E7E7
:1071E400E18B62F30801E183D9E700BFA8A4002082
:1071F40000800E400180FFFF2D4F000043682DE901
:10720400F04FD3E90041814D4FF0B80922684FF0A7
:107214000F0B22EA01027E492260AA6911407D4ACD
:107224000A43AA6190F810E07B4A03EB0E0603EBD5
:107234008E0E317C02EB01118968C1F8009090F840
:1072440011C003EB0C050CF10A0C95F8241002EBA9
:1072540001118968C1F80090817C03EB010803EBFC
:10726400810198F838A002EB0A1ADAF808A0CAF8E3
:107274000090D4F800905F6849EA0709C4F80090C8
:10728400347CDEF814E002EB04146468C4F800E013
:1072940095F8244053F82CC002EB04146468C4F835
:1072A40000C098F83840C96B02EB041252681160B0
:1072B4009A6C98F8441011601A6A317F5B6B116004
:1072C40095F830201A60022203681A61C3F858B096
:1072D400C27C002A32D072B6C37CDD0708D54FF0D9
:1072E400E0214469D1F8802122408262C1F88021E2
:1072F4009C0708D54FF0E0218469D1F8842122400D
:10730400C262C1F88421590708D54FF0E021C4694D
:10731400D1F8882122400263C1F888211A0708D5D0
:107324004FF0E021046AD1F88C2122404263C1F875
:107334008C21DF065CD462B6C27C0368374D816859
:10734400A9425FD0314985608969354CC1F3011781
:10735400C1F38261334E54F827400131B4FBF1F498
:10736400B44230D80021C16000241C6103245C6253
:107374000724196401211C66196112B3D60704D5C8
:10738400816A4FF0E023C3F80011950704D5C16A60
:107394004FF0E023C3F80411540704D5016B4FF0F8
:1073A400E023C3F80811110704D5416B4FF0E02323
:1073B400C3F80C11D30604D5826B4FF0E023C3F855
:1073C4001021BDE8F08F1849A1FB0461090DB4FB3D
:1073D400F1F4AC4288BF0131B1F5817F14D20229A6
:1073E400C0D902394C0804EB042441EA0421BAE769
:1073F4004FF0E022416AD2F890310B408363C2F827
:10740400903198E7C168AFE70849ACE700C00F4086
:10741400CFFFFFE3100000084C9A002000093D0054
:107424003C2D0020FF083D0083DE1B43FF7F7F00CF
:107434004268437C134493F824308B4207D092F87B
:107444002430994204D092F82530994225D07047CF
:1074540000218C4630B51468D4F800E054681EEA64
:10746400040F18D0DFF838E0B8250EEB03139C683E
:1074740002EB0C030CF10A0C256052F82C4093F833
:1074840024C0526B0EEB0C1EDEF804C0CCF8004096
:1074940093F830301360417430BD01218C46D9E734
:1074A4004C9A00204268037C13441B7C8B4205D019
:1074B400137C994203D0537C994224D07047002115
:1074C4008C4630B51468D4F800E054681EEA040F02
:1074D40017D0DFF838E0B8250EEB03139C6802EBF5
:1074E4000C0302EB8C0C126A2560DCF8144093F850
:1074F40010C00EEB0C1EDEF804C0CCF800401B7F5D
:107504001360017430BD01218C46DAE74C9A0020E7
:107514004268837C134493F838308B4207D092F846
:107524003830994204D092F83930994225D07047C6
:1075340000218C4630B51468D4F800E054681EEA83
:10754400040F18D0DFF838E0B8250EEB03139C685D
:1075540002EB0C0302EB8C0C926C2560DCF83C40D3
:1075640093F838C00EEB0C1EDEF804C0CCF80040D3
:1075740093F844301360817430BD01218C46D9E7FF
:107584004C9A00209F290FD84B09012201F01F01BA
:1075940002FA03FC00EB83038A40C17C41EA0C013C
:1075A400C174596911435961704700BF9F2917D8A5
:1075B400012200B54FEA511E01F01F0100EB8E0CB1
:1075C40002FA01F1DCF8143023EA0103CCF8143098
:1075D4002BB9C37C02FA0EF223EA0203C37400BD82
:1075E400704700BF0BB1FFF7FDBC70474268D2E99A
:1075F40000130968194200D1704703460020052191
:1076040010B51C6882B02061187C01930244107C80
:1076140007F0FAFE019B0521587C5A68024492F84F
:10762400240007F0F1FE019B05215A689B7C13445A
:1076340093F8380002B0BDE8104007F0E5BE00BF83
:107644002DE9F0418679002E60D0314A06F2B27EEF
:1076540040F2B273DFF8D0C006FB02F22D4C2E4D7F
:107664002E4F13F0030F0CFB03F103F1010306D1BA
:10767400B4EBB10F02D3B7EB311F00D32A449E45BC
:10768400EFD190F805E0BEF1010F2BD906F2B277E5
:10769400234D2449A5FB0735642307F003081E4C3A
:1076A4006D0903FB1575012306E0013311F801CBC5
:1076B400734504FB0C2215D0022BF6D1B8F1000F50
:1076C400F3D1194E35B907FB06F6DFF850C0BCEB11
:1076D400361FEAD3032302F5181201319E4502F541
:1076E4006E52E2D143784FF461648178C3EB0313A3
:1076F40005789B0004FB01330179074C58194B1E94
:10770400002104FB03001044BDE8F0813246B8E7D1
:107714008033E101285C8F02805101000AD7A30065
:107724001F85EB515C060020295C8FC270B51C4C90
:107734001C4E236832681C4D9B1A2868B3F57A7F67
:107744000BD3411C236802F57A72084601319B1A57
:10775400B3F57A7FF6D228603260144B1A688242FD
:1077640010D8134A12686AB19047124A01430F4B6A
:10777400126809D00244216828601A6002220E4B64
:1077840031601A70002170BD0B4C286821780244C6
:1077940000391A6018BF01212170002170BD00BF9B
:1077A400CC170220EC700120847201204472012065
:1077B400F47501207CA6002011180220084B094909
:1077C4001B68094A0344126810B4084C086002207C
:1077D40023600749074B08701A6010BC704700BF4C
:1077E4007CA6002084720120CC1702204472012060
:1077F40011180220EC70012009F038BD09F014BD05
:1078040009F07ABDF8B50025072304460F46037036
:10781400164629464580057120224571083014F02A
:1078240019FA294640F2097204F1290084F8285013
:1078340014F010FA41F2210329465022C4F83E37CD
:1078440004F24C70A4F83257A4F83457A4F8425701
:10785400C4F84457C4F8485714F0FCF9A022294648
:1078640004F29C7014F0F6F9204684F83C58A4F80D
:107874003E58C4F8387784F83C67F8BD10B56A49B7
:1078840090B0044600F2547014F02AFB002840F033
:10789400C780664904F25C7014F022FB002840F0B3
:1078A400BF80634904F2647014F01AFB002840F0AE
:1078B400B780604904F26C7014F012FB002840F0A9
:1078C400AF805D4904F2747014F00AFB002840F0A4
:1078D400A7805A4904F27C7014F002FB002840F09F
:1078E4009F80574904F2847014F0FAFA002840F09B
:1078F4009780544904F28C7014F0F2FA002840F096
:107904008F80514904F2947014F0EAFA002840F090
:1079140087800BA80AAB09AA4C49009004F2AC700A
:1079240013F07EFF03287BD1099A40F602039A42A2
:1079340076D80A9B0C2B73D80B9B1F2B70D80EA8E0
:107944000DAB0CAA4249009004F2BC7013F068FF1E
:10795400032865D10C9B172B62D80D9B3B2B5FD85A
:107964000E9B3B2B5CD803AA3A4904F2CC7013F06B
:1079740057FF012854D104AA364904F2DC7013F0ED
:107984004FFF01284CD105AA324904F2EC7013F0E0
:1079940047FF012844D106AA2E4904F2FC7013F0D3
:1079A4003FFF01283CD107AA2A4904F60C0013F032
:1079B40037FF012834D108AA264904F61C0013F025
:1079C4002FFF01282CD10FAA234904F62C0013F011
:1079D40027FF012824D10F9A12B30999002384F8B0
:1079E40027200A9A218462F30703DDE90B1261F36D
:1079F4000F2362F31743DDE90D1261F31F6384F86B
:107A040026200399049AC4F82230059BA160E26001
:107A14000699089A2361079B6161A261E36100E012
:107A2400002010B010BD00BF4C22002054220020C2
:107A34005C220020602200206422002068220020B2
:107A44006C220020742200207C220020842200204A
:107A540090220020842400200425002030B5002337
:107A640085B00446524900F24C70039314F038FA7E
:107A740010B1002005B030BD4E4904F29C7003AA39
:107A840013F0CEFE0128F4D1039BB3F5803FF0D26E
:107A940022786380062A154656D0474904F254706A
:107AA40014F01EFA0028E4D194F83C1704F2AC70E8
:107AB400424B03EBC10114F013FA0028D9D1052D70
:107AC400D7D8DFE805F017031503032B3C4904F26C
:107AD4005C7014F005FA0028CBD104F2BC73394968
:107AE4001846019314F0FCF9002831D10123637185
:107AF4000120BFE7344904F25C7014F0F1F9002866
:107B0400B7D194F8BC3704F2BC72532B28D1517806
:107B1400422925D1917819BB2171E9E72B4904F257
:107B24005C7014F0DDF90028A3D103AA214904F202
:107B3400BC7013F075FE01289BD1039BB3F5E16F74
:107B440097D8A4F83237D3E72046FFF797FE91E79A
:107B54001F49019814F0C4F900288AD16071C7E75D
:107B6400462B07D151784C2904D1917811B90123BE
:107B74002371BDE74C2B07D15378502B04D1937854
:107B840013B902232371B3E712491046019214F08A
:107B9400A7F910B903232371AAE70F49019814F038
:107BA4009FF900287FF465AF04232371A0E700BF89
:107BB4009C22002004250020A0220020E8A9002007
:107BC400940D0020B0220020A82200203C1C00209C
:107BD400B422002070170020BC0600202DE9F041DB
:107BE40004460F4690461D4D1D4E2B689F4209D9F1
:107BF400D4F8380703681B69B34227D109F036FB70
:107C04000028F2D0D4F83807164A03685B69934217
:107C140021D109F071FB431C1AD0B4F84017C0B24B
:107C240080EA1123A8EB000083EA1313B0FA80F072
:107C34001A01400982EAD30283EA43134A40DBB2C1
:107C440003EB0223A4F84037BDE8F0819847D7E757
:107C54000020BDE8F0819847DDE700BFCC17022083
:107C6400595700006157000070B5532282B0044692
:107C74000D46FFF7B3FF10B9002002B070BD5422C7
:107C840029462046FFF7AAFF0028F5D041222946BD
:107C94002046FFF7A3FF0028EED0522229462046B3
:107CA400FFF79CFF0028E7D0542229462046FFF71F
:107CB40095FF0028E0D00023B4F83E171A46A4F834
:107CC4004017A4F83E38A4F8343700E0013296B2E5
:107CD400514B1968B4F832378D4231D99E422FD2B4
:107CE400D4F838074D49036801925B698B4224D16B
:107CF40009F002FB019A411CEAD0B4F840E7C0B293
:107D040014FA82FC80EA1E233B2883EA13134FEA09
:107D1400031181EAD30183EA431381EA0E01DBB242
:107D240003EB0123A4F840378CF82900CED194F852
:107D34003437013384F83437C8E79847019ADAE7CF
:107D44009E4299D1002314FA82F282F82930B4F8C1
:107D54004037A4F84237304B1B689D421AD82E4B4B
:107D64001B689D4235D8452229462046FFF736FF39
:107D7400002881D04E2229462046FFF72FFF0028F5
:107D84003FF47AAF44222946204602B0BDE8704051
:107D9400FFF724BFD4F83807204A03685B6993428D
:107DA40036D109F0A9FA421CD5D0B4F8401780EABC
:107DB4001120C3B2C0F3031043401A0182EAD30274
:107DC40083EA43134A40DBB203EB0223A4F84037AF
:107DD400C5E7D4F83807114A03685B69934219D19F
:107DE40009F08AFA431CBAD0B4F8401780EA11208B
:107DF400C3B2C0F3031043401A0182EAD30283EAF8
:107E040043134A40DBB203EB0223A4F84037AAE74A
:107E14009847C8E79847E5E7CC1702206157000068
:107E24002DE9F04F924683B03C2204461E460D468F
:107E3400FFF7D4FE8146002847D006F1FF3B0AF144
:107E4400FF334FF00008234E019333689D422CD931
:107E5400D8452ADA204FD4F8380703685B69BB4257
:107E64002ED109F049FA431C1CD0B4F84017C0B213
:107E740080EA11233E2883EA13134FEA031282EAAD
:107E8400D30283EA431382EA0102DBB203EB022347
:107E9400A4F8403716D0019B08F1010803F8010F3C
:107EA4000193D2E733689D42D5D800232946204662
:107EB4003E220AF8083003B0BDE8F04FFFF78EBE4B
:107EC4009847D0E700230AF80830484603B0BDE8D5
:107ED400F08F00BFCC170220615700002DE9F0415C
:107EE4000446D0F83807474E0D4603689B69B342F1
:107EF4004ED109F099F9444F3B689D4224D9DFF8EB
:107F04001C810CE009F0F8F9D4F8380703689B6980
:107F1400B34215D109F088F93B689D4214D9431C3A
:107F240012D03C2816D0D4F8380703685B6943455F
:107F3400E8D09847D4F8380703689B69B342E9D07E
:107F440098473B689D42EAD83C2803D00025284640
:107F5400BDE8F08104F244760823294620463246DF
:107F6400FFF75EFF0028F1D029460A222046FFF7DA
:107F740035FE05460028E9D094F84477492F09D105
:107F840073784D2B06D1B37823B95B422370DEE7B7
:107F94009847B0E731461D4813F0A2FF48B1532F6C
:107FA4000AD17378572B07D1B3782BB902232370E6
:107FB400CDE701232370CAE73146154813F090FF3B
:107FC40070B13146134813F08BFF60B1542F0DD1BB
:107FD4007378432B0AD1B37843B905232370B6E7EA
:107FE40003232370B3E704232370B0E731460A4820
:107FF40013F076FF10B906232370A8E70823237033
:10800400A4E700BF5D570000CC170220B82200206F
:10801400C0220020C8220020D02200206157000086
:108024002DE9F04F924683B02F2204461E460D469A
:10803400FFF7D4FD8146002847D006F1FF3B0AF143
:10804400FF334FF00008234E019333689D422CD92F
:10805400D8452ADA204FD4F8380703685B69BB4255
:108064002ED109F049F9431C1CD0B4F84017C0B212
:1080740080EA11233E2883EA13134FEA031282EAAB
:10808400D30283EA431382EA0102DBB203EB022345
:10809400A4F8403716D0019B08F1010803F8010F3A
:1080A4000193D2E733689D42D5D800232946204660
:1080B4003E220AF8083003B0BDE8F04FFFF78EBD4A
:1080C4009847D0E700230AF80830484603B0BDE8D3
:1080D400F08F00BFCC1702206157000030B5002399
:1080E40083B03C2204460D46CDE90033FFF776FD0C
:1080F40008B903B030BD08236A4629462046FFF775
:108104008FFF0028F5D00A2229462046FFF766FD96
:108114000028EED004F24471684613F0E1FEB0FA90
:1081240080F0400903B030BD2DE9F04190F83C28BF
:1081340082B000270A2300EBC20204460D4602F275
:108144004C72CDE90077FFF76BFE002852D0384E11
:1081540033689D422FD90F2F2DD0DFF8D880D4F863
:10816400380703685B69434548D109F0C5F8431CE7
:108174001ED0B4F840C7C0B280EA1C233C2883EA6E
:1081840013134FEA031183EA431281EAD301D3B2F2
:1081940081EA0C0203EB0223A4F8403730D094F8B0
:1081A4003C3804EB03133B44013783F89C07CFE7C7
:1081B40033689D42D3D894F83C380022294620469F
:1081C40004EB03133B4483F89C273C22FFF706FD92
:1081D40080B108236A4629462046FFF721FF48B1AB
:1081E40094F83C18684604EBC10101F24C7113F099
:1081F40077FE70B1002002B0BDE8F0819847B6E781
:1082040094F83C38002204EB03133B4483F89C2786
:10821400DFE70A2229462046FFF7E0FC0028E9D0E0
:1082240094F83C38013384F83C3802B0BDE8F0815E
:10823400CC170220615700002DE9F041002284B0E0
:108244000423044602920D46ADF80C20CDE9002229
:108254000DEB0302FFF7E4FD00284CD03D4901A8D3
:1082640013F03EFE002846D107463B4E33689D423C
:108274002AD9052F28D0DFF8EC80D4F83807036812
:108284005B6943453CD109F037F8431C19D0B4F875
:1082940040C7C0B280EA1C233C2883EA13134FEA88
:1082A400031183EA431281EAD301D3B281EA0C02B7
:1082B40003EB0223A4F8403744D002ABD85501376E
:1082C400D4E733689D42D8D86F4400233C22294622
:1082D40020463B72FFF782FC68B1042329462046FE
:1082E4000DEB0302FFF79CFE054620B1194901A8D6
:1082F40013F0F6FD30B10025284604B0BDE8F08146
:108304009847C2E76A46154902A813F089FA01287A
:10831400F1D1009BB3F5803FEDD2D4F83807104A71
:1083240003689B69934211D108F07EFF0A28E3D1C8
:10833400D4F838070B4A03685B69934208D108F004
:10834400DBFFD9E76F4400233B72C6E79847EDE7AC
:108354009847D1E7D4220020CC170220042500201E
:108364005D570000615700002DE9F0418C4E044632
:10837400336803F1C80598462946FFF7AFFD002886
:1083840000F0B580874F33689D4260D9D4F8380730
:1083940003681B69BB4256D108F068FF0028F2D07D
:1083A400D4F83807804A03689B69934240F0F4800C
:1083B40008F03AFF09284AD1D4F838077B4A036801
:1083C4005B69934240F0EA8008F096FF431C19D0A1
:1083D400B4F840C7294680EA1C222046D3B2C2F32F
:1083E400031253401A0182EAD30283EA431382EA56
:1083F4000C02DBB203EB0223A4F84037FFF794FE30
:108404000028C0D1B4F83E3740F29C72002104F138
:108414005000A4F84037121B2346A4F8421784F8EE
:108424003C1884F8441783F84C1702F813100833E7
:108434009842F8D1D4F838070368DB6898470025D8
:108444002846BDE8F081984700289CD0A8E7294633
:108454002046FFF743FE68B3B4F840372946204668
:10846400A4F84237FFF7E8FE002859D02046FFF76A
:10847400F5FA05460028E2D02378052B6DD0B4F830
:108484003E270021234604F15000A4F8402740F27F
:108494009C72A4F84217121B84F83C1884F8441701
:1084A40083F84C1702F8131008338342F8D1284696
:1084B400BDE8F081B4F83E3740F29C7204F15001FB
:1084C400A4F84207A4F84037121B234684F83C085A
:1084D40084F8440783F84C0702F8130008338B42EE
:1084E400F8D1D4F838070368DB689847A7E7B4F8ED
:1084F4003E1740F29C722346A4F84207A4F84017A2
:10850400121B04F1500184F83C0884F8440783F8F2
:108514004C0702F8130008339942F8D100258FE77D
:10852400B4F83E3740F29C7204F15001A4F84207BB
:10853400A4F84037121B234684F83C0884F8440707
:1085440083F84C0702F8130008338B42F8D1D4F8AF
:1085540038070368DB68984771E708F59671204689
:10856400FFF782FB00288AD1B4F83E3740F29C72B0
:1085740004F15001A4F84207A4F84037121B234623
:1085840084F83C0884F8440783F84C0702F8130085
:1085940008338B42F8D14DE798470BE7984715E726
:1085A400CC170220595700005D57000061570000A6
:1085B400084608F0B1BE00BF30B5044683B00D468E
:1085C4000C301B49019206F0B9FA1A4904F118005B
:1085D40006F0B4FA184904F1240006F0AFFA0423B3
:1085E40040F2014104F1340084F832302186134909
:1085F40006F0A4FA114904F1400006F09FFA0F496D
:1086040004F14C0006F09AFA04F500530021019A93
:108614002046A3F8581083F85A100121A3F85C10DF
:1086240041F22103A2722560238103B030BD00BF53
:10863400D8220020E4220020F02200205C27002021
:10864400012909D0022904D0032908BF80F8322067
:10865400704780F83120704780F83020704700BFA1
:10866400012904D0022906D0032908D070471146F5
:10867400343006F04DBB1146403006F049BB11467C
:108684004C3006F045BB00BF10B504460068052217
:10869400084903685B6898472189206806F028FA2E
:1086A40020680722044903685B68984741F2210364
:1086B400238110BDFC220020042300202DE9F04773
:1086C40001F1FF38814601F16305184F1FFA88F65E
:1086D40014E008F021FE84EA1A20454580EA1010CF
:1086E4004FEA001280EA401382EAD002DBB28AEA3F
:1086F400020A03EB0A23A9F8083015D008F101088F
:10870400434613F801499BB220469E4200D05CB117
:10871400D9F80020B9F808A013681B68BB42D8D068
:10872400214610469847D6E7BDE8F087116500005A
:108734002DE9F041064600683B4D884603683789B9
:108744001B683C0AAB4262D13C2008F0E5FD84F092
:108754003C03306883EA13131A0182EAD30283EAE2
:1087640043135740DCB203681B6804EB0724AB4295
:108774004FEA1427348153D12F2008F0CDFD87F020
:108784002F0330464146DAB2C3F303135A401301B0
:1087940083EAD20382EA42125C40D2B202EB0422A0
:1087A4003281FFF78BFF3068378903683C0A1B6806
:1087B400AB4232D13E2008F0AFFD84F03E03306876
:1087C40083EA13131A0182EAD30283EA431357405C
:1087D400DCB203681B6804EB0724AB424FEA14279E
:1087E400348117D10A2008F097FD87F00A02D3B22A
:1087F400C2F303125340190183EA431281EAD303FB
:10880400D2B25C4002EB04243481BDE8F0813C2107
:1088140098479CE70A219847E7E73E219847CCE729
:108824002F219847ABE700BF116500002DE9F843FD
:108834000589044600680F466D4E914603684FEA69
:1088440015281B68B34240F0BD80092008F064FD80
:1088540088F00903206883EA18131A0182EAD30214
:1088640083EA43136A40DDB203681B6805EB022503
:10887400B3424FEA1528258140F0B6803C2008F029
:108884004BFD88F03C0220463946D3B2C2F30312B2
:1088940053401A0182EAD30283EA43135540DBB200
:1088A40003EB05232381FFF709FF2068B4F8088050
:1088B40003684FEA18251B68B34240F092803E20BB
:1088C40008F02AFD85F03E032046494683EA131347
:1088D4001A0182EAD30283EA431388EA0208DBB26C
:1088E40003EB08232381FFF7E9FE2068B4F808802E
:1088F40003684FEA18251B68B3426FD13C2008F087
:108904000BFD85F03C03206883EA13131A0182EA05
:10891400D30283EA431388EA0208DDB203681B68C2
:1089240005EB0825B3424FEA1528258153D12F20A2
:1089340008F0F2FC88F02F0339462046DAB2C3F37C
:1089440003135A40130183EAD20382EA42125D40C0
:10895400D2B202EB05222281FFF7B0FE20682789FC
:1089640003683D0A1B68B34232D13E2008F0D4FCB0
:1089740085F03E03206883EA13131A0182EAD302C6
:1089840083EA43135740DDB203681B6805EB0725F0
:10899400B3424FEA1527258117D10A2008F0BCFC01
:1089A40087F00A02D3B2C2F303125340190183EAD7
:1089B400431281EAD303D2B25D4002EB052525813F
:1089C400BDE8F8830921984742E70A219847E7E779
:1089D4003E219847CCE72F219847ABE73C219847A5
:1089E4008FE73E2198476DE73C21984749E700BF50
:1089F4001165000030B500F5005585B00A22044623
:108A0400B5F85C1001A806F03BF9019AA2B10B4934
:108A14002046FFF70BFFB5F85C404FF6FE7301A844
:108A24000134A4B29C4208BF0124A5F85C4006F0BE
:108A3400CFF8204605B030BD014AE8E79C2200206B
:108A4400949E0020F8B504460068764E0368278992
:108A54001B683D0AB34240F0D0803C2008F05CFC27
:108A640085F03C032046704983EA13131A0182EA15
:108A7400D30283EA43135740DBB203EB072323817A
:108A8400FFF71CFE2068278903683D0A1B68B34270
:108A940040F0C5803E2008F03FFC85F03E0320688E
:108AA40083EA13131A0182EAD30283EA4313574079
:108AB400DDB203681B6805EB0725B3424FEA1527AF
:108AC400258140F0A9800A2008F026FC87F00A02DC
:108AD4002046D3B2C2F3031253401A0182EAD302EE
:108AE40083EA43135540DBB203EB05232381FFF7ED
:108AF40081FF4E4BA27A20464D4903EBC202FFF799
:108B040095FE4C4A4C492046FFF790FE4B4A4C498F
:108B14002046FFF78BFE20464A4A4B49FFF786FE64
:108B24002068278903683D0A1B68B34271D13C2041
:108B340008F0F2FB85F03C03206883EA13131A0162
:108B440082EAD30283EA43135740DDB203681B6809
:108B540005EB0725B3424FEA1527258156D12F206F
:108B640008F0DAFB87F02F0220462F49D3B2C2F374
:108B7400031253401A0182EAD30283EA4313554095
:108B8400DBB203EB05232381FFF798FD20682789D7
:108B940003683D0A1B68B34235D13E2008F0BCFB94
:108BA40085F03E03206883EA13131A0182EAD30294
:108BB40083EA43135740DDB203681B6805EB0725BE
:108BC400B3424FEA152725811AD10A2008F0A4FBE5
:108BD40087F00A022046D3B2C2F3031253401A01AB
:108BE40082EAD30283EA43135540DBB203EB052345
:108BF4002381BDE8F840FFF747BD3C2198472FE7A4
:108C04000A219847E4E73E219847C9E72F2198476E
:108C1400A8E73C2198478DE70A21984756E73E216B
:108C240098473AE7116500000C230020E8A90020CA
:108C3400A022002044AC00201023002054AC0020CB
:108C44001823002078A6002024230020F8B5044629
:108C540000686F4E036827891B683D0AB34240F0E1
:108C6400C1803C2008F058FB85F03C03204669494C
:108C740083EA13131A0182EAD30283EA43135740A7
:108C8400DBB203EB07232381FFF718FD2068278954
:108C940003683D0A1B68B34240F0B6803E2008F0EA
:108CA4003BFB85F03E03206883EA13131A0182EA32
:108CB400D30283EA43135740DDB203681B6805EB14
:108CC4000725B3424FEA1527258140F09A800A20F0
:108CD40008F022FB87F00A022046D3B2C2F3031243
:108CE40053401A0182EAD30283EA43135540DBB2AC
:108CF40003EB05232381FFF77DFE474BA27A204631
:108D0400464903EBC202FFF791FD206827890368F7
:108D14003D0A1B68B34271D13C2008F0FDFA85F08E
:108D24003C03206883EA13131A0182EAD30283EA1C
:108D340043135740DDB203681B6805EB0725B342B4
:108D44004FEA1527258156D12F2008F0E5FA87F040
:108D54002F0220462F49D3B2C2F3031253401A0103
:108D640082EAD30283EA43135540DBB203EB0523C3
:108D74002381FFF7A3FC2068278903683D0A1B6849
:108D8400B34235D13E2008F0C7FA85F03E0320688F
:108D940083EA13131A0182EAD30283EA4313574086
:108DA400DDB203681B6805EB0725B3424FEA1527BC
:108DB40025811AD10A2008F0AFFA87F00A0220466A
:108DC400D3B2C2F3031253401A0182EAD30283EAF4
:108DD40043135540DBB203EB05232381BDE8F84080
:108DE400FFF752BC3C2198473EE70A219847E4E745
:108DF4003E219847C9E72F219847A8E73C21984787
:108E04008DE70A21984765E73E21984749E700BF67
:108E14001165000038230020E8A90020A0220020CA
:108E2400837A012B00D0704730B50446006883B0C4
:108E3400016822890B683849150A01928B425ED178
:108E44003C2008F069FA019A85F03C03204683EA45
:108E54001313190181EAD30183EA43134A402F49CA
:108E6400DBB203EB02232381FFF728FC206822896D
:108E74000168150A01920B6827498B4247D13E20AD
:108E840008F04AFA019A85F03E03206883EA131336
:108E9400190181EAD30183EA43134A400168DBB232
:108EA40003EB02230A681C491D0A23818A420193A9
:108EB40029D10A2008F030FA019B85F00A012046E6
:108EC400CAB2C1F303114A40110181EAD20182EA14
:108ED40042124B40D2B202EB03222281FFF78AFDF9
:108EE4000F4A20460F49FFF7A1FC20460B49FFF724
:108EF4001FFC204603B0BDE83040FFF7C5BB3C2152
:108F04009847019AA0E70A219047019BD5E73E21A3
:108F14009847019AB7E700BF11650000B40B002021
:108F24003C230020A02200202DE9F04104460068E3
:108F3400764E8846036827891B683D0AB34240F091
:108F4400CF803C2008F0E8F985F03C0320467049C6
:108F540083EA13131A0182EAD30283EA43135740C4
:108F6400DBB203EB07232381FFF7A8FB20682789E3
:108F740003683D0A1B68B34240F0C4803E2008F0F9
:108F8400CBF985F03E03206883EA13131A0182EAC1
:108F9400D30283EA43135740DDB203681B6805EB31
:108FA4000725B3424FEA1527258140F0A8800A20FF
:108FB40008F0B2F987F00A032046DAB2C3F30313C8
:108FC4005A40130183EAD20382EA42125D40D2B2CC
:108FD40002EB05222281FFF70DFD4E4BA27A2046BB
:108FE4004D4903EBC202FFF721FCB8F1000F71D029
:108FF4004A4A20464A49FFF719FC20682789036832
:109004003D0A1B68B34277D13C2008F085F985F00E
:109014003C03206883EA13131A0182EAD30283EA29
:1090240043135740DDB203681B6805EB0725B342C1
:109034004FEA152725815CD12F2008F06DF987F0C0
:109044002F0220463249D3B2C2F3031253401A010D
:1090540082EAD30283EA43135540DBB203EB0523D0
:109064002381FFF72BFB2068278903683D0A1B68CF
:10907400B3423BD13E2008F04FF985F03E0320680F
:1090840083EA13131A0182EAD30283EA4313574093
:10909400DDB203681B6805EB0725B3424FEA1527C9
:1090A400258120D10A2008F037F987F00A022046EA
:1090B400D3B2C2F3031253401A0182EAD30283EA01
:1090C40043135540DBB203EB05232381BDE8F04194
:1090D400FFF7DABA134A20461149FFF7A7FB8CE7DA
:1090E4003C21984730E70A219847DEE73E2198471C
:1090F400C3E72F219847A2E73C21984787E70A2135
:10910400984757E73E2198473BE700BF11650000A9
:1091140044230020E8A90020A0220020B02200203F
:10912400940D00204C2300202DE9F04104460068F2
:10913400764E8846036827891B683D0AB34240F08F
:10914400CF803C2008F0E8F885F03C0320467049C5
:1091540083EA13131A0182EAD30283EA43135740C2
:10916400DBB203EB07232381FFF7A8FA20682789E2
:1091740003683D0A1B68B34240F0C4803E2008F0F7
:10918400CBF885F03E03206883EA13131A0182EAC0
:10919400D30283EA43135740DDB203681B6805EB2F
:1091A4000725B3424FEA1527258140F0A8800A20FD
:1091B40008F0B2F887F00A032046DAB2C3F30313C7
:1091C4005A40130183EAD20382EA42125D40D2B2CA
:1091D40002EB05222281FFF70DFC4E4BA27A2046BA
:1091E4004D4903EBC202FFF721FBB8F1000F71D028
:1091F4004A4A20464A49FFF719FB20682789036831
:109204003D0A1B68B34277D13C2008F085F885F00D
:109214003C03206883EA13131A0182EAD30283EA27
:1092240043135740DDB203681B6805EB0725B342BF
:109234004FEA152725815CD12F2008F06DF887F0BF
:109244002F0220463249D3B2C2F3031253401A010B
:1092540082EAD30283EA43135540DBB203EB0523CE
:109264002381FFF72BFA2068278903683D0A1B68CE
:10927400B3423BD13E2008F04FF885F03E0320680E
:1092840083EA13131A0182EAD30283EA4313574091
:10929400DDB203681B6805EB0725B3424FEA1527C7
:1092A400258120D10A2008F037F887F00A022046E9
:1092B400D3B2C2F3031253401A0182EAD30283EAFF
:1092C40043135540DBB203EB05232381BDE8F04192
:1092D400FFF7DAB9134A20461149FFF7A7FA8CE7DA
:1092E4003C21984730E70A219847DEE73E2198471A
:1092F400C3E72F219847A2E73C21984787E70A2133
:10930400984757E73E2198473BE700BF11650000A7
:1093140054230020E8A90020A0220020B02200202D
:10932400940D00204C2300202DE9F84F804641F293
:10933400210300680522A8F8083008F500550368E1
:1093440030495B689847B5F85830B8F808406BB3B3
:1093540008F157072C4EB94619E007F0DDFF8AEAF9
:109364000B00A9EB0702C3B2C0F3031092B243404F
:10937400180183EA431180EAD303C9B25C4001EBCC
:109384000424A8F80840B5F8583093420FD9D8F807
:1093940000204FEA142B19F801AF136850461B68DC
:1093A400B342DAD0514610469847D8E7164E41F2F8
:1093B4002103D8F80020C4F30720A8F80830136864
:1093C4001B68B34216D107F0A7FFD8F80020E0B21B
:1093D40013681B68B34211D107F09EFFD8F8000050
:1093E40003220A4903685B689847012385F85A30C9
:1093F400BDE8F88F014610469847E6E70146104657
:109404009847EBE75C2300201165000064230020EB
:1094140070B541F2210304460068052225892381A1
:10942400036812495B6898472268114E280A13683A
:109434001B68B34211D107F06FFF2268E8B21368CA
:109444001B68B3420DD107F067FF20680322094966
:109454000368BDE870405B681847014610469847AA
:10946400EBE7014610469847EFE700BF5C23002076
:1094740011650000642300202DE9F843B0F808804A
:10948400044600680F46854E914603684FEA182546
:109494001B68B34240F0ED803C2007F03DFF85F0AF
:1094A4003C0320467E4983EA13131A0182EAD3025D
:1094B40083EA431388EA0208DBB203EB082323811F
:1094C400FFF7FCF82068B4F8088003684FEA182511
:1094D4001B68B34240F0CA803E2007F01DFF85F0B0
:1094E4003E03206883EA13131A0182EAD30283EA53
:1094F400431388EA0208DDB203681B6805EB0825FC
:10950400B3424FEA1528258140F0AD800A2007F0C8
:1095140003FF88F00A032046DAB2C3F303135A4068
:10952400130183EAD20382EA42125D40D2B202EB13
:1095340005222281FFF75EFAA27A5A4B20465A4945
:1095440003EBC202FFF772F9012F00F08680022FAD
:1095540000F09E80032F554920460CBF544A554ABB
:10956400FFF764F94A4654492046FFF75FF920465D
:10957400524A5349FFF75AF92068278903683D0A7C
:109584001B68B34240F081803C2007F0C5FE85F0A3
:109594003C03206883EA13131A0182EAD30283EAA4
:1095A40043135740DDB203681B6805EB0725B3423C
:1095B4004FEA1527258165D12F2007F0ADFE87F0EE
:1095C4002F0220463649D3B2C2F3031253401A0184
:1095D40082EAD30283EA43135540DBB203EB05234B
:1095E4002381FFF76BF82068278903683D0A1B680D
:1095F400B34244D13E2007F08FFE85F03E0320683D
:1096040083EA13131A0182EAD30283EA431357400D
:10961400DDB203681B6805EB0725B3424FEA152743
:10962400258129D10A2007F077FE87F00A02204617
:10963400D3B2C2F3031253401A0182EAD30283EA7B
:1096440043135540DBB203EB05232381FFF71CF8DA
:109654002046BDE8F843FFF7DBBE1A4A204613490B
:10966400FFF7E4F87EE70A21984752E73E2198473E
:1096740035E73C21984712E70A219847D5E73E2170
:109684009847BAE72F21984799E73C2198477EE706
:109694000D4A20460549FFF7C9F863E71165000044
:1096A400EC0C0020E8A90020A0220020D8220020F1
:1096B4007823002080230020882300209423002086
:1096C4003C1C0020682300207023002090F83030D8
:1096D40030B5044685B0032B00F23481DFE803F093
:1096E4003748260200F10C0101A805F04DFA019952
:1096F400002900F011819F4A2046FFF797F801A83E
:1097040005F066FAE36B002B45D004F1340101A89F
:1097140005F03AFA019A002A00F0F88020469649AA
:10972400FFF784F801A805F053FA34E000F10C01C6
:1097340001A805F029FA0199002900F0EF802046DC
:109744008E4AFFF773F801A805F042FA20E000F111
:109754000C0101A805F018FA0199002900F0E08035
:109764002046874AFFF762F801A805F031FA0FE0B6
:1097740000F10C0101A805F007FA0199002900F095
:10978400C98020467F4AFFF751F801A805F020FA66
:10979400E36B002BB9D194F83130042B00F2D7805D
:1097A400DFE803F003A39484130004F1180101A873
:1097B40005F0EAF90199002900F0B4802046704AC6
:1097C400FFF734F801A805F003FAA36CEBB994F899
:1097D4003230042B00F2DE80DFE803F0035848380F
:1097E400130004F1240101A805F0CEF90199002920
:1097F40000F0A0802046624AFFF718F801A805F09F
:10980400E7F9636D8BB905B030BD04F1400101A8DF
:1098140005F0BAF9019A002A7AD020465A49FFF78E
:1098240005F801A805F0D4F9D1E704F14C0101A829
:1098340005F0AAF9019A002A66D054492046FEF799
:10984400F5FF01A805F0C4F905B030BD04F1240109
:1098540001A805F099F90199002971D02046454ADB
:10986400FEF7E4FF01A805F0B3F9CAE704F1240107
:1098740001A805F089F9019900295FD020463F4AE3
:10988400FEF7D4FF01A805F0A3F9BAE704F1240117
:1098940001A805F079F9019900294DD02046394AEB
:1098A400FEF7C4FF01A805F093F9AAE704F1180133
:1098B40001A805F069F90199002939D020462D4AFB
:1098C400FEF7B4FF01A805F083F97EE704F118015F
:1098D40001A805F059F9019941B32046274AFEF73A
:1098E400A5FF01A805F074F96FE704F1180101A8B8
:1098F40005F04AF90199B9B12046224AFEF796FFCC
:1099040001A805F065F960E7214A96E7204A05E7D2
:109914001F4A82E71E4934E71D49ECE61C490EE75D
:109924001B491DE71A4949E71949E5E71849D4E7EE
:109934001749C3E716495DE71549AFE714499DE7A1
:1099440013498BE70E4A0C49FEF770FF20E704F138
:10995400180101A805F018F90D4B01992046084A91
:10996400002908BF1946FEF761FF01A805F030F988
:109974002BE700BF782300208823002070230020D9
:10998400802300206823002098230020A4230020A3
:10999400949E002004F1240101A805F0F5F8064B7B
:1099A40001992046054A002908BF1946FEF73EFFE3
:1099B40001A805F00DF924E7949E002080230020DF
:1099C400F0B5044600687C4E85B0036827891B689F
:1099D4003D0AB34240F0D9803C2007F09DFC85F05D
:1099E4003C032046754983EA13131A0182EAD30221
:1099F40083EA43135740DBB203EB07232381FEF7CB
:109A04005DFE2068278903683D0A1B68B34240F065
:109A1400CE803E2007F080FC85F03E03206883EA78
:109A240013131A0182EAD30283EA43135740DBB2C9
:109A340003EB072703681B683D0A2781B34240F004
:109A4400B3800A2007F068FC85F00A012046CAB2F8
:109A5400C1F303114A40130183EAD20382EA42129A
:109A64007B40D2B202EB03222281FEF7C3FF544BA8
:109A7400A27A2046534903EBC202FEF7D7FE2046E2
:109A8400FFF724FE04F500530A2201A8B3F8581086
:109A940005F0F6F8019A002A00F08C8020464A4925
:109AA400FEF7C4FE2068278903683D0A1B68B34299
:109AB40077D13C2007F030FC85F03C03206883EA32
:109AC40013131A0182EAD30283EA43135740DDB227
:109AD40003681B6805EB0725B3424FEA1527258168
:109AE4005CD12F2007F018FC87F02F032046334960
:109AF400DAB2C3F303135A40130183EAD20382EAAE
:109B040042125D40D2B202EB05222281FEF7D6FD5D
:109B14002068278903683D0A1B68B3423BD13E2075
:109B240007F0FAFB85F03E03206883EA13131A0159
:109B340082EAD30283EA43135740DDB203681B6809
:109B440005EB0725B3424FEA1527258120D10A20CA
:109B540007F0E2FB87F00A022046D3B2C2F30312F5
:109B640053401A0182EAD30283EA43135540DBB21D
:109B740003EB05232381FEF787FD2046FFF7D4FB83
:109B840001A805F025F805B0F0BD3C21984726E76B
:109B94000A219847DEE73E219847C3E72F219847DB
:109BA400A2E73C21984787E70A2198474CE73E21E2
:109BB400984731E7054A71E711650000EC0C002075
:109BC400E8A90020A02200203C1C0020949E002034
:109BD40011B31AB300F5005C70B505460026881869
:109BE4009CF85A2000230C784FF0010E5AB18CF8DF
:109BF4005A6001312B44ACF858E0814283F8584054
:109C0400EED1012070BDBCF85830B3F5005F03F10C
:109C1400010EEED1002070BD002070470120704776
:109C2400002300F50050A0F8583080F85A307047EF
:109C340000F50050B0F85800704700BF08B58368BD
:109C440003B19847034AD38843F48043D380BFF3D6
:109C54004F8F08BD00800B4008B5836803B1984757
:109C6400034A137803F0F7031370BFF34F8F08BD53
:109C740000400B4070B5114E04460D460D2230686D
:109C84000F4903685B689847366845B1284612F067
:109C940027FB3368024629465B68304698473046BE
:109CA40004F032FF201D2A460121FFF7E5FB04F5ED
:109CB4000054022384F8193C70BD00BFBCA90020E5
:109CC400B023002070B5114E04460D460D223068B5
:109CD4000F4903685B689847366845B1284612F017
:109CE400FFFA3368024629465B6830469847304697
:109CF40004F00AFF201D2A460221FFF7BDFB04F5EC
:109D04000054022384F8193C70BD00BFBCA9002094
:109D1400C023002070B5114E04460D460D22306854
:109D24000F4903685B689847366845B1284612F0C6
:109D3400D7FA3368024629465B683046984730466E
:109D440004F0E2FE201D2A460321FFF795FB04F5EB
:109D54000054022384F8193C70BD00BFBCA9002044
:109D6400D02300200A4B186880B10368094A1B6895
:109D740093420CD1836810B503B19847064AD3883F
:109D840043F48043D380BFF34F8F10BD704718470F
:109D9400587201209D7B000000800B402DE9F041AA
:109DA400254E82B005460C4640F8046B16460193D6
:109DB400FEF702FC42F264003246214605F50054E7
:109DC40028180026FDF71EFD42F6A80040F20228DE
:109DD4000227281801F032F86522002104F6B23077
:109DE40011F038FF019B154A04F6344CDFF850E0BB
:109DF4001360BEE80F00ACE80F00BEE80F00ACE84B
:109E04000F009EE803008CE80300A4F8316C84F88A
:109E1400B06BA4F8178C84F8197C84F8B16BFDF747
:109E240085FC42F62043EB18C3E90001284684F878
:109E3400306C02B0BDE8F081442A0020BCA90020A7
:109E44009803002010B5DFF884E00021184C46F296
:109E5400A01CDEF84030174A43F400139160CEF89A
:109E64004030636F43F440336367134C134B2260F9
:109E7400134A144CC2F8B04141F21032A3F800C0A6
:109E84004FF0E02C1A8044F20A02DA801A8842F079
:109E94006C021A804FF080521981CCF808219B88FB
:109EA4009B0700D410BD0849BDE81040FFF732BF3E
:109EB40000C00F40E81702205872012000800B40B8
:109EC40000B00020C57C0000E023002000C00A4050
:109ED40010B5044600F09AFF38B9084800F040FA7B
:109EE4002046BDE81040FFF7ADBF054800F01AFA60
:109EF4002046BDE81040FFF7A5BF00BFFC230020AB
:109F040020240020034B45F255514AF6AA225980D9
:109F14005A80704700800B4000F5005191F8312CB5
:109F240091F8323C9A4210B5044682B01FD000EB3F
:109F3400C202FF2002F50052D2F8383CD2F8342C89
:109F44004FEA630C81F8B00B04EB6300DB0721D408
:109F54000191904742F6A800201800F0B5FF01993E
:109F6400002291F8323C81F8B02B81F8313C04EBAB
:109F7400C30303F50053D3F8382CD3F8343C511001
:109F840004EB6200D20701D56258D35802B0BDE891
:109F94001040184754F80C309A58D9E738B542F6AF
:109FA400A80504464519284600F052FF50B1014661
:109FB400236820461B6A9847284600F049FF01465B
:109FC4000028F5D138BD00BF30B585B0041D00F5BB
:109FD4000055124901A804F0B1FD01AA012120464F
:109FE400FEF73EFB01A804F0F3FD012220461146D2
:109FF400FEF726FB204604220221FEF721FB204621
:10A0040004220321FEF71CFB0223204685F8193C99
:10A0140005B0BDE83040FFF7D3BC00BF3C240020AE
:10A0240070B50546A6B06422002105F500540DA8BC
:10A0340011F010FEB4F88620B4F8843052BA94F8C3
:10A0440088104E33ADF830208DF8323094F88920E2
:10A0540094F88A308DF82D208DF82C308DF82E1040
:10A06400FDF764FB06460BA8FDF7EAFA831B991C6F
:10A07400042925D894ED1E7A01229DF830009DF81C
:10A084003230B7EEC77A84F8B12B9DF8311003F261
:10A09400B2739DF82C2003909DF82D00049300903A
:10A0A4000DA89DF82E30CDE901218DED067B0D4ADA
:10A0B400642111F085FB0DA800F034F926B070BDC1
:10A0C400CDE90830084800F02DF972B60998C11797
:10A0D400FDF774FB62B642F6A8000899281800F050
:10A0E40013FFC7E76C2400205424002010B5044655
:10A0F40082B007294AD8DFE801F01D282F353C0437
:10A104001A1100F5005393F8302CCABB93F8982722
:10A114000121201D83F8302CFFF706F8FDF706FB1C
:10A1240042F62043E318C3E9000102B010BDFFF773
:10A1340077FFF3E700F500530121043093F868201A
:10A1440083F8322CFEF7F0FEE8E700F5005393F8AD
:10A15400692083F8182CE1E700F50053FE2283F808
:10A16400B02BDBE700F5005393F8692083F8172C34
:10A17400D4E700F5005393F8692083F8192CCDE750
:10A1840004490193FFF79EFD019BBFE7024800F0DD
:10A19400E7F8C3E788240020B824002030B504463B
:10A1A40042F2640083B020180CF08EFBD8B1012871
:10A1B40006D004F50054002384F8303C03B030BDCD
:10A1C40042F6B23004F50053274A6521201893F86B
:10A1D4009937054611F0F4FA2046294603B0BDE844
:10A1E4003040FFF76FBD04F5005393F88C10CA2973
:10A1F40026D00FD889B3C82928D10121201DFEF704
:10A2040093FF642005F04CF84FF0E023174AC3F89D
:10A214000C2DD3E7CB2919D142F6B23093F8B01BF9
:10A22400134A201893F8313C00916521054611F03A
:10A23400C7FA2046294603B0BDE83040FFF71ABDEF
:10A24400204603B0BDE83040FFF7BEBE2368204679
:10A25400DB6903B0BDE830401847064803B0BDE8E9
:10A26400304000F05FB800BF082500200400FA0564
:10A27400E8240020D424002070B542F2640504468A
:10A2840000F50056451903E096F86410FFF72EFF19
:10A294002846FEF769F803462046002BF4D196F8C9
:10A2A400303C53BBFDF742FA42F62043E218E35830
:10A2B400526813F5E15342F1000283428A4100DB04
:10A2C40070BD42F63045FDF731FA651955F8083C82
:10A2D40055F8042C13F5617342F1000283428A415C
:10A2E400EEDA09492046FFF715FDFDF71FFA0323AF
:10A2F40045E9020186F8323C70BD013B86F8303CEA
:10A30400FFF74CFFCEE700BF28250020024B0021B9
:10A31400024AC3E900217047E8170220642C002098
:10A32400704700BF38B50C4C054605220B49206820
:10A3340003685B689847246845B1284611F0D0FF4C
:10A3440023680246294620465B6898472046BDE8B4
:10A35400384004F0D9BB00BFBCA90020442500202C
:10A3640038B50C4C054605220B49206803685B6828
:10A374009847246845B1284611F0B2FF2368024685
:10A38400294620465B6898472046BDE8384004F0DB
:10A39400BBBB00BFBCA900204C2500200020704797
:10A3A400704700BF036D0BB101207047406DC01AA8
:10A3B40018BF0120704700BF0346806D80B100B50F
:10A3C40083B001930FF08CFC0022019B9A651A6DF7
:10A3D40062B103F1180003B05DF804EB0AF0C2BFE8
:10A3E4001A6D42B103F118000AF0BCBF5A6D002A7D
:10A3F400EFD103B000BD5A6D002AF3D1704700BFFE
:10A4040010B5046D6CB10BB1002010BD114620468F
:10A4140009F068F80028F7D02046BDE8104009F09C
:10A4240063BD446D002CEFD0204607F07BFA002872
:10A43400EAD02046BDE8104008F036B98A79A2F186
:10A4440050031B0628D4D0F850C002F26C7230B509
:10A454004B7985B091F804E001338C784D78DBB208
:10A464000978BCF1000F0AD060460194CDF800E0F1
:10A47400CDE90251022109F0C1FC05B030BD406DA7
:10A484000028FAD00194CDF800E0CDE90251022170
:10A4940008F040F805B030BD00207047026D82B16D
:10A4A400137813F0700F00D1704700B583B000210A
:10A4B4000190104609F016F8019B586D70B903B06D
:10A4C40000BD406D0028EFD090F8313013F0500FEC
:10A4D40003D00022002307F025BA7047002200238E
:10A4E40003B05DF804EB07F01DBA00BF816D09B13C
:10A4F4000846704700B583B001904FF480700FF0A8
:10A50400E7FB019B01469865B8B10022186D0A70FB
:10A5140040B14FF480720AF079FB019B996D0846B3
:10A5240003B000BD586D0028F9D04FF48072019338
:10A5340008F09AFA019B996DF1E7024A11469A656F
:10A54400EDE700BF161802200246006D0B4600B569
:10A5540085B040B301910DF10E0203A909F02CFC62
:10A56400019B58B3BDF80C20BDF80E1052EA01004F
:10A5740024D0C1F3451E01F01F00C90AC2F3431CD5
:10A58400400083F801E09970510A0CF1FF3C02F09D
:10A594001F0201F5EA611870012083F805C01A71E1
:10A5A400997105B000BD506D40B10DF10E0203A9C3
:10A5B400019307F065F8019B0028D3D1002005B072
:10A5C40000BD00BF0246006D0B4600B585B040B328
:10A5D40001910DF10E0203A909F0CCFB019B58B3C4
:10A5E400BDF80C20BDF80E1052EA010024D0C1F3CE
:10A5F400451E01F01F00C90AC2F3431C400083F842
:10A6040001E09970510A0CF1FF3C02F01F0201F5C0
:10A61400EA611870012083F805C01A71997105B0B8
:10A6240000BD506D40B10DF10E0203A9019307F076
:10A6340015F8019B0028D3D1002005B000BD00BF50
:10A6440003693BB318680021144A10B5846882B0CA
:10A6540094428DF8071014D1186D48B101220DF100
:10A66400070108F0D7FD90B19DF8070002B010BDB6
:10A67400586D0028FAD001220DF1070107F072F895
:10A68400F1E701220DF107011846A047EBE74FF06F
:10A69400FF30EBE74FF0FF30704700BF2588000024
:10A6A400036963B11A68074992698A4208D1186D2F
:10A6B40008B109F041B8586D08B107F0A7BD70475B
:10A6C4001846104711890000006990B10368154AC3
:10A6D4001B69934225D1036D63B1187810F008000B
:10A6E40007D0D8695B69C01A48BF6FF00040704753
:10A6F40018467047436D002BFAD093F8310010F0E0
:10A704000800F6D0186919685A69401A5B6862EB48
:10A714000303B0F1004F73F10003EAD36FF000407C
:10A7240070471847C98900000369CBB10D4810B5BB
:10A734001C68D4F80CE086450DD1186D18B1BDE83D
:10A74400104009F00FBC586D18B1BDE8104008F076
:10A754001FB8002010BD18467346BDE810401847C6
:10A764000020704725890000036D13B1586900214A
:10A774007047436D13B1D3E9000170471846194679
:10A78400704700BF036D13B1D86900217047436D52
:10A7940013B1D3E90401704718461946704700BF46
:10A7A400036D13B1184608F01FBE406D08B107F0E1
:10A7B400A3B84FF0FF307047036973B11A680849B2
:10A7C40052698A4207D1186D08B108F00DBE586D60
:10A7D40018B107F091B8184610474FF0FF30704792
:10A7E40001870000836C13B1184608F0FDBDC06CEE
:10A7F40008B107F081B84FF0FF3070470000000047
:10A8040070B59FED297B94B000224FF47A76284DE1
:10A814000446183104A88DF80C200095CDE90126D2
:10A824008DED127B0AF002FE129B002B2FD05C20D0
:10A8340005F090F91F49002206460160183001997D
:10A8440040F8142C40F80C1C1B4940F8101C0299C9
:10A8540040F8081C9DF80C1000F8041C04A90AF028
:10A864003BFD00224FF47A71B560B26562602273D9
:10A87400124AA16022607268266101327260104B34
:10A8840004A800930AF06EFD204614B070BD139B1B
:10A89400002BCCD1094A237322602361C4E9013619
:10A8A400EDE700BFAFF300800000000000000000EF
:10A8B400C02B0020E42B0020402C0020942B0020EF
:10A8C400702A0020036D13B1184608F0A3BC406D34
:10A8D40008B106F047BF4FF0FF307047836C00B5F6
:10A8E40083B05BB101220DF10701184608F092FC18
:10A8F40001280BD19DF8070003B000BDC06C28B13E
:10A9040001220DF1070106F02DFFF1E74FF0FF30B2
:10A91400F2E700BF036D33B11B7813F0700F14BF5F
:10A92400012000207047406D30B190F8313013F0B1
:10A93400500F14BF01200020704700BF8A79A2F194
:10A9440050031B0628D4D0F850C002F26C7230B504
:10A954004B7985B091F804E001338C784D78DBB203
:10A964000978BCF1000F0AD060460194CDF800E0EC
:10A97400CDE90251042109F041FA05B030BD406D22
:10A984000028FAD00194CDF800E0CDE90251042169
:10A9940007F0C0FD05B030BD00207047836C13B1D3
:10A9A400184608F0C9BEC06C08B107F02FBC704748
:10A9B400036D13B1184608F0BFBE406D08B107F02F
:10A9C40025BC7047036D13B1184609F0CBBA406D2E
:10A9D40008B107F0DDBE7047836C13B1184609F067
:10A9E400C1BAC06C08B107F0D3BE704700B5836C20
:10A9F40083B08DF807103BB101220DF10701184611
:10AA040009F0B0FA03B000BDC06C0028FAD00122EE
:10AA14000DF1070107F0BCFE03B000BD836C53B118
:10AA2400187810F008000DD0D8695B69C01A48BFC7
:10AA34006FF000407047C36CA3B193F8310010F07D
:10AA4400080000D17047186919685A69401A5B6890
:10AA540062EB0303B0F1004F73F10003F2D36FF024
:10AA6400004070471846EDE7036D53B1187810F0B5
:10AA740008000DD0D8695B69C01A48BF6FF0004068
:10AA84007047436DA3B193F8310010F0080000D172
:10AA94007047186919685A69401A5B6862EB0303C6
:10AAA400B0F1004F73F10003F2D36FF00040704730
:10AAB4001846EDE710B5036982B08DF80710C3B1ED
:10AAC4001968114AC96891420C4615D1186D30B104
:10AAD40001220DF1070109F045FA02B010BD586DCD
:10AAE4000028FAD001220DF1070107F051FE02B04F
:10AAF40010BD184602B010BD01220DF10701184621
:10AB0400A04702B010BD00BF2589000010B5104B4E
:10AB14000446806D82B0236018B10FF0E1F8002381
:10AB2400A365236D73B104F11803184601930AF069
:10AB340019FC019B074A1846A2600AF013FC204640
:10AB440002B010BD636D002BEDD104F11803F1E7E1
:10AB5400E42B0020702A002010B5124B0446806DAF
:10AB640082B0236018B10FF0BBF80023A365236DF6
:10AB740093B104F11803184601930AF0F3FB019B07
:10AB8400094A1846A2600AF0EDFB20465C2104F055
:10AB9400E3FF204602B010BD636D002BE9D104F140
:10ABA4001803EDE7E42B0020702A002010B5029969
:10ABB40094469E4629B101291ED002290FD00020B7
:10ABC40010BD046D0CB34FF0FF33934271EB0E03D1
:10ABD400F5D320461146BDE8104008F083BC036D50
:10ABE40023B3D96989184EF10002002AE7D1184627
:10ABF400BDE8104008F076BC036D6BB15969891843
:10AC04004EF10002002ADAD1F1E7406D0028D6D0D7
:10AC1400BDE8104006F086BE406D0028CFD0D0E9D4
:10AC240000231CEB020243EB0E03F1E7406D002806
:10AC3400C5D0D0E904231CEB020243EB0E03BDE8AC
:10AC4400104006F06FBE00BF36490346026901603A
:10AC5400002A50D051680139516000294BD1324843
:10AC640010B5146884B0E46A84424AD1906D40B14E
:10AC74000391CDE901230FF033F8019A0399029B64
:10AC84009165116D002938D002F1180001930AF082
:10AC940069FB019B1A695AB31168244849688142C7
:10ACA4003AD12349906D116038B1CDE901230FF0F9
:10ACB40017F80021019A029B9165116D31B302F1DD
:10ACC400180103930292084601910AF04BFB019983
:10ACD400DDE90223DFF85CC008460293C2F808C02D
:10ACE40001920AF03FFB5C21019804F035FF029BBE
:10ACF400184604B010BD18467047516D0029C3D1E1
:10AD0400C8E701931046A047019BC3E7516D002992
:10AD1400D5D102F11801DDE7019310468847019B64
:10AD2400E6E700BF942B002019830000B98A0000D5
:10AD3400E42B0020702A00202F4A036910B5044632
:10AD440082B00260002B3FD05A68013A5A60002A50
:10AD54003AD119682948C96A814240D1986D30B105
:10AD6400CDE900320EF0BCFFDDE900329A651A6DC0
:10AD7400002A30D003F118000AF0F4FA23691BB357
:10AD84001A681F4952688A4232D11E4A986D1A6065
:10AD940028B100930EF0A4FF0022009B9A651A6D5F
:10ADA40002B303F118020193104600920AF0DAFA92
:10ADB400DDE9002314491046009399600AF0D2FAA1
:10ADC4005C21009804F0C8FE2046142104F0C4FE5F
:10ADD400204602B010BD5A6D002ACBD1CEE71846EA
:10ADE4008847CBE75A6D002ADBD103F11802E1E76B
:10ADF40018469047E8E700BF942B00201983000011
:10AE0400B98A0000E42B0020702A002008B5FE2136
:10AE140002480BF0B9F8024B187008BD144C01201D
:10AE24001F180220024A0349034806F0E9BB00BF89
:10AE34004CA70020A98B0000D4A900204FF4407235
:10AE4400002108B510F006FF0022C0E9C02208BDA9
:10AE540090F800330BB900207047D0F8042310B5E4
:10AE6400D2E9024282B000920190FCF75FFC009AA2
:10AE7400A042019B914102DA002002B010BDD3F838
:10AE8400041393F80023087C002AF6D0D1F804C0F8
:10AE9400C3F804C3BCF1000F03D04FF0000ECCF88C
:10AEA40000E04FF0000C013A9FED057B81F812C0E1
:10AEB40081ED007B83F80023DFE700BFAFF3008060
:10AEC400000000000000000090F80033ABB14FF028
:10AED400000C9FED0B7BD0F80423013B5168C0F8B4
:10AEE400041309B1C1F800C013F0FF0382F812C0C3
:10AEF40082ED007BEFD180F800337047AFF3008020
:10AF04000000000000000000D0F804335BB15A7C5C
:10AF140032B9D3E90220521840EBE170C3E90220B0
:10AF24005B68002BF3D170472DE9F043884690F815
:10AF340000139DF81C701F2944D8144686461A46EF
:10AF44004FF0000C04E00CF1010CBCF1200F35D0E3
:10AF54009EF812300EF1180E002BF4D10CEB4C05B8
:10AF64004B1C012100EBC50EA9460CFA01F68EF824
:10AF740010808EF812108EF811709FED1D7BCEE9B3
:10AF840002428EED007BD0F8041380F8003329B917
:10AF9400C0F804E31FE04B68BBB11946D1E9025382
:10AFA400A5429341F7DB0B68C3B140F83930C3F8CD
:10AFB40004E0C1F800E0CEF804100CE090F812337D
:10AFC400002BCBD00020BDE8F08306EB0C03C1F8C6
:10AFD40004E040F833100120BDE8F08306EB0C03D5
:10AFE400C0F804E3C1F800E000EBC3035960F2E7E2
:10AFF400000000000000000030B50D4690F800137A
:10B0040085B01F2912D80446CDE90223FCF78EFB34
:10B01400029A039B821820464FF0000443EB01037D
:10B0240029460094FFF780FF05B030BD0248FFF7C2
:10B0340097F9002005B030BD54250020044BC2818F
:10B0440002320360002381810282C0E90133704728
:10B05400942A0020F8B50368064600251B68984723
:10B06400F789384604F066FA60F30705781C04F0A3
:10B0740061FA60F30F25B389ADB27468AB420FD0A7
:10B084000222394606F10C0004F00EFC34B12368A8
:10B0940020465B689847A468002CF8D10020F8BDCE
:10B0A40034B1236820461B689847A468002CF8D163
:10B0B4000120F8BDF8B5038AC4891D1BAA4214DB1C
:10B0C400A34212D90F4606460D462046013404F029
:10B0D40031FA2870A3B2328A294601359A42F4D84B
:10B0E400C7F10100084480B2F8BD0020F8BD00BFDC
:10B0F400028A41F2BC0C8B79134463450EDCB0F830
:10B104000EC06244D0F804C08A800382BCF1000FF0
:10B1140006D08368996081600120704700207047E1
:10B12400C0E901110120704704F0E0B970B5842230
:10B134000E460021044610F08DFD842200250021D6
:10B14400A01810F087FD2946862204F59070C4E902
:10B154004255C4E94455C4E9465510F07BFD8622A6
:10B16400294604F5D37010F075FD2046C4F8346206
:10B17400C4E98B5570BD00BFC0F81011A0F80C21B4
:10B18400704700BF2DE9F04104460F469046194D23
:10B19400194E2B689F4209D9D4F8340203681B69FD
:10B1A400B34220D106F062F80028F2D0D4F8340279
:10B1B400124A03685B6993421AD106F09DF8431C56
:10B1C40013D094F82F32C0B294F830220344A8EB81
:10B1D40000001A44B0FA80F084F82F32400984F851
:10B1E4003022BDE8F0819847DEE70020BDE8F08119
:10B1F4009847E4E7CC170220595700006157000034
:10B20400B0F82231934214D2ABB100F5927C4A1EBD
:10B21400002300B51CF801EF013302F801EF9BB2E3
:10B22400B0F822E19E45F5D81944002301200B70A3
:10B2340000BD00207047002301200B70704700BF41
:10B244002DE9F04182B00B460421002401AD0646ED
:10B25400134A0DEB0100019410F0B2FADFF84480B8
:10B264002F18D6F8342215F8014B136820461B68B2
:10B27400434510D106F050F896F82F22AF4296F8C5
:10B2840030321444234486F82F4286F83032E8D111
:10B2940002B0BDE8F081104621469847ECE700BFB4
:10B2A40004250020116500002DE9F04182B000243E
:10B2B4000B4605466E46144A062168460094ADF8CE
:10B2C400044010F07DFADFF844803718D5F83422B2
:10B2D40016F8014B136820461B68434510D106F04D
:10B2E4001BF895F82F22B74295F8303214442344C2
:10B2F40085F82F4285F83032E8D102B0BDE8F081FC
:10B30400104621469847ECE704250020116500000B
:10B314002DE9F0414FF000030446D0F834020E4604
:10B32400A4F82F32174603684B4D1B68AB427DD1FE
:10B334003F2005F0F1FF94F82F32204694F8302294
:10B3440031463F3384F82F32134484F83032FFF708
:10B3540077FFD4F8340203681B68AB4269D12C2010
:10B3640005F0DAFF94F82F3294F830222C33D4F815
:10B3740034021A4484F82F3284F8302203681B689C
:10B384006FB1AB4262D1312005F0C6FF94F82F2291
:10B3940094F830323132134484F82F220CE0AB425B
:10B3A40057D1302005F0B8FF94F82F2294F83032AA
:10B3B4003032134484F82F22D4F8340284F8303223
:10B3C40003681B68AB423ED13B2005F0A5FF94F80F
:10B3D4002F12204694F830323B310B4484F82F125C
:10B3E400DBB243EA012184F8303289B2FFF75CFF13
:10B3F400D4F8340203681B68AB4221D13B2005F02A
:10B404008BFF94F82F3294F830223B33D4F8340273
:10B414001A4484F82F3284F8302203681B68AB4244
:10B424000AD10A20BDE8F04105F076BF3F219847D4
:10B4340081E72C21984795E70A21BDE8F041184798
:10B444003B219847DDE73B219847C0E731219847E6
:10B454009CE730219847A7E7116500002DE9F041EA
:10B464004FF000030446D0F834020D46A4F82F32FE
:10B474000368434F1B68BB4275D1232005F04CFF82
:10B4840094F82F32294694F83022204623331A4464
:10B4940084F82F3284F83022FFF7D2FE94F88630F5
:10B4A40013B304F1870811E005F036FF94F82F1266
:10B4B400863E94F830320D4494F88620361B2B4493
:10B4C40084F82F52B24284F830320DDDD4F834229D
:10B4D400464618F8015F136828461B68BB42E3D050
:10B4E400294610469847E1E7D4F8340203681B68FC
:10B4F400BB4241D13B2005F00FFF94F82F122046A8
:10B5040094F830323B310B4484F82F12DBB243EA17
:10B51400012184F8303289B2FFF7C6FED4F8340230
:10B5240003681B68BB4224D13B2005F0F5FE94F868
:10B534002F3294F830223B33D4F834021A4484F87E
:10B544002F3284F8302203681B68BB420ED10A20D4
:10B5540005F0E2FE0023A4F8843084F8863084F8F1
:10B564008830BDE8F0812321984789E70A2198476C
:10B57400F0E73B219847DAE73B219847BDE700BF56
:10B58400116500002DE9F041002384B004460E4605
:10B59400274D284FDFF8A080ADF80C30CDE90133FA
:10B5A4002B689E421FD9019B052B1CD8D4F834026A
:10B5B40003689B69BB421AD105F036FE431CEFD0E9
:10B5C400D4F83412C3B20A683B2B526914D04245F2
:10B5D4000FD105F091FE019B5A1C6B4418722B6825
:10B5E40001929E42DFD8002004B0BDE8F081984764
:10B5F400E4E708469047EEE70F4B9A4215D105F071
:10B604007BFE01AA0D4902A810F00AF90128EAD12B
:10B61400019BB3F5803FE6D2B4F82F0240BA80B262
:10B62400C01AB0FA80F04009DEE708469047E8E720
:10B63400CC1702205D57000061570000042500204C
:10B644002DE9F041002382B080460C464F4D504E08
:10B65400504FCDE900332B689C422FD9019B022B1C
:10B664002CD8D8F8340203689B69B34237D105F06B
:10B67400DBFD431CEFD0C0B22C281FD03B281DD0CB
:10B68400D8F8340203685B69BB422AD105F034FE62
:10B69400421CE0D0019B98F82F2203F1010C6B446B
:10B6A40098F83012024418702B68114488F82F223D
:10B6B4009C42CDF804C088F83012CFD8D8F83402B0
:10B6C40003689B69B3424ED105F0AEFDC0B22C288D
:10B6D40009D03B2807D0002002B0BDE8F08198478C
:10B6E400C7E79847D4E701AA2B49684610F098F8B1
:10B6F4000128F0D1019BFF2BEDD8264E88F80030AD
:10B704002B689C42E7D9D8F8340203685B69B342DA
:10B7140027D105F0F1FDC2B20130F1D098F82F32F3
:10B724003B2A98F830121344194488F82F3288F8C9
:10B7340030121AD02C2A04D198F80130013388F839
:10B74400013098F80230591C434488F802101A71E9
:10B754002B689C42BFD9D8F8340203685B69B342B2
:10B76400D7D09847D7E79847B0E798F80230002237
:10B774002146404643441A7188F80220FFF702FF2D
:10B784000346012088F80330A6E700BFCC17022047
:10B794005D570000615700000425002000232DE9B7
:10B7A400F043814683B00D46434E1C46434FDFF8B9
:10B7B4001481CDE9003333689D422CD9019B022BBF
:10B7C40029D8D9F8340203689B69BB422FD105F00C
:10B7D4002BFD421CEFD0C4B22C2C1CD0D9F834025F
:10B7E40003685B69434524D105F086FD411CE2D022
:10B7F400019BC4B299F82F22581C6B4499F830125B
:10B8040022441C703368114489F82F229D42019010
:10B8140089F83012D2D82C2229464846FFF7B2FCC8
:10B82400074640B90024204603B0BDE8F08398479A
:10B83400CFE79847DAE701AA214968460FF0F0FFFD
:10B844000128EFD1019BFF2BECD8DFF8788089F831
:10B854002C3233689D4214D8302C2AD0312CE1D1BB
:10B864003B222946484689F82D72FFF78BFC044693
:10B874000028D7D029464846FFF784FE89F82E02CF
:10B88400D1E7D9F8340203685B6943450FD105F069
:10B8940033FD431CDDD099F82F32C4B299F830221D
:10B8A400234489F82F32134489F83032D4E7984777
:10B8B400EFE70027D4E700BFCC1702205D57000054
:10B8C40004250020615700002DE9F041002384B0D5
:10B8D400D0F810210093A0F80A3180F80831ADF8AF
:10B8E4000C30CDE90133002A3DD00C468046744D1E
:10B8F400744E754F2B689C422DD9019B022B2AD87C
:10B90400D8F8340203689B69B34231D105F08CFC4A
:10B91400431CEFD0C0B22C281DD0D8F834020368E1
:10B924005B69BB4226D105F0E7FC421CE2D0019BD7
:10B9340098F82F2203F1010C6B4498F8301202445A
:10B9440018702B68114488F82F229C42CDF804C04B
:10B9540088F83012D1D82B689C420DD8D8F834021C
:10B964000368DB6898470025284604B0BDE8F081E9
:10B974009847CDE79847D8E72C2221464046FFF761
:10B9840001FC0028EFD05149684601AA0FF048FF96
:10B994000128E8D1019BFF2BE5D888F80831002362
:10B9A400484E494F01932B689C422BD9019B042B91
:10B9B40028D8D8F8340203689B69B3427AD105F0D9
:10B9C40033FC421CEFD0C0B23B281BD0D8F8340261
:10B9D40003685B69BB426FD105F08EFC411CE2D069
:10B9E40098F82F3298F830120344019A88F82F32CD
:10B9F4000B4488F83032531C6A4401932B6810724C
:10BA04009C42D3D82B689C42A8D93B22214640466D
:10BA1400FFF7B8FB0028A6D001AA02A82B490FF013
:10BA2400FFFE01289FD1019BB3F5803F9BD29BB2BF
:10BA3400B8F80C219A42A8F80A318FD30023224E79
:10BA440001932B689C4221D9B8F80A21019B9A42A0
:10BA54001CD9D8F8340203685B69B3422ED105F0CF
:10BA64004BFC431CEDD098F82F3298F83022034455
:10BA740088F82F321344D8F8102188F83032019B0B
:10BA8400591C0191D0542B689C42DDD82B689C42F0
:10BA94007FF664AF3B2221464046FFF773FB054621
:10BAA40000283FF460AF21464046FFF76BFD88F85D
:10BAB4000E0159E7984784E798478FE79847D0E7FE
:10BAC400CC1702205D5700006157000004250020B8
:10BAD4002DE9F041002384B080460C467A4D7B4E1C
:10BAE4007B4F0093A0F8223180F82031ADF80C3060
:10BAF400CDE901332B689C422DD9019B022B2AD816
:10BB0400D8F8340203689B69B34231D105F08CFB49
:10BB1400431CEFD0C0B22C281DD0D8F834020368DF
:10BB24005B69BB4226D105F0E7FB421CE2D0019BD6
:10BB340098F82F2203F1010C6B4498F83012024458
:10BB440018702B68114488F82F229C42CDF804C049
:10BB540088F83012D1D82B689C420DD8D8F834021A
:10BB64000368DB6898470025284604B0BDE8F081E7
:10BB74009847CDE79847D8E72C2221464046FFF75F
:10BB840001FB0028EFD05349684601AA0FF048FE94
:10BB94000128E8D1019BFF2BE5D888F82031002348
:10BBA4004A4E4B4F01932B689C422BD9019B042B8B
:10BBB40028D8D8F8340203689B69B3427DD105F0D4
:10BBC40033FB421CEFD0C0B23B281BD0D8F8340260
:10BBD40003685B69BB4272D105F08EFB411CE2D065
:10BBE40098F82F3298F830120344019A88F82F32CB
:10BBF4000B4488F83032531C6A4401932B6810724A
:10BC04009C42D3D82B689C42A8D93B22214640466B
:10BC1400FFF7B8FA0028A6D001AA02A82D490FF010
:10BC2400FFFD01289FD1019B4FF6FE7293429AD8E3
:10BC34000022274EA8F8223101922B689C4223D976
:10BC4400019BB8F822219A421ED97E2B1CD8D8F821
:10BC5400340203685B69B34233D105F04DFB431CE6
:10BC6400EBD098F82F3298F83022034488F82F321A
:10BC7400134488F83032019B5A1C434483F825014D
:10BC84002B6801929C42DBD82B689C427FF666AFFE
:10BC9400019B00213B224046434483F82511214661
:10BCA400FFF770FA054600283FF45DAF2146404691
:10BCB400FFF768FC88F8240156E7984781E798471E
:10BCC4008CE79847CBE700BFCC1702205D570000F4
:10BCD40061570000042500200023394A70B504464A
:10BCE400D0F834022380A370237103681B69934244
:10BCF40044D105F0BBFA00283ED032494FF000038E
:10BD04000A68A4F82F3216460B6864329A42154624
:10BD140032D9D4F834022C4A03685B6993424CD17B
:10BD240005F0EAFA2749C2B2013025D094F82F323F
:10BD340094F830021344213A84F82F32034484F8EF
:10BD440030321E2A11D8DFE802F01B242B10101009
:10BD540010101010101010101010101010101010DF
:10BD6400101010101010101031000B684FF000026A
:10BD74009D42A4F82F22CCD8002070BD9847BAE782
:10BD840006F57A712046FFF79FFD0028F4D00320C2
:10BD940070BD29462046FFF79BFE8000C0B270BDEF
:10BDA40029462046BDE87040FFF74ABC2946204694
:10BDB400FFF7F4FC4000C0B270BD98470149B2E7F8
:10BDC40059570000CC1702206157000010B500231A
:10BDD40086B090F802C00022CDE90233CDE90433E5
:10BDE4000CF10103019200EB0C02DBB283701279B7
:10BDF4002C2A18D10CF10F0C5FFA8CFC634521D866
:10BE04000DF1080EC21801331279DBB22C2A0DD0C1
:10BE140032B1634583700EF8012BF3D918440279CB
:10BE24002C2A03D012B1002006B010BD0C4601AA82
:10BE3400064902A80FF0F4FC0128F4D1019B236009
:10BE440006B010BD03441A79EAE700BF8424002039
:10BE540010B56FF07F02044690F886000B4604F19B
:10BE6400880C82B0111A0E4A6044C9B201910FF0D5
:10BE7400A7FC019981420ADC002213461046A4F86B
:10BE8400842084F8882084F8863002B010BD94F8A9
:10BE940086300344012084F8863002B010BD00BF10
:10BEA4006825002010B56FF07F02044690F88600E4
:10BEB4000B4604F1880C82B0111A0E4A6044C9B2D0
:10BEC40001910FF07DFC019988420ADB00221346A0
:10BED4001046A4F8842084F8882084F8863002B0C0
:10BEE40010BD94F886300344012084F8863002B0F3
:10BEF40010BD00BF6C25002010B56FF07F02044612
:10BF040090F886000B4604F1880C82B0111A0E4A90
:10BF14006044C9B201910FF053FC019981420ADCDB
:10BF2400002213461046A4F8842084F8882084F85C
:10BF3400863002B010BD94F886300344012084F8A2
:10BF4400863002B010BD00BF6C25002010B56FF024
:10BF54007F0190F88630B7EEC00A84B0C91A04464F
:10BF640088300F4AC9B2184403918DED000B0FF0CD
:10BF740027FC039981420ADC002213461046A4F8E8
:10BF8400842084F8882084F8863004B010BD94F8A6
:10BF940086300344012084F8863004B010BD00BF0D
:10BFA40070250020002B18BF00290CBF4FF0010C96
:10BFB4004FF0000C2DE9F0418646002814BF60467E
:10BFC4004CF0010088BBB3F800C00CF104049442A7
:10BFD400A04628D8234ACEF800000CF103001778B5
:10BFE4000CF1010280B295B20CF1020296B2FFB1DB
:10BFF4001D8011F80C20CEF800201E8011F805C019
:10C0040042EA0C22CEF80020188011F806C042EA59
:10C014000C42CEF80020A3F800800B5C42EA0362D5
:10C02400CEF800200120BDE8F0810020BDE8F081B9
:10C034001D8011F80C201206CEF800201E8011F885
:10C0440005C042EA0C42CEF80020188011F806C060
:10C0540042EA0C22CEF800201C800B5C1343CEF87D
:10C064000030DFE71918022010B582B04FF0000C41
:10C07400044601A8CDF804C0FFF794FF08B1019B62
:10C08400236002B010BD00BF10B50446FFF74EF8A0
:10C09400204610BD2DE9F0432DED028B83B0B0EEA8
:10C0A400408A044615461E469DF930709DF9348039
:10C0B4009DF93890FFF720FF30B90023184603B0EC
:10C0C400BDEC028BBDE8F08329462046FFF714FF40
:10C0D4000028F2D0B0EE480A2046FFF737FF0028C8
:10C0E400EBD031462046FFF7DDFE0028E5D0394687
:10C0F4002046FFF7D7FE0028DFD041462046FFF751
:10C10400D1FE0028D9D049462046FFF7CBFE0028AF
:10C11400D3D0019004212046FFF7A0F9019BCDE77D
:10C1240010B582B00446FFF711FF034628B1019011
:10C1340005212046FFF792F9019B184602B010BD75
:10C1440010B582B00446FFF783FE034628B1019080
:10C1540009212046FFF782F9019B184602B010BD61
:10C1640010B582B00446FFF773FE034628B1019070
:10C174000A212046FFF772F9019B184602B010BD50
:10C18400B0F80AC1944501D30020704710B50C469D
:10C1940082B06246D0F810110190204603F040FCB2
:10C1A400019B00220120B3F80A31E25402B010BD11
:10C1B400FFF726B8292A01D8002070472DE9F0435B
:10C1C4004FF0000E0C460746042310214FF0010CDB
:10C1D400764699420D4614F80E2028BF1D46EDB24E
:10C1E4005B1B0CFA05F0491B1A410138C9B2104017
:10C1F400C0B2082D18BF024613F0FF0302FA01F281
:10C2040002D10EF1010E082316430029E1D10422C4
:10C214004FF0010C3E809A42164614F80E0028BFD7
:10C224001E46F6B29B1B0CFA06F5921B1841013D03
:10C23400D2B20540EDB2082E18BF284613F0FF0312
:10C2440000FA02F002D10EF1010E08230143002A84
:10C25400E1D108254FF0010CB9709D422E4614F827
:10C264000E1028BF1E469B1B0CFA06F0AD1B19418D
:10C274000138EDB20840C0B2082E18BF014613F0D1
:10C28400FF0301FA05F102D10EF1010E08230A435E
:10C29400002DE2D1FA704FF0010C102293421E4699
:10C2A40014F80E1028BF1646F6B29B1B0CFA06F0C3
:10C2B400921B19410138D2B20840C0B2082E18BFEF
:10C2C400014613F0FF0301FA02F102D10EF1010E4F
:10C2D40008230D43002AE1D108214FF0010CBD8051
:10C2E40099420E4614F80E0028BF1E46F6B29B1B58
:10C2F4000CFA06F5891B1841013DC9B20540EDB29F
:10C30400082E18BF284613F0FF0300FA01F002D1EB
:10C314000EF1010E082302430029E1D1BA714FF056
:10C32400010C082293421E4614F80E0028BF16463C
:10C33400F6B29B1B0CFA06F5921B1841013DD2B2D2
:10C344000540EDB2082E18BF284613F0FF0300FA8B
:10C3540002F002D10EF1010E08230143002AE1D1BB
:10C36400F9714FF0010C08218B421E4614F80E009F
:10C3740028BF0E46F6B29B1B0CFA06F5891B184122
:10C38400013DC9B20540EDB2082E18BF284613F08E
:10C39400FF0300FA01F002D10EF1010E082302435B
:10C3A4000029E1D13A724FF0010C072293421E4654
:10C3B40014F80E0028BF1646F6B29B1B0CFA06F5BD
:10C3C400921B1841013DD2B20540EDB2082E18BFB0
:10C3D400284613F0FF0300FA02F002D10EF1010E19
:10C3E40008230143002AE1D107254FF0010C79729B
:10C3F400AB421E4614F80E1028BF2E469B1B0CFAA7
:10C4040006F0AD1B19410138EDB20840C0B2082E48
:10C4140018BF014613F0FF0301FA05F102D10EF132
:10C42400010E08230A43002DE2D109204FF0010C2C
:10C43400BA7283421E4614F80E2028BF06469B1B80
:10C444000CFA06F1801B1A410139C0B21140C9B27D
:10C45400082E18BF0A4613F0FF0302FA00F202D1B5
:10C464000EF1010E082315430028E2D1BD814FF0DF
:10C47400010C0925AB421E4614F80E2028BF2E4697
:10C484009B1B0CFA06F1AD1B1A410139EDB21140A8
:10C49400C9B2082E18BF0A4613F0FF0302FA05F2C8
:10C4A40002D10EF1010E08231043002DE2D1F881D0
:10C4B4004FF0010C0C2083421E4614F80E2028BFB6
:10C4C40006469B1B0CFA06F1801B1A410139C0B2C7
:10C4D4001140C9B2082E18BF0A4613F0FF0302FA2E
:10C4E40000F202D10EF1010E082315430028E2D117
:10C4F4003D824FF0010C0C25AB421E4614F80E2071
:10C5040028BF2E469B1B0CFA06F1AD1B1A410139BC
:10C51400EDB21140C9B2082E18BF0A4613F0FF034A
:10C5240002FA05F202D10EF1010E08231043002D88
:10C53400E2D178824FF0010C0C2083421E4614F89D
:10C544000E2028BF06469B1B0CFA06F1801B1A41DD
:10C554000139C0B21140C9B2082E18BF0A4613F0FF
:10C56400FF0302FA00F202D10EF1010E0823154373
:10C574000028E2D1BD824FF0010C0C25AB421E46CF
:10C5840014F80E2028BF2E469B1B0CFA06F1AD1B97
:10C594001A410139EDB21140C9B2082E18BF0A463A
:10C5A40013F0FF0302FA05F202D10EF1010E082383
:10C5B4001043002DE2D1F8824FF0010C0C2083428D
:10C5C4001E4614F80E2028BF06469B1B0CFA06F1E3
:10C5D400801B1A410139C0B21140C9B2082E18BFDC
:10C5E4000A4613F0FF0302FA00F202D10EF1010E23
:10C5F400082315430028E2D1152101263D838B42EF
:10C604009C4614F80E2028BF8C46A3EB0C0306FAB4
:10C614000CF5A1EB0C011A41013DC9B2D2B215408F
:10C62400BCF1080F18BF2A4613F0FF0302FA01F207
:10C6340002D10EF1010E082310430029DFD1F86165
:10C644000126084616218B429C4614F80E2028BF6A
:10C654008C46A3EB0C0306FA0CF5A1EB0C011A4172
:10C66400013DC9B2D2B21540BCF1080F18BF2A4629
:10C6740013F0FF0302FA01F202D10EF1010E0823B6
:10C6840010430029DFD110224FF0010C386293428D
:10C694001E4614F80E0028BF1646F6B29B1B0CFA71
:10C6A40006F5921B1841013DD2B20540EDB2082EA9
:10C6B40018BF284613F0FF0300FA02F002D10EF16E
:10C6C400010E08230143002AE1D105254FF0010C96
:10C6D400B984AB421E4614F80E1028BF2E469B1B8D
:10C6E4000CFA06F0AD1B19410138EDB20840C0B296
:10C6F400082E18BF014613F0FF0301FA05F102D119
:10C704000EF1010E08230A43002DE2D11321012664
:10C7140087F826208B429C4614F80E2028BF8C46AE
:10C72400A3EB0C0306FA0CF0A1EB0C011A4101383F
:10C73400C9B2D2B21040BCF1080F18BF024613F0C0
:10C74400FF0302FA01F202D10EF1010E0823154390
:10C754000029DFD119200126BD6283429C4614F8CA
:10C764000E2028BF8446A3EB0C0306FA0CF5A0EBBD
:10C774000C001A41013DC0B2D2B21540BCF1080F01
:10C7840018BF2A4613F0FF0302FA00F202D10EF199
:10C79400010E082311430028DFD107F12F0807F108
:10C7A40037090126F962002508218B42184614F83E
:10C7B4000E2028BF08461B1A06FA00FC091A1A4163
:10C7C4000CF1FF3CC9B20CEA020C5FFA8CFC08289D
:10C7D40018BF624613F0FF0302FA01F202D10EF110
:10C7E400010E082315430029DFD108F8015FC14574
:10C7F400D9D1012087F83710BDE8F083000000008C
:10C8040010B52DED048B8B78FEB00446022B00F29C
:10C81400B680634A52F82300D1ED077AF3EE042A76
:10C824008B7AB8EE674BCA6A05EE103A8B79F2EE52
:10C83400047A06EE103ACB79B8EEC55A06EE903A71
:10C844000B7AB8EEC66A85EE222A07EE103A8B8977
:10C8540005EE903ACB89F8EEE66AB8EEC77AF8EEC0
:10C86400E55A86EEA75AC7EE276A9FED4E7AB7EED1
:10C87400C22A9FED453B9FED468B9FED471B84EEFF
:10C88400030B86EE274A07EE903A0B8B24928A6AB2
:10C89400F6EE004A2392F8EEE77AB0EE476AA7EE86
:10C8A400A47AA5EEA46AB7EEC77AB7EEC44A30EE0E
:10C8B400480B8DED1C0B91F826208DED107B8DED32
:10C8C4000C2B229207EE903AD1ED085AB8EE677B12
:10C8D400CB8AB8EE652B8A8C08EE103A8B8A09EE67
:10C8E400102AB7EEC55A00EE103AB8EE488BB8EEEF
:10C8F400499B01F13002B8EE400B8DED1A7B82EEBC
:10C90400037B4B8A02EE103A0B8A03EE103AB8EE20
:10C91400422B8DED209B8DED188B4B7AB8EE433B6B
:10C924008DED160B8DED142B8DED123B37EE417B07
:10C934008DED1E7BB7EEC67A8DED0E7BB7EEE67AF3
:10C944000A93B1F804C001908DED044BC8780B88AC
:10C954004FF4AF71CDF80CC00092029026A8124A91
:10C964008DED065B8DED087B0EF02AFF26A920468F
:10C9740002F0E4F820467EB0BDEC048B10BD0B48F9
:10C984004AE700BFAFF30080000000000088C34006
:10C994000000000000805640000000000080664057
:10C9A4004C2D00200000C8C27C25002074250020E6
:10C9B4000023C0E90033C0E90233C0E90433C0E90D
:10C9C4000633C0E90833C0E90A33C0E90C33C0E9CF
:10C9D4000E33C0E91033C0E91233C0E91433836560
:10C9E400704700BF2F2A01D8002070472DE9F0417D
:10C9F400864608780122082300F00F004FF0100C3F
:10CA04000025164680468EF8300063451F46885C34
:10CA140028BF6746DB1B06FA07F4ACEB070C18418A
:10CA2400013C5FFA8CFC0440E4B2082F18BF204696
:10CA340013F0FF0300FA0CF001D10132082305437F
:10CA4400BCF1000FE1D1AEF80050012665464FF06D
:10CA5400100C63451F46885C28BF6746DB1B06FA3B
:10CA640007F4ACEB070C1841013C5FFA8CFC044062
:10CA7400E4B2082F18BF204613F0FF0300FA0CF0AD
:10CA840001D1013208230543BCF1000FE1D1AEF816
:10CA94000250012610259D422F46885C28BF1F4660
:10CAA400DB1B06FA07F4ED1B1841013CEDB2044010
:10CAB400E4B2082F18BF204613F0FF0300FA05F074
:10CAC40001D1013208234CEA000C002DE3D1AEF869
:10CAD40004C001264FF0100C9C456746885C28BFB3
:10CAE4001F46FFB2DB1B06FA07F4ACEB070C184138
:10CAF400013C5FFA8CFC0440E4B2082F18BF2046C6
:10CB040013F0FF0300FA0CF001D1013208230543AE
:10CB1400BCF1000FE0D1AEF8065004200125834299
:10CB24001E468C5C28BF0646F6B29F1B05FA06F328
:10CB3400801B3C41013BC0B22340DBB2082E18BF2E
:10CB44001C4617F0FF0304FA00F401D10132082354
:10CB54004CEA040C0028E2D1042501268EF808C012
:10CB64009D422F4611F802C028BF1F46DB1B06FA60
:10CB740007F4ED1B4CFA03FC013CEDB204EA0C048F
:10CB8400E4B2082F18BFA44613F0FF030CFA05FC07
:10CB940001D10132082340EA0C00002DE0D1AC465B
:10CBA400012610258EF80900AB421F46885C28BF79
:10CBB4002F46DB1B06FA07F4ED1B1841013CEDB2CE
:10CBC4000440E4B2082F18BF204613F0FF0300FA14
:10CBD40005F001D1013208234CEA000C002DE3D109
:10CBE400AEF80AC001264FF0100C63451F46885C5E
:10CBF40028BF6746DB1B06FA07F4ACEB070C1841A9
:10CC0400013C5FFA8CFC0440E4B2082F18BF2046B4
:10CC140013F0FF0300FA0CF001D10132082305439D
:10CC2400BCF1000FE1D1AEF80C5001261025AB4247
:10CC34001F46885C28BF2F46DB1B06FA07F4ED1B52
:10CC44001841013CEDB20440E4B2082F18BF20465D
:10CC540013F0FF0300FA05F001D1013208234CEA76
:10CC6400000C002DE3D1AEF80EC001264FF0100CDD
:10CC740063451F46885C28BF6746DB1B06FA07F43A
:10CC8400ACEB070C1841013C5FFA8CFC0440E4B2A5
:10CC9400082F18BF204613F0FF0300FA0CF001D14F
:10CCA400013208230543BCF1000FE1D1AEF8105066
:10CCB40001261025AB421F46885C28BF2F46DB1B8C
:10CCC40006FA07F4ED1B1841013CEDB20440E4B24E
:10CCD400082F18BF204613F0FF0300FA05F001D116
:10CCE400013208234CEA000C002DE3D1AEF812C047
:10CCF40001264FF0100C63451F46885C28BF674629
:10CD0400DB1B06FA07F4ACEB070C1841013C5FFA95
:10CD14008CFC0440E4B2082F18BF204613F0FF0334
:10CD240000FA0CF001D1013208230543BCF1000FD5
:10CD3400E1D1AEF8145001261025AB421F46885CA1
:10CD440028BF2F46DB1B06FA07F4ED1B1841013CF4
:10CD5400EDB20440E4B2082F18BF204613F0FF03DD
:10CD640000FA05F001D1013208234CEA000C002D31
:10CD7400E3D1AEF816C001264FF0100C63451F46F0
:10CD8400885C28BF6746DB1B06FA07F4ACEB070C8C
:10CD94001841013C5FFA8CFC0440E4B2082F18BF30
:10CDA400204613F0FF0300FA0CF001D101320823EE
:10CDB4000543BCF1000FE1D1AEF81850012610254F
:10CDC400AB421F46885C28BF2F46DB1B06FA07F4DC
:10CDD400ED1B1841013CEDB20440E4B2082F18BF2A
:10CDE400204613F0FF0300FA05F001D101320823B5
:10CDF4004CEA000C002DE3D1AEF81AC001264FF026
:10CE0400100C63451F46885C28BF6746DB1B06FA87
:10CE140007F4ACEB070C1841013C5FFA8CFC0440AE
:10CE2400E4B2082F18BF204613F0FF0300FA0CF0F9
:10CE340001D1013208230543BCF1000FE1D1AEF862
:10CE44001C500C206546012683421F4611F802C07F
:10CE540028BF0746FFB2DB1B06FA07F4C01B4CFAD7
:10CE640003FC013CC0B204EA0C04E4B2082F18BF6E
:10CE7400A44613F0FF030CFA00FC01D1013208238D
:10CE840045EA0C050028DFD1AEF81E50012608251E
:10CE9400AB421F4611F802C028BF2F46DB1B06FA1F
:10CEA40007F4ED1B4CFA03FC013CEDB204EA0C045C
:10CEB400E4B2082F18BFA44613F0FF030CFA05FCD4
:10CEC40001D10132082340EA0C00002DE0D1AC4628
:10CED40001260A258EF82000AB421F46885C28BF35
:10CEE4002F46DB1B06FA07F4ED1B1841013CEDB29B
:10CEF4000440E4B2082F18BF204613F0FF0300FAE1
:10CF040005F001D1013208234CEA000C002DE3D1D5
:10CF14000E200126AEF822C083421F4611F802C03B
:10CF240028BF0746FFB2DB1B06FA07F4C01B4CFA06
:10CF340003FC013CC0B204EA0C04E4B2082F18BF9D
:10CF4400A44613F0FF030CFA00FC01D101320823BC
:10CF540045EA0C050028DFD1AEF824500126082547
:10CF6400AB421F4611F802C028BF2F46DB1B06FA4E
:10CF740007F4ED1B4CFA03FC013CEDB204EA0C048B
:10CF8400E4B2082F18BFA44613F0FF030CFA05FC03
:10CF940001D10132082340EA0C00002DE0D1AC4657
:10CFA40001260C258EF82600AB421F46885C28BF5C
:10CFB4002F46DB1B06FA07F4ED1B1841013CEDB2CA
:10CFC4000440E4B2082F18BF204613F0FF0300FA10
:10CFD40005F001D1013208234CEA000C002DE3D105
:10CFE4000C240126AEF828C0A3421F4611F802C043
:10CFF40028BF2746DB1B06FA07F0E41B4CFA03FCA8
:10D004000138E4B200EA0C00C0B2082F18BF84460D
:10D0140013F0FF030CFA04FC01D10132082345EAA2
:10D024000C05002CE0D1AEF82A50012625460C242C
:10D03400A3421F4611F802C028BF2746DB1B06FA8D
:10D0440007F0E41B4CFA03FC0138E4B200EA0C00DC
:10D05400C0B2082F18BF844613F0FF030CFA04FC77
:10D0640001D10132082345EA0C05002CE0D1AEF8C9
:10D074002C500C202546012683421F4611F802C07D
:10D0840028BF0746FFB2DB1B06FA07F4C01B4CFAA5
:10D0940003FC013CC0B204EA0C04E4B2082F18BF3C
:10D0A400A44613F0FF030CFA00FC01D1013208235B
:10D0B40045EA0C050028DFD1AEF82E5001260425E0
:10D0C400AB421F4611F802C028BF2F46FFB2DB1B3C
:10D0D40006FA07F4ED1B4CFA03FC013CEDB204EA3A
:10D0E4000C04E4B2082F18BFA44613F0FF030CFA93
:10D0F40005FC01D10132082340EA0C00002DDFD1E8
:10D104008EF82700B8F1050F00F2BF80DFE818F0B1
:10D1140072022A02E20176010600C00008200127FB
:10D1240083429C468C5C28BF84465FFA8CFCA3EB4C
:10D134000C0307FA0CF6A0EB0C001C41013EC0B234
:10D144002640F6B2BCF1080F18BF344613F0FF03B3
:10D1540004FA00F445EA040501D101320823002849
:10D16400DED18EF8435001270825AB429C468C5CE7
:10D1740028BFAC465FFA8CFCA3EB0C0307FA0CF651
:10D18400A5EB0C051C41013EEDB22640F6B2BCF104
:10D19400080F18BF344613F0FF0304FA05F440EAFD
:10D1A400040001D101320823002DDED10824012717
:10D1B4008EF84400A3429C46885C28BFA4465FFACC
:10D1C4008CFCA3EB0C0307FA0CF6A4EB0C0418413B
:10D1D400013EE4B20640F6B2BCF1080F18BF304677
:10D1E40013F0FF0300FA04F045EA000501D101320F
:10D1F4000823002CDED1082001278EF845508342F5
:10D204009C468D5C28BF84465FFA8CFCA3EB0C0320
:10D2140007FA0CF6A0EB0C001D41013EC0B22E40F3
:10D22400F6B2BCF1080F18BF354613F0FF0305FA38
:10D2340000F544EA050401D1013208230028DED1B7
:10D24400082601278EF84640B3429C468C5C28BFD2
:10D25400B446A3EB0C0307FA0CF5A6EB0C061C4131
:10D26400013DF6B22540EDB2BCF1080F18BF2C46C3
:10D2740013F0FF0304FA06F440EA040001D101327A
:10D284000823002EE0D18EF847000120BDE8F0818C
:10D294000820012783429C468C5C28BF84465FFAA1
:10D2A4008CFCA3EB0C0307FA0CF6A0EB0C001C415E
:10D2B400013EC0B22640F6B2BCF1080F18BF344696
:10D2C40013F0FF0304FA00F445EA040501D1013226
:10D2D40008230028DED1082401278EF84850A342F1
:10D2E4009C468D5C28BFA4465FFA8CFCA3EB0C0320
:10D2F40007FA0CF6A4EB0C041D41013EE4B22E40E7
:10D30400F6B2BCF1080F18BF354613F0FF0305FA57
:10D3140004F540EA050001D101320823002CDED1D6
:10D32400082601278EF84900B3429C46885C28BF32
:10D33400B446A3EB0C0307FA0CF5A6EB0C06184154
:10D34400013DF6B20540EDB2BCF1080F18BF284606
:10D3540013F0FF0300FA06F044EA000401D101329D
:10D364000823002EE0D10C2001278EF84A40834286
:10D374009C468C5C28BF84465FFA8CFCA3EB0C03B0
:10D3840007FA0CF5A0EB0C001C41013DC0B225408E
:10D39400EDB2BCF1080F18BF2C4613F0FF0304FADA
:10D3A40000F446EA040601D1013208230028DED144
:10D3B400AEF84C6001270426B3429C468C5C28BF1F
:10D3C400B446A3EB0C0307FA0CF5A6EB0C061C41C0
:10D3D400013DF6B22540EDB2BCF1080F18BF2C4652
:10D3E40013F0FF0304FA06F440EA040001D1013209
:10D3F4000823002EE0D18EF84E0046E708260127C8
:10D40400B3429C46885C28BFB446A3EB0C0307FADE
:10D414000CF4A6EB0C061841013CF6B20440E4B24D
:10D42400BCF1080F18BF204613F0FF0300FA06F002
:10D4340045EA000501D101320823002EE0D1102075
:10D4440001278EF83E5083429C468C5C28BF84465C
:10D454005FFA8CFCA3EB0C0307FA0CF5A0EB0C00B1
:10D464001C41013DC0B22540EDB2BCF1080F18BF0C
:10D474002C4613F0FF0304FA00F446EA040601D133
:10D48400013208230028DED1AEF8406001270826C7
:10D49400B3429C468C5C28BFB446A3EB0C0307FA4A
:10D4A4000CF5A6EB0C061C41013DF6B22540EDB28D
:10D4B400BCF1080F18BF2C4613F0FF0304FA06F45E
:10D4C40040EA040001D101320823002EE0D18EF895
:10D4D4004200DAE6102500260127AB429C46885C10
:10D4E40028BFAC46A3EB0C0307FA0CF4A5EB0C0520
:10D4F4001841013CEDB20440E4B2BCF1080F18BF7E
:10D50400204613F0FF0300FA05F046EA000601D1B5
:10D5140001320823002DE0D1AEF83860012710262F
:10D52400B3429C46885C28BFB446A3EB0C0307FABD
:10D534000CF4A6EB0C061841013CF6B20440E4B22C
:10D54400BCF1080F18BF204613F0FF0300FA06F0E1
:10D5540045EA000501D101320823002EE0D1AEF8DE
:10D564003A5092E6102500260127AB429C46885C7F
:10D5740028BFAC46A3EB0C0307FA0CF4A5EB0C058F
:10D584001841013CEDB20440E4B2BCF1080F18BFED
:10D59400204613F0FF0300FA05F046EA000601D125
:10D5A40001320823002DE0D1AEF8366001271026A1
:10D5B400B3429C46885C28BFB446A3EB0C0307FA2D
:10D5C4000CF4A6EB0C061841013CF6B20440E4B29C
:10D5D400BCF1080F18BF204613F0FF0300FA06F051
:10D5E40045EA000501D101320823002EE0D1AEF84E
:10D5F4003C504AE6102500260127AB429C46885C35
:10D6040028BFAC46A3EB0C0307FA0CF4A5EB0C05FE
:10D614001841013CEDB20440E4B2BCF1080F18BF5C
:10D62400204613F0FF0300FA05F046EA000601D194
:10D6340001320823002DE0D1AEF832600127102614
:10D64400B3429C46885C28BFB446A3EB0C0307FA9C
:10D654000CF4A6EB0C061841013CF6B20440E4B20B
:10D66400BCF1080F18BF204613F0FF0300FA06F0C0
:10D6740045EA000501D101320823002EE0D1AEF8BD
:10D68400345002E610B50446FDF750FD204610BDA7
:10D69400FDF7B6BDF0B589B00D4604461646694699
:10D6A4001F46FEF793FB10B9002009B0F0BD01A995
:10D6B4002046FEF78BFB0028F6D002A92046FEF791
:10D6C40085FB0028F0D003A92046FEF77FFB002845
:10D6D400EAD004A92046FEF779FB0028E4D005A986
:10D6E4002046FEF773FB0028DED006A92046FEF78D
:10D6F4006DFB0028D8D007A92046FEF767FB002859
:10D70400D2D09DED004ADDED014ABCEEC44A9DED48
:10D71400025AFCEEE44ADDED035ABCEEC55A9DED17
:10D72400046A14EE102AFCEEE55ABCEEC66ADDED7E
:10D73400056A2A8014EE902A0E9BFCEEE66A32807B
:10D7440015EE102A9DED067A3A8015EE902ABCEE6D
:10D75400C77ADDED077A1A8016EE102A0F9BFCEECD
:10D76400E77A1A8016EE902A109B1A8017EE102A78
:10D77400119B1A8017EE902A129B1A8095E700BF1E
:10D7840010B52DED068B82B0B0EE608AF0EE418AC2
:10D794000446B0EE619AF0EE429AB0EE62AAFEF749
:10D7A400D5FB28B90023184602B0BDEC068B10BD8A
:10D7B400B0EE480A2046FEF7C9FB0028F2D0B0EECE
:10D7C400680A2046FEF7C2FB0028EBD0B0EE490AF7
:10D7D4002046FEF7BBFB0028E4D0B0EE690A2046E1
:10D7E400FEF7B4FB0028DDD0B0EE4A0A2046FEF76F
:10D7F400ADFB0028D6D001901F212046FDF72EFE58
:10D80400019BD0E710B52DED028B82B0B0EE608A9B
:10D814000446FEF79BFB28B90023184602B0BDEC72
:10D82400028B10BDB0EE480A2046FEF78FFB00289D
:10D83400F2D0019020212046FDF710FE019B1846EE
:10D8440002B0BDEC028B10BD10B52DED028B82B081
:10D85400B0EE608A0446FEF779FB28B90023184627
:10D8640002B0BDEC028B10BDB0EE480A2046FEF7B4
:10D874006DFB0028F2D0019021212046FDF7EEFD3A
:10D88400019B184602B0BDEC028B10BD10B52DED06
:10D89400028B82B0B0EE608A0446FEF757FB28B9CB
:10D8A4000023184602B0BDEC028B10BDB0EE480A4E
:10D8B4002046FEF74BFB0028F2D0019018212046A9
:10D8C400FDF7CCFD019B184602B0BDEC028B10BDE8
:10D8D40010B52DED028B82B0B0EE608A0446FEF7DF
:10D8E40035FB28B90023184602B0BDEC028B10BDED
:10D8F400B0EE480A2046FEF729FB0028F2D001903A
:10D9040019212046FDF7AAFD019B184602B0BDEC83
:10D91400028B10BD10B52DED028B82B0B0EE608A83
:10D924000446FEF713FB28B90023184602B0BDECE9
:10D93400028B10BDB0EE480A2046FEF707FB002814
:10D94400F2D001901A212046FDF788FD019B18466C
:10D9540002B0BDEC028B10BD10B52DED028B82B070
:10D96400B0EE608A0446FEF7F1FA28B9002318469F
:10D9740002B0BDEC028B10BDB0EE480A2046FEF7A3
:10D98400E5FA0028F2D001901B212046FDF766FD40
:10D99400019B184602B0BDEC028B10BD10B582B0DD
:10D9A4000446FEF7D3FA034628B101901C21204611
:10D9B400FDF754FD019B184602B010BD10B582B0AE
:10D9C4000446FEF7C3FA034628B101901D21204600
:10D9D400FDF744FD019B184602B010BD10B582B09E
:10D9E4000446FEF7B3FA034628B101901E212046EF
:10D9F400FDF734FD019B184602B010BD704700BF0F
:10DA040010B483B00B46CDE90012C27C002A30D09A
:10DA140072B6C27CD40708D54FF0E02C4469DCF818
:10DA2400801121408162CCF88011910708D54FF014
:10DA3400E02C8469DCF884112140C162CCF88411A3
:10DA4400540708D54FF0E02CC469DCF88811214054
:10DA54000163CCF88811110708D54FF0E02C046A53
:10DA6400DCF88C1121404163CCF88C11D2063AD4F5
:10DA740062B68268934240D0234A83609269234904
:10DA8400C2F3011CC2F3826251F82CC00132BCFB08
:10DA9400F2F103B38B4232D8B1FBF3F2B1FBF2F1F2
:10DAA4008B422ED3B2F5817F1BD2022A27D9023AA8
:10DAB400530803EB032342EA0323C36002680321F0
:10DAC40000201061516201211364019B13661161EE
:10DAD40003B010BC70479445EFD34A1CB2F5817F64
:10DAE400E3D30B4BE9E74FF0E021446AD1F89021EE
:10DAF40022408263C1F89021BAE7C368DEE70023BD
:10DB0400DBE71146E9E700BF00C00F403C2D0020D1
:10DB1400FF7F7F0010B50446406A6163A1B1C0B2C3
:10DB2400002101F071FC606AC3B2362B01D836289B
:10DB34001ADD37284FF003020E49A8BFFF20BDE8C5
:10DB44001040C0B201F0C2BE3728A8BFFF20C0B247
:10DB540001F04EFF616A08483729A8BFFF21BDE8DC
:10DB64001040C9B2F9F722BD03489D21F9F70AFD17
:10DB7400606ADEE725BD0000A8A40020C0E9071202
:10DB8400436270478161704770B504460E46007F5A
:10DB94000021154601F004FCA069D4E90412FFF742
:10DBA4002FFFA06903685E66D96D11F4F81FFBD0DE
:10DBB4005A6F5D66DA6D12F4F81FFBD05D6FC37C9B
:10DBC400EDB213B3DA0704D5816A4FF0E022C2F84C
:10DBD40000119E0704D5C16A4FF0E022C2F8041177
:10DBE400590704D5016B4FF0E022C2F808111A0757
:10DBF40004D5416B4FF0E022C2F80C11DB0604D5CA
:10DC0400826B4FF0E023C3F81021207F012101F043
:10DC1400C7FB284670BD00BF10B5044600221A2178
:10DC2400FFF7B2FF034AA36A9342CCBF9D23A42308
:10DC3400C01A10BD3FDD4A1F10B50446002213214F
:10DC4400FFF7A2FFE36AC01A10BD00BF2DE9F0413F
:10DC540017460C46002222210546FFF795FF00EBEC
:10DC64000708B8F1FF0F03D9C0F1FF074FF0FF0811
:10DC74004FB1013C3E1914F8012F80212846FFF7CB
:10DC840083FFB442F7D15FFA88F2A2212846FFF756
:10DC94007BFF3846BDE8F0810368094A5B6800B53C
:10DCA400934283B04FF001028DF807100DF1070184
:10DCB40003D1FFF7CBFF03B000BD984703B000BD0D
:10DCC400ADBB000092B311290B4610B5044682B0D7
:10DCD4001ADC022B4FF084024FF0CD01B8BF0223AF
:10DCE4000193FFF751FF2B228B212046FFF74CFFB6
:10DCF400019B023B8921204663F07F02D2B202B02D
:10DD0400BDE81040FFF740BF14294FF087024FF0E1
:10DD1400CD01A8BF1423033B0193FFF735FF312244
:10DD24008B212046FFF730FF019BE2E70E290B46CB
:10DD34004FF08901A8BF0E2323EAE37343F0700375
:10DD4400DAB2FFF721BF00BF30B5044683B000222A
:10DD54001221FFF719FF9221024601902046FFF796
:10DD640013FF019A12F020031CD1510618D5226B1F
:10DD7400E362CAB913212046FFF706FF05460022D5
:10DD840010212046FFF700FF8D2102462046FFF7B1
:10DD9400FBFE636B33B1284603B0BDE8304018473F
:10DDA400130708D403B030BD1A4622212046FFF7DA
:10DDB400EBFE0546E3E7A36B002BF3D003B0BDE80D
:10DDC400304018470148FFF7BFBF00BFA0B4002090
:10DDD40003680D4A1B69934210B504460FD1002213
:10DDE4001321FFF7D1FEE36AC01A50B1E36A00229F
:10DDF400204601331146E362FFF7C6FE10BD984783
:10DE0400F3E74FF0FF3010BD99BB00000368124ADE
:10DE14001B69934270B5044619D100221321FFF700
:10DE2400B3FEE36AC01AA0B100220D212046FFF719
:10DE3400ABFE0022064620461146FFF7A5FE054626
:10DE440032468D212046FFF79FFE284670BD984735
:10DE5400E9E74FF0FF3070BD99BB000070B50022B8
:10DE64001D210446FFF790FEC0F30710092822D8AD
:10DE74001A4B00221E214FF47A7553F82060204675
:10DE8400FFF782FE0123C0F30710002226218340FE
:10DE9400204696FBF3F695FBF6F5FFF775FE102D7D
:10DEA400024613DD40F00800A621C2B22046BDE8B8
:10DEB4007040FFF769BE00221E212046FFF764FE72
:10DEC400002226212046FFF75FFE0246204602F08C
:10DED400F702A621BDE87040FFF756BED403002028
:10DEE400052938B5054623DD0C291FDC06291FD07A
:10DEF4000C01C322B1212846FFF746FE0A22B721AE
:10DF04002846FFF741FE00221E212846FFF73CFE6B
:10DF140000F00F039E21284644EA0302D2B2FFF721
:10DF240033FE2846BDE83840FFF798BFC024E0E739
:10DF3400C522B12128466024FFF726FE0C22B72112
:10DF44002846FFF721FEDEE738B541F6786305463B
:10DF5400994205DD42F6A003994213DC102400E047
:10DF6400002400221D212846FFF70EFE00F00F02B8
:10DF74009D2128462243FFF707FE2846BDE8384086
:10DF8400FFF76CBF43F6F043994218DD45F24013A6
:10DF9400994216DD47F61223994214DD4AF2E4232E
:10DFA400994212DD4FF22443994210DD0A4B994203
:10DFB4000FDD0A4CA142CCBF90248024D1E7202459
:10DFC400CFE73024CDE74024CBE75024C9E76024D1
:10DFD400C7E77024C5E700BF48E8010090D00300FC
:10DFE40038B50D460022C0210446FFF7CDFD002DB3
:10DFF40019DD012300221D2120462363FFF7C4FD00
:10E0040040F001029D212046D2B2FFF7BDFDA221BE
:10E01400EAB22046FFF7B8FD204685228121BDE8FB
:10E024003840FFF7B1BD00221D2120462263FFF7CF
:10E03400ABFD9D2100F0FE022046FFF7A5FDEBE7B6
:10E0440038B504460D46007F012101F0DDF9207F3B
:10E05400012101F0A5F9206A431C13D00121C0B2AB
:10E0640001F0D2F9002194F8200001F099F90A2076
:10E0740001F016F994F82000012101F091F90A2029
:10E0840001F00EF9A069F9F7B9F8002242212046FF
:10E09400FFF77AFD122801D0002038BD80228121AB
:10E0A4002046FFF771FD0023E917A562244AE8041E
:10E0B400C90441EA55310BF047FC05468621204648
:10E0C400C5F30742FFF760FDC5F307228721204609
:10E0D400FFF75AFD8821EAB22046FFF755FD0022DA
:10E0E4008E212046FFF750FD00228F212046FFF7A6
:10E0F4004BFD00220C212046FFF746FD40F00302B1
:10E104008C212046D2B2FFF73FFD0422A6212046EF
:10E11400FFF73AFD8422CD212046FFF735FD2B225F
:10E124008B212046FFF730FD8F2289212046FFF7FF
:10E134002BFD812220461146FFF726FD012038BD24
:10E144000048E8010D4B0721DFF838C000220C48D5
:10E15400C3F800C0DFF830C05A601A739A60C3E98C
:10E1640004010A210920C3E906C102211862C3E996
:10E174000912C3E90B22C3E90D227047A0B40020A1
:10E1840000127A00202D0020A8A40020704700BFB0
:10E19400034A4FF48051034BA2F844111B681847FB
:10E1A40000C03D4040A70020EFF3108272B6437FC9
:10E1B40033B9017F012907D0032911D00123437703
:10E1C4000AB962B670477047DFF868C0DCF800101F
:10E1D400F9B1164943610B68086083615861EDE742
:10E1E40000B5DFF854E01249DEF800C0BCF1000FBE
:10E1F40016D043610B68836158614FF0E0234FF000
:10E20400805C0860C3F804CD0123437702B962B689
:10E2140000BD064BCCF800001860C0E90511CDE73D
:10E22400C0E905CCCEF80000E7E700BFA8720120E2
:10E23400A07201209C720120A472012070B5EFF33A
:10E24400108272B60C4C206880B10C4E00254369D4
:10E25400236073B19D6102B962B6836845779847BC
:10E26400EFF3108272B620680028F0D102B962B6CA
:10E2740070BD3360EFE700BFA4720120A0720120DB
:10E28400FFF7DCBF0449054A4968054B1960136868
:10E2940001331360704700BF001000E0CC17022068
:10E2A400C817022001207047B0F84630B0F8482063
:10E2B4009BB292B2934202D2013AD01A7047416B98
:10E2C40001390A44D01A7047016972B6B0F84A207D
:10E2D400B0F84C3092B29BB29A423CBF806B121899
:10E2E400C86AD31A62B6C0F302601844704700BF0C
:10E2F400B0F84A100246B0F84C3089B29BB2994249
:10E3040010D00133906B116B984298BF002399424F
:10E3140003D9126AD05CC0B270475B1A526AD05CEF
:10E32400C0B27047D0F810C072B6B0F84A0080B2DC
:10E33400814201D062B6E4E7DCF82C3013F0E06FE0
:10E3440003D14FF0FF3062B67047DCF81C000021A7
:10E354004FF0010C136AC0F30900A2F84AC0A2F8F6
:10E364004C105870EFE700BFB0F84AC00146B0F84F
:10E374004C301FFA8CFC9BB29C4525D0013310B560
:10E38400D1F838E09E4515D90A6B1C469A4216D935
:10E394000A6AD25CD0B28A6DA1F84C404AB19C455D
:10E3A4001DD3ACEB0303CC6B9C4202D3CB6DC2F800
:10E3B400883010BD00240A6B23469A42E8D8486A84
:10E3C4009A1A825CD0B2E6E76246006972B6B1F886
:10E3D4004AC01FFA8CFC624505D062B6CEE7E6441B
:10E3E400AEEB0303DFE7C36A13F0E06F03D14FF032
:10E3F400FF3062B67047C069C0F30900F9E700BF97
:10E4040090F8443043B110B5044603F015F894F87D
:10E414004430002BF9D110BD704700BF38B54369B3
:10E42400D3E90312096811422DD00169044690F81A
:10E4340044200D4632B102F0FFFF94F84430002B23
:10E44400F9D163690021104AA961207E03EB001011
:10E45400007D02EB0010D0F804C00520CCF80000C9
:10E4640094F819C003EB0C1393F8343002EB031245
:10E47400A36D52681060A4F84A10A4F84C1013B1AC
:10E48400E26DC3F8842038BD4C9A002007EE901A40
:10E494009FED947A0421B6EE005AF8EE677A9FED68
:10E4A400926A41F6FF7CC7EE275A2DE9F0431546E0
:10E4B4008E460122046907EE901AF8EEE77A85EE9B
:10E4C400A77A77EE057AFDEEE77A17EE903A634580
:10E4D400A8BF6346012BB8BF012307EE903AF8EEBC
:10E4E400E76A76EEC76AC6EE877AF5EEC07AF1EE91
:10E4F40010FA01D5F1EE677AF4EEC67AF1EE10FA6D
:10E5040003D8B0EE676A8E461A4601312129D2D16A
:10E5140041690023866BB1F85870A0F84A30F71BA4
:10E52400A0F84C30A0F84630C763B1F85A70A0F890
:10E534004830F61B80F844300664D1E903763B6822
:10E544003343AE053B60C5F34023837600F1A580D9
:10E55400077EDFF8C08101EB0717644B97F814C0FE
:10E56400D7F81C9008EB0C1CDCF80860DCF804C03D
:10E574003360BB69CCF80030B9F1000F02D03F6AB8
:10E58400C9F80070477ED92301EB071797F834C008
:10E5940008EB0C1CDCF808603360BF6BDCF804305B
:10E5A4001F60437E01EB0313DF6B0FB11B6C3B60F9
:10E5B400BEF1080F0EF1FF3CCCBF4FF0000E4FF040
:10E5C400010E42EA4E434FEA0C6202F0F852134342
:10E5D400002223614B7849681033E260444A42F8D0
:10E5E400231042694FF0010E424905F0030C57789D
:10E5F400B2F85620404B7A544FF0021741694A78DA
:10E6040003EB521302F01F029B000EFA02F21A608F
:10E61400E762A36A43F08803A3626B0734D44CF423
:10E624007013AF06827E2AD543F08053002A3CD172
:10E634002E07A36103D5236943F000532361636963
:10E64400EA0654BF23F0805343F080536361EB0523
:10E6540003D5236943F4005323618B686BB1274DC1
:10E664002C78002C3CD0264B03EB840101E08B4238
:10E674002AD053F8042F9042F9D1BDE8F083002A40
:10E68400D6D043F0A003D3E705F00F03042B14BF47
:10E694001C4B1D4B4CEA0303C3E7477E4FF2D903DF
:10E6A400DFF8708001EB071770E7427E43F0A003A8
:10E6B40001EB021292F8342008EB0216B6683268B5
:10E6C40022F440423260B3E7611C104A104B2970B7
:10E6D40043F82400137843F002031370BDE8F08379
:10E6E4000121F2E7001BB74BEC78AD6038F0010074
:10E6F40000B0002000E400E0403800381418022084
:10E70400BCB2002010003C0010003C40291802203C
:10E71400C0B200204C9A0020EFF31380B8B9EFF395
:10E7240010834BB9EFF305823AB94FF48073EFF3DA
:10E73400118050B1984208D270470F2A02D8EFF3E3
:10E7440011827047034B9B5CF1E7184670474FF00A
:10E75400FF30F1E7F0E300E0036B416201B11344E1
:10E76400D0F814C000218363BCF85820BCF85AC008
:10E774009A1AA0F84A10A3EB0C03A0F84C10C0E9B5
:10E784000F237047C36A816201B1134400224363BB
:10E79400A0F84620A0F84820704700BF036D2DE97B
:10E7A400F04188460446066913B1426DC3F88420DB
:10E7B400A37E2BB172B6B36943F00053B36162B662
:10E7C400B4F84650636BADB20135AB424CD8002768
:10E7D4003D46B4F848309BB29D4219D029E0736994
:10E7E4001B0210D5B4F84830626B9BB201339A42D5
:10E7F40037D91A46E16A99422ED9E169CB5CDBB27A
:10E80400F361A4F84820B4F848309BB2AB4210D16D
:10E81400FFF782FF6369B3F856308342DFDAB0F55D
:10E82400807FF0D102F008FEB4F848309BB2AB42CE
:10E83400EED0E26AAA4219D9E26902F8058072B6FA
:10E84400012084F84400A4F84670B36943F400033B
:10E85400B36162B6BDE8F0815B1AA16ACB5CDBB23E
:10E86400CEE700221346C5E72F46B2E7AD1AA26AE7
:10E8740002F80580E3E700BFFFF790BF0269536920
:10E8840013F4401F70B537D0D36A13F0E06FC3F3AD
:10E89400026E2ED0B0F84A40B0F84C30A4B29EB20A
:10E8A400D2F81CC0631CB0F84C10856BCCF3090C77
:10E8B40089B29D4298BF0023994208D0016B9942C6
:10E8C400A3EB010166D9016A01F803C01C460EF1ED
:10E8D400FF3313F0FF0EE3D1836DA0F84A4043B138
:10E8E400B4425BD3A41B016CA14202D8C16DC3F82E
:10E8F40084105369DD0248D4D2F818E01EF4000FE6
:10E9040028D053691C0225D5B0F846C0B0F8483069
:10E914001FFA8CFC9BB206E0C169C95CC9B2D16123
:10E92400D16A490512D463453CD0446B0133C16AB2
:10E934009C4298BF00239942A3EB0104ECD8816A5E
:10E94400095DC9B2D161D16A4905ECD56345A0F826
:10E95400483029D01EF4800F16D053695B0213D5BA
:10E964000021036D80F8441013B1416DC3F8881081
:10E97400837E2BB172B6936923F00053936162B620
:10E98400936923F48003936170BD536943F4801346
:10E994005361B1E7446A04F801C097E7816B891BAE
:10E9A4000C44A0E7A0F84830936923F40003936172
:10E9B400936943F480039361CCE700BF0148FFF7F8
:10E9C4005DBF00BF58A500200148FFF757BF00BF37
:10E9D400B8A500200148FFF751BF00BF18A60020CA
:10E9E400012A70B508BF0A228AB005461E4659B3EB
:10E9F4004FF0210C01E05FFA84FC0CF1FF34B1FB11
:10EA0400F2F302FB131EBEF1090F0EF1370098BF9B
:10EA14000EF130000DEB0C0E914219468EF80400F5
:10EA2400E9D23EB10CF1FF3C2D225FFA8CFC0DEBD8
:10EA34000C031A712B6801A9CCF1220228465B68E9
:10EA4400614498470AB070BD30234FF0210C8DF813
:10EA54002530E6E72DE9F0410C46D1B1EAB1804614
:10EA64008F1800250E4E04E002F056FCBC4205440B
:10EA74000CD0D8F8003014F8010B1B68B342F3D063
:10EA8400014640469847BC420544F2D12846BDE8B9
:10EA9400F0810D462846BDE8F0811546F6E700BF33
:10EAA400116500002DE9F0418C688AB0DCB10025C5
:10EAB400064688462F462B46212201A9404600F0EF
:10EAC400CBF9202C2246336828BF202201A93046E6
:10EAD4005B68A41A154498470744002CEBD13846C8
:10EAE4000AB0BDE8F081274638460AB0BDE8F08197
:10EAF400002903DB00230A22FFF772BF49422D23BA
:10EB04000A22FFF76DBF00BF00B5036883B040F66B
:10EB14000D2C022201A95B68ADF804C0984703B02C
:10EB240000BD00BF044B022888BF0346D3F800C0D1
:10EB34001846DCF80430184748A500200022C0E934
:10EB44000022826061B110B582B000900846019144
:10EB54000DF0C6FB009B044618B9184602B010BD60
:10EB6400704701300BF0B4F8009B0028F5D0002268
:10EB7400019918600270C3E901440DF021FB009B68
:10EB8400184602B010BD00BF0022884203468260CE
:10EB9400C0E9002206D030B58C6883B01CB9184691
:10EBA40003B030BD70470190601C0D680BF090F805
:10EBB400019B0028F3D00022294618600270C3E9A3
:10EBC40001440DF0FDFA019B184603B030BD00BFAF
:10EBD40010B5044600680BF083F8204610BD00BF52
:10EBE40030B5144683B00346026834B902B11470D8
:10EBF400002218469A6003B030BD0D4641688C422D
:10EC04000DD90090611C10460BF054FB009B02468A
:10EC140078B19968C3E9000409B901701A689C6065
:10EC24002946104600930DF0CBFA009B184603B01A
:10EC340030BD186830B1CDE900230BF051F8DDE99F
:10EC440000231A6000221846C3E9012203B030BD34
:10EC540010B5002382B004460A220360084601A9C5
:10EC6400C4E901330CF0AAFD01A80DF039FB01A998
:10EC740002462046FFF7B4FF204602B010BD00BF95
:10EC840010B500238AB00446C0E90033A3600846E7
:10EC940001A90BF003F801A80DF022FB01A902461B
:10ECA4002046FFF79DFF20460AB010BD10B5002393
:10ECB4008AB00446C0E90033A360084601A900F005
:10ECC4004DFF01A80DF00CFB01A902462046FFF7F9
:10ECD40087FF20460AB010BD10B500238CB004464F
:10ECE40002AAC0E90033881CA36000F06BFF50B196
:10ECF40001900DF0F5FA019902462046FFF770FFE6
:10ED040020460CB010BDA06020460CB010BD00BF62
:10ED1400884203D08A680968FFF762BF704700BF62
:10ED240010B5044682B059B1084601910DF0D8FAE5
:10ED3400019902462046FFF753FF204602B010BD5A
:10ED44008160204602B010BD03468068F0B50C46D1
:10ED5400196883B08518A14204D9002A34D1184611
:10ED640003B0F0BD0844A04227D9002AF7D05E685A
:10ED7400B54219D9671A01260846691CCDE9003243
:10ED84000BF098FA009B84460028E8D0019AC3E966
:10ED94000005986820B98CF80000D3F800C0986882
:10EDA4006044AEB10CEB07042146009300F038FE3A
:10EDB400009B00211A6851550FE0002ACFD05E68ED
:10EDC400B54205D90026D7E75E68B542FAD80844AB
:10EDD400214600930DF0F4F9009B18469D6003B0A2
:10EDE400F0BD00BF8A680968FFF7AEBF10B50446DE
:10EDF40082B041B1084601910DF072FA01990246C0
:10EE04002046FFF7A1FF204602B010BD10B504460E
:10EE14008A680968FFF798FF204610BD10B50446BC
:10EE240082B041B1084601910DF05AFA01990246A7
:10EE34002046FFF789FF204602B010BD83688B424D
:10EE440003D9006808B108447047024B00221846F1
:10EE54001A7070471718022012B310B5B1FA81F472
:10EE640082B0640929B1D0F808C086469C4502D80E
:10EE74000C7002B010BD18460B467146ACEB000E88
:10EE840002F1FF3C0968E64572460144184628BF72
:10EE9400624601920CF05EFF019A845402B010BDE8
:10EEA400704700BF082829D00A2814BF4FF44670C1
:10EEB4004FF40570DFF850C01249DCF84430DCF838
:10EEC40044206FF3090302F003021A43DCF84430D0
:10EED40003F0E00313430343CCF84430D1F844C0B7
:10EEE4004A6C6FF3090C4B6C02F0030203F0E0036D
:10EEF40042EA0C0213431843486470474FF44070CD
:10EF0400D8E700BF00800C4000400C401D4A1F2879
:10EF14001D4B916C21F020019164D2F844C0996C8E
:10EF240021F020019964596C10D94CF4404041F40B
:10EF34004041506459641349134A8B6C43F02003D5
:10EF44008B64936C43F02003936470470F282CF474
:10EF5400404C21F4404106D94CF4004041F40041B6
:10EF640050645964E7E7072806D94CF4804041F41B
:10EF7400804150645964DEE70328C2F844C05964F0
:10EF8400D9D8704700400C4000800C40A94AAA4BD5
:10EF940090422DE9F047A94CD3F814E09969D4F8CC
:10EFA4000CC000F2088103F1437303F5F4530333F7
:10EFB400A3FB0023DB0D03EB830303EB830202F2C9
:10EFC400B63240F227639A4228BF1A469C4BA3FBF1
:10EFD4000232D208203A984D0CF01F04D5F8803044
:10EFE400944243F0C003C5F880300BD22CF01F0CC0
:10EFF400924C4CEA020CC4F80CC02368002BFCDAD7
:10F004000CF01F041EF0007327D18E4D2E698E4D17
:10F01400B54300F0FA8081F4805576464FF480576A
:10F0240016F0605F06D02EF0605E4EEA030E824B4F
:10F03400C3F814E015F4405F07D021F440517E4D2D
:10F044003943A961AB6C1B07FCD44EF0007E7A49AE
:10F05400C1F814E08B6C9F06FCD47C49884200F212
:10F06400DF80012635460EE0082D0CD1042E00F277
:10F0740091800136022506FB00F38B4200F2C38027
:10F084005B008B4206D8013506FB05F300FB03F356
:10F094008B42E9D9771E05F1FF384FEA872A8EEAB9
:10F0A40087276B4959186B4B99427CD9DFF8E49157
:10F0B4006C2369486349B0FBF5F0684DB0FBF6F08A
:10F0C4000E6835404D4508D043F400534FF4805545
:10F0D4000D600B600B68002BFCDA57490B6903F0D9
:10F0E4000703434504D0C1F810808B6CDE03FCD4C5
:10F0F40017F4E05F0BD02EF4E05E0AF4E0534E49BF
:10F1040043EA0E0EC1F814E08B6C9D07FCD4544DF9
:10F11400544945198D4239D8534BED09A3FB0535A4
:10F124002D0B6B1E1B028EEA030111F4407F07D0E6
:10F134002EF4407E03F440733F4943EA0E034B61CF
:10F144003D494B6923F000734B618B6C9B06FCD4E7
:10F15400464BA242A3FB00134FF0FF314FEA934307
:10F16400B0FBF5F5B1FBF3F34149086041490D608B
:10F1740041490B6008D22CF01F0C30494CEA0202C2
:10F18400CA600B68002BFCDABDE8F0874FF44073CB
:10F194000425C8E7771E2E494FF007084FEA872A4F
:10F1A40059188EEA8727294B99421CD8DFF8E89032
:10F1B400362332487EE7324B984201D80E220AE7C2
:10F1C400304B984228D9304A904227D9821A2F4B83
:10F1D400120AA3FB0232D20902EB820202EB820280
:10F1E40002F2E242EDE6A3F182532948DFF8AC9043
:10F1F400A3F589337E3BA3FB01310B0D03FB00F028
:10F2040043EA090956E7012544E71F468EF0C05634
:10F214000D464FF0C05303E70F22DCE61222DAE674
:10F22400012603464FF0000A77464FF000083546A2
:10F2340037E700BF001C4E0E00C00F40000008401E
:10F244001F85EB5100800D4040300080FFB19F26A8
:10F25400808D5B00FF7EF64D00643F4D7F30018062
:10F264007FD1F0087F17B42C9F10E50083DE1B4389
:10F27400A4A40020A0A400204417022000B29F26CA
:10F28400FF0A6B1B00A4781F0046C32323B24C0063
:10F29400001BB7006C200080362000800020008016
:10F2A40000B970472DE9F84F01218146224C234EC5
:10F2B400234D54E8003F3268286844E80013002BCB
:10F2C400F7D120494B684FF47A7BDFF87CA01B1AF6
:10F2D40001270BFB02F8DAF80020A2FB03235B45AD
:10F2E40094BF9844D84454E8003F3268286844E8FE
:10F2F4000073002BF7D14B68DAF800C01B1A0BFB24
:10F3040002F2ACFB03C3B3F57A7F94BFD21802F5C3
:10F314007A72A2EB0802B2F57A7F08D3B9F1010F31
:10F3240008F57A7809F1FF39DDD1BDE8F88F02F0EC
:10F3340083F80449D7E700BFD0170220CC17022076
:10F34400C8170220001000E04417022010B50F4B2C
:10F354004FF0010C0E4CDFF844E053E8002F206816
:10F36400DEF8001043E800C2002AF6D1094B5B68BE
:10F37400094A5B1A4FF47A71126801FB00F0A2FB90
:10F3840003238B4294BFC018401810BDD01702202D
:10F39400CC170220001000E044170220C8170220F6
:10F3A400362812D802010C4B03EB00109B58C2689C
:10F3B400D3F804C01CEA020F03D039B1C3F8842087
:10F3C4007047836829B9054A1A607047C3F88820D2
:10F3D4007047034A1A6070474C9A00203830010085
:10F3E40038F0010036280BD8064B020103EB00105D
:10F3F4009A58C36892681A4214BF012000207047CB
:10F40400002070474C9A0020362831D802011B4B4B
:10F41400012903EB00109B5800B55A68D0E902ECAF
:10F4240012D0042910D022EA0C025A60C9B1022970
:10F434001FD003294FF015020CBF114B114BCEF80E
:10F44400003043681A6000BD42EA0C0201295A6088
:10F4540007D040F63803CEF80030436815221A600E
:10F4640000BD38231522CEF8003043681A6000BD71
:10F474007047054BCEF80030EFE700BF4C9A0020F0
:10F48400383001003800010038F0010010B4134A8C
:10F494000020134B0121134CDFF84CC0C2F8F032AA
:10F4A400C2F8F402C2F8B810C2F8A000C2F8A4402E
:10F4B400C2F8B0105369DB07FCD551619CF80030E9
:10F4C400DB07EFD41368054943F0010313600B68AD
:10F4D400DB07FCD462B610BC704700BF00802A4032
:10F4E4000504012401000F0000812A4010B5DFF853
:10F4F40040E04FF6FF7C0C480EF17E04A0F58053EB
:10F50400002203E0834202F1010203D2198802338C
:10F514006145F7D12EF8022FA64500F58050EDD1B4
:10F52400024B01221A7010BD00107C601B180220CF
:10F534004617022041F2BB03984238D81D4B10B540
:10F544001B7882B05BB382081B4BDFF874C0A3FB4B
:10F554000213D11A03EB510318495B09C3EB831E51
:10F564001C46A2EB0E033CF813C059184FEA4C0C8E
:10F574000A030CEB013CBCEB013F15D900F0030E70
:10F58400FF204EEA840E134602321B88D9B21B0AAE
:10F594008E4508BF18469445F5D802B010BD0190B9
:10F5A400FFF7A4FF0198CEE7FF2002B010BDFF20B3
:10F5B400704700BF1B18022005411004C007060055
:10F5C4004817022030B583B072B6334B40F206457B
:10F5D400324C9C610224DC610024C3F8A040C3F8CF
:10F5E400F0528518C3F8F442C3F8F842C3F8FC4259
:10F5F4004FF47024C3F8A4400124C3F8B04020F0B1
:10F604001F03BFF34F8F4FF0E024C4F85C3F203357
:10F614009D42FAD8BFF34F8FBFF36F8F1E4D6B69B6
:10F62400DC07FCD50123DFF87CC094B220F07F40D6
:10F634006B6144F47024C5F8F0C242F2012CC5F8A1
:10F64400F4C2C5F8BC30C5F8A000C5F8A440124CFB
:10F65400C5F8B03001E05B060AD4636913F0010514
:10F66400F9D04123636103B0BDE83040FFF70EBF1A
:10F67400082A0DD842B10A48CDE9001200F0D0F9A9
:10F68400DDE9001211442A46034B40205861E4E7A7
:10F69400A2F108050822EEE700802A40F05AF05A49
:10F6A40080812A403204180800B5864672B6294B78
:10F6B40002212948002298614FF47020D96140F258
:10F6C4000641C3F8F0120121C3F8F422C3F8F8226A
:10F6D400C3F8FC22C3F8A020204AC3F8A4000EEA11
:10F6E4000202C3F8B010BFF34F8F02F1200302F5FA
:10F6F40080514FF0E02C8B422CBF0121802102EB82
:10F7040041118B42CCF85C2F1A4603F12003F8D147
:10F71400BFF34F8FBFF36F8F0E4A5369D907FCD5E0
:10F7240001200F490F4B4FF4702C50610EEA030374
:10F73400C2F8F0120749C2F8A030C2F8A4C0C2F857
:10F74400B0004B69DB07FCD501235DF804EB4B618A
:10F75400FFF79CBE00802A40F05AF05A00F0FFFFE9
:10F764002004180800F0FF0041F2BB03984200F2A5
:10F774008E80484B2DE9F0471B78C2B00E460546F3
:10F78400002B00F08180AB08434F05F00305A7FB75
:10F794000327DA1B07EB5207404A7F0945EA87052E
:10F7A400C7EB8717DF1B3E4B32F81740FB1860008E
:10F7B4004FEA033800EB0330B0EB033F68D942460D
:10F7C400FF21134602321B885FFA83FC1B0AAC45F7
:10F7D40008BF19468242F4D38E4244D0B4F5006F78
:10F7E40044D302AC4FF48072FF2120460CF032FA6D
:10F7F40008F1020208F580532A48934294BF01237A
:10F804004FF40063424603EBC72318184000134625
:10F8140002321B888242D9B24FEA13236354F6D1D1
:10F824000DF1070966550DF2071A00254C464046AE
:10F83400FFF73AFF14F801CF02220DF1060108EB9D
:10F844004500631EBCF1FF0FA3EB090306D043EA96
:10F854000C230135ADF80630FFF7B4FE5445E9D169
:10F864000E4B23F8175042B0BDE8F08702A945EAD1
:10F874000625022201340D80FFF7A4FE074B23F86E
:10F88400174042B0BDE8F087FFF730FE7BE77047D2
:10F89400FF21A1E71B18022005411004481702208C
:10F8A400C007060000003E3062B170B505460C4644
:10F8B4008E182046013415F8011BFFF755FFA642A8
:10F8C400F7D170BD704700BF704700BF36285CD8C1
:10F8D400DFF808C1000170B55CF80030DFF800E122
:10F8E40073455BD052D8B3F1844F55D0AEF5804EFA
:10F8F400734549D1344E6044344CDFF8E8C0C4F851
:10F90400B4C2D0E9015CC0684FF0E02E4FF000545F
:10F91400042ACEF8104137D8D3F814E02EEA000EAA
:10F92400C3F814E04FF0050EC5F800E0DCF800E081
:10F934004EF4803ECCF800E0D3F804C02CEA000C6E
:10F94400C3F804C0DFF8A0C05CF822C090FAA0F2AB
:10F95400B2FA82F246F8221022D0D9690F2A21EA9B
:10F964000001D96120DC52004FF0030ED9680CFA73
:10F9740002FC0EFA02F221EA020242EA0C02DA6006
:10F9840098615A6902435A6170BD7047DFF85CE0C0
:10F994007345F9D10E4EAEE70E4EACE70E4EAAE714
:10F9A400DA690243DA61EBE7103A4FF0030E1969A2
:10F9B40052000CFA02FC0EFA02F221EA020242EAB6
:10F9C4000C021A61DCE700BF88AA002000B0002006
:10F9D40088AB002008AA002008AB00204C9A002025
:10F9E4000080004221000000C003002000C000424B
:10F9F400362809D8054B020103EB00109A58C16858
:10FA0400536923EA01035361704700BF4C9A0020F5
:10FA140008B5F4F797FFF4F75BFF01F00DFDFAE783
:10FA2400844641EA000313F003036DD1403A41D305
:10FA340051F8043B40F8043B51F8043B40F8043BC4
:10FA440051F8043B40F8043B51F8043B40F8043BB4
:10FA540051F8043B40F8043B51F8043B40F8043BA4
:10FA640051F8043B40F8043B51F8043B40F8043B94
:10FA740051F8043B40F8043B51F8043B40F8043B84
:10FA840051F8043B40F8043B51F8043B40F8043B74
:10FA940051F8043B40F8043B51F8043B40F8043B64
:10FAA40051F8043B40F8043B51F8043B40F8043B54
:10FAB400403ABDD2303211D351F8043B40F8043BF4
:10FAC40051F8043B40F8043B51F8043B40F8043B34
:10FAD40051F8043B40F8043B103AEDD20C3205D304
:10FAE40051F8043B40F8043B043AF9D2043208D0FC
:10FAF400D2071CBF11F8013B00F8013B01D30B886E
:10FB040003806046704700BF082A13D38B078DD04B
:10FB140010F003038AD0C3F10403D21ADB071CBF1D
:10FB240011F8013B00F8013B80D331F8023B20F887
:10FB3400023B7BE7043AD9D3013A11F8013B00F8C0
:10FB4400013BF9D20B7803704B7843708B78837048
:10FB5400604670470AF0BCB80AF0C2B801F1FF3C35
:10FB640070B566464FF0000E01E00EF1010EB0FBD9
:10FB7400F2F402FB1403092B03F1370598BF03F1D8
:10FB840030059042204606F8015FEED201EB0E03E9
:10FB940000225A70BEF1000F11D0481C70440CF1C1
:10FBA40002021CF8014F10F8015DA1EB0C03521A7C
:10FBB4008CF80050013B047073449A42EFDB084612
:10FBC40070BD00BFB4EE400A80EAE0732DE9F0474F
:10FBD400F1EE10FA86B00746A3EBE073154680F108
:10FBE4007D81B0EEC07ADFEDB96AB4EE667AF1EEEB
:10FBF40010FA18DDB5EEC00AF1EE10FA00F1DB8060
:10FC0400032B00F386800028C0F2FA80134644F6E2
:10FC14004961462223F8031BAA70002218461A7071
:10FC240006B0BDE8F08788460C4604AA03A94046FE
:10FC34008DED010A0CF0E2F8DDF80C908246DDED62
:10FC4400017A58EA09030AD10378342B40F2B080D0
:10FC5400DFF880A2012399461E4603936EE0C9F1A2
:10FC64000003984580F2D480C8F10009B9F1000F6F
:10FC7400CDF80C905FDC0123DFF85CA21E46013650
:10FC8400B9F1000F40F0DD80DDF810900136B9F1D4
:10FC9400000F40F0CD80BA1BAC194A4540F35C819B
:10FCA40020212846144401920BF0D4FF019AAB188A
:10FCB400B9F1000F66D1B8F1000F03D042F63062FB
:10FCC40023F8022BA3421AD203980AF1FF3C4FF007
:10FCD4002E0E013805E083F801E002330138A34217
:10FCE4000DD219461CF8012F01F8012BA14207D0AF
:10FCF40003900028EFD00B460138A342F1D31C46F1
:10FD0400002F63DB2B4600221846227006B0BDE8A4
:10FD1400F0870028A3F103046CDB134644F6496121
:10FD2400462223F8031BAA701846224620210BF012
:10FD340091FF031971E7DFF8A0A10126049BA3B189
:10FD44000136BA1BAC19002A40F3EA802021284668
:10FD5400144401920BF07EFF019AAB182D2203F894
:10FD6400012BB9F1000FA6D00CE0BA1BAC199A42D2
:10FD740040F3D48020212846144401920BF06AFFFA
:10FD8400019AAB184FEAD97100299BD0B8F1000F42
:10FD940098D042F63062302123F8022BC9F10002D8
:10FDA40018460BF057FF0022A0EB0903039289E7E2
:10FDB400DFF824A14EE7042B17DD0028A3F1040487
:10FDC4000DDB1346424A43F8042BADE7BE1999D51F
:10FDD400204672422021A41B0BF03CFF92E72846E8
:10FDE4002544224620210BF035FF2B46384A43F8A0
:10FDF400042B12E728462544224620210BF02AFF33
:10FE040044F649612B46462223F8031BAA7004E7F3
:10FE1400CDED017A0CF064FA814506460346DDED2A
:10FE2400017AFFF62CAFB9F1000F3FF42DAF85E74F
:10FE34004FF000090136BA1BAC19002A86DC2B46A8
:10FE44008CE7B9F1000F4FEAD97134DAB8F1000F39
:10FE540031D009EB080208F102069A422BD2B8F11C
:10FE6400000F05DDB2EE047A013C67EE877AFBD120
:10FE740004AAB0EE670A204605A90BF0BFFFDDF81F
:10FE84000C90059B08F101028246A3EB09039342FF
:10FE940003D109F10109CDF80C90049B002BC9D1C1
:10FEA400BA1BAC199A423FF7FBAE2B46B9F1000FCF
:10FEB4003FF401AF66E7049B002BBBD1BA1BAC191E
:10FEC4009A423FF7EDAE2B465EE700BFFFFF7F7F10
:10FED4002D494E46B426002094230020032BB8BF9E
:10FEE400032300281C46A3F1030620DB10EE103A7E
:10FEF400002B02DA2D2305F8013B44F24E112B4668
:10FF04004E2223F8031BAA70002E3FF486AE184637
:10FF1400324620210BF09EFE83197EE62B46D1E665
:10FF24002B462D224FEAD97103F8012B2CE7FEB1A1
:10FF34003246284620218DED010A0BF08BFE019BF1
:10FF4400033D002B05EB040208DB44F24E104E2166
:10FF5400D31C2853917060E62B46ACE62D2344F263
:10FF64004E104E212B55131DA2F80100D17054E6FA
:10FF740010EE103AB34207DB134644F24E114E2200
:10FF840023F8031BAA7048E62D2044F24E114E229A
:10FF94002B1D2870A5F80110EA703EE610B5002369
:10FFA4004FF470440F224FF4806EA0F88C41194630
:10FFB400A0F88E214FF46044A0F890310A46B0F8BE
:10FFC400883148F2B82C43F0F003A0F8883101EBF3
:10FFD4004103013100EB431304299C80A3F806E09C
:10FFE4005A841A865A805A81A3F80EC05A82DA8239
:0CFFF4005A83DA83EBD1B0F8883143F077
:02000004600199
:100000000F03A0F88831B0F8883143F47063A0F88A
:10001000883110BD374B384A996F384841F47F0119
:1000200070B5996741F20106D3F8801045F6C055C6
:1000300043F226040A43C3F88020FFF7B1FF00F51E
:100040008040FFF7ADFF00F58040FFF7A9FF00F506
:100050008040FFF7A5FF0022A0F503104FF00F0E20
:10006000114600EB42134FEA421C01329981042AE7
:100070005981A3F80EE09E82DD8020F80C101982D1
:100080009C81EED100221E484FF00F0E41F2010676
:10009000114645F6C05543F2260400EB42134FEAE1
:1000A000421C01329981042A5981A3F80EE09E82F4
:1000B000DD8020F80C1019829C81EED100221148BD
:1000C0000F2641F20105114645F6C05443F2260EB3
:1000D00000EB42134FEA421C01329981042A5981F4
:1000E000DE819D82DC8020F80C101982A3F80CE0E0
:1000F000EED170BD00C00F40000003FC00C03D40C9
:1001000000001E4000401E4072B6EFF30583524CC3
:10011000C4F884301EF0040F0CBFEFF30882EFF335
:1001200009824FF0E0234D4DD3F8280DD3F82C1D54
:10013000C4E92201D3F8341DD3F8383DC4E92413AF
:100140009369A83444F8103CD36944F80C3C00F09F
:10015000CFF804ED020A01F0DDF90B2344F8040C9A
:100160004FF0FF323E4844F8283C2B6820210435EC
:100170005A4042F30003013903EA000383EA5202C2
:10018000F7D1A542F1D1344BC3F8A820BFF34F8F6C
:100190004FF0E0233149334AC3F8701FC3F8702F82
:1001A000BFF34F8FBFF36F8F2F4A02242F48D36EB8
:1001B0002F4943F44053D3660460D3692D4823F09C
:1001C0007F0343F04003D3610B68834240D8274D3F
:1001D00000204FF0E0234FF0FF3228600121C5F8E6
:1001E000080125480C460E46C5F80001C5F808115F
:1001F000C3F88021C3F88421C3F88821C3F88C2177
:10020000C3F8902101E000F073F9D5F80C31002B10
:10021000F9D04F2CC5F80C6104F10104F3D9174B48
:10022000022017494FF00042C1F840015A63D5F847
:100230000C313BB9134814490C4A0163D2F80C3114
:10024000002BFAD04FF0E023104AC3F80C2DFEE744
:10025000FEF79EFEBBE700BF00FF272080FF2720A0
:100260002083B8EDA0FF272000C00F4000400840C9
:10027000A4A40020803DCD0B009F240000900D40E1
:1002800000002E4000800F40F100AD0B0400FA0585
:10029000094A08B50346106823B1034407498B4255
:1002A00001D8136008BD0BF005FE0C2203464FF089
:1002B000FF301A6008BD00BF48A7002000002820BA
:1002C000002070474FF0FF30704700BF4FF40053DD
:1002D00000204B60704700BF012070474FF0FF3097
:1002E000704700BF30BFFDE730BFFDE7FFF70CBF31
:1002F000124AD2F880305B07FBD5D2F88030104824
:10030000C3F30B230F4990ED007A07EE903A91ED7D
:10031000006AB8EE477A0C4AF8EEE77A0B4BD2ED5A
:10032000006A77EEC77A93ED007AB8EE477A67EE07
:10033000867A87EEA60A37EE400A704700810D40A4
:10034000341702203C1702204017022038170220E1
:10035000836B70B586460E4610461BB1536843F456
:100360000043536072B6DEF8342042B31B4B10607A
:10037000D3F8B02132421ED1194C656805E062689D
:10038000A2EB050CBCF5166F0BD2D3F8402142F45A
:100390008042C3F84021D3F8B811D3F84021520469
:1003A000EDD5314007D10D4ACEE90201D2F8B03186
:1003B0003343C2F8B031CEF8340062B670BD07499D
:1003C000CEE90202D1F8B0313343C1F8B031CEF8F2
:1003D0003000CEF8340062B670BD00BF00002E4081
:1003E000001000E070B5056B95B12B46002403E0CA
:1003F0001B680134012B0CD05A681206F8D5036330
:1004000006462CB12846B36B2D689847013CF9D1BC
:1004100070BD00220023C0E90C23F1E700B501BB49
:10042000DFF8A0C0234B0021234A4FF0010E4FF00C
:1004300001109960C3F800E0CCE902314FF0800C64
:10044000C3F804C0C2F8BC01D2F8B0311B4843EA7B
:100450000E03C2F8B0310160D2F8B031002BFBD1ED
:1004600000BD0904164BDFF85CC04FF0010E41F0EF
:1004700080019860104A596000F58051C3F800E08F
:10048000D96000F50051CCF84830196100F54051B1
:1004900000F58040596100219861CCF84C10D2F8E9
:1004A000B03143F48033C2F8B031D2F8B031002B10
:1004B000FBD1B7E7E0B2002000002E40D875012044
:1004C00000B3002000000020074901220B78824081
:1004D00023EA02030B7033B9044AD2F8483123F0FF
:1004E0008003C2F8483170472018022000002E40D7
:1004F0002DE9F047A64C82B0D4F84461F107C4F866
:1005000044614CD5D4F8AC31002B43D0A14DA24F5F
:10051000DFF8B882C4F8AC31D5E90A20D4F840310C
:1005200043F40053C4F84031D4F840319B04F5D56E
:10053000D4F840314FF0011123F40053C4F8403196
:10054000C4F8B411D4F8B43113F00113FAD191B254
:1005500084463B60B1F5086F00F03A8100F2958067
:1005600040F2023E714500F0928100F2A48082299F
:1005700000F0E181B1F5817F00F0B381802940F086
:100580009580864802210380FFF748FFD4F8AC31FC
:10059000002BBFD17E4AD2F8BC31002B42D172066B
:1005A00016D57B4BD3F8AC21C3F8AC21D3F8BC21D2
:1005B000C3F8BC21D3F8B041002CFBD14FF0FF327F
:1005C000C3F8B421D3F8843100F040FD744B1C60B3
:1005D000F40103D5734B1B6803B19847B00103D5F1
:1005E000714B1B6803B19847710708D5684BD3F866
:1005F000843113F4007345D06C4B01221A70644BA4
:10060000D3F848311A060AD5330608D5684A137854
:100610002BB1013BDBB21370002B00F06D8202B0F6
:10062000BDE8F0875C49C2F8BC310868034240F07D
:1006300098815B4A12681340B1D01C0C554D1FFACB
:1006400083F810D094FAA4F7B7FA87F705EBC71030
:100650004030FFF7C7FE012303FA07F7BC43F1D18F
:10066000B8F1000F9BD0012798FAA8F4B4FA84F4EB
:1006700005EBC41007FA04F4FFF7B4FE38EA0408E7
:10068000F2D18CE7494A1370B9E742F2212E714545
:100690005AD049D8B1F5106F00F0A28042F2210C77
:1006A000614503D1010C072900F08C814FF0011343
:1006B000C4F8C0316AE7B1F5A06F00F0CA80A1F5B7
:1006C000D0610129F2D83B4B59680029EED01FFABE
:1006D0008CFE120C03E019690C330029E6D0B3F844
:1006E00000C09445F7D1B3F802C0F445F3D14FEA06
:1006F000122C000CBCF1030F00F0CB811B8983424C
:1007000028BF0346B2F5007F9A4640F09A81274BF6
:100710001B78002B40F0EE81274952462748DFF82E
:100720009C90FFF77FF99EE142F22133994214D069
:100730004FF6C0039942B9D183B2FF2BB6D843F428
:100740006E4363F30F0CBEE780B230B91C4B120C42
:1007500019681C4B19601C4B1A700023C5F848809F
:10076000EB64C8F808300123C8F800308023C8F8CB
:1007700004304FF00113C4F8BC31D4F8B03143F465
:100780008033C4F8B031D4F8B031002BFBD1FDE692
:1007900000002E4000000020D8750120EC16022039
:1007A000DC750120E0170220E41702202718022040
:1007B00028180220F09D0020D01F0060000020209B
:1007C000CC170220DC17022025180220E0B20020FE
:1007D000B34B0121B3481B780370FFF71FFED5E62A
:1007E000AF49120C01930A70AF4AC4F8C821AF4A4E
:1007F000C4F8CC21AE4AC4F8D02100F029FC8022F4
:100800000199AC480BF028FAAB498022019BA964FE
:100810004A60AA4AEB64C5F8A02002F13C428B6012
:1008200002F56C2202F56F72C5F8E02001220A6021
:100830004FF00112C4F8BC21D4F8B02142F4803248
:10084000C4F8B0219E4A3B60D2F8B031002BFBD1F6
:100850009CE69949EB648B600123A9640B608023BB
:100860004B604FF001139649C4F8BC31D4F8B03155
:1008700043F48033C4F8B031D1F8B031002BFBD150
:10088000130C5B0643F08073C1F854317EE610F020
:10089000780F7FF40BAF00F07F028A4B000653F80D
:1008A00022104CBF41F4803141F0010143F8221085
:1008B0000021814BE96499600121AB6419608021BA
:1008C0007F4A59604FF00113C2F8BC31D2F8B03101
:1008D00043F48033C2F8B031D2F8B031002BFBD1F1
:1008E00054E610F0780F7FF4E1AE00F07F02754B14
:1008F000000653F822104CBF21F4803121F0010191
:1009000043F8221000216C4BE96499600121AB642B
:10091000196080216A4A59604FF00113C2F8BC3156
:10092000D2F8B03143F48033C2F8B031D2F8B031EC
:10093000002BFBD12AE610F078037FF4B7AE00F06D
:100940007F01604A000652F82110564A138036D5BE
:10095000C90301D50123137002215248FFF75EFD40
:1009600014E60020086058490C88486842F22101CA
:100970008C427FF45EAE80B200287FF45AAE5349B9
:10098000534C03C9A18086284FEA11412060A17110
:100990007FF44FAE72B64F48017841F00801017004
:1009A000D2F848110D0605D480200143C2F8440155
:1009B000C2F8481162B6484A5021117039E6CB0797
:1009C000CAD5C7E74049EB60444BC1E9002001228A
:1009D000AB601A60424A5A603C4A9A60D4F8B0113F
:1009E00041F00101C4F8B01102F58051D96002F55F
:1009F0000051196102F5405102F5804259619A6136
:100A00002F4AD2F8B031002BFBD12B49EB648B601D
:100A10000123A9640B6048F280034B604FF001137F
:100A2000C2F8BC31D2F8B03143F48033C2F8B031EF
:100A30004FF48033224A3B60D2F8B031002BFBD117
:100A4000A4E5B2F5E06F7FF468AE264B1B78002B6F
:100A50004ED12549DFF8949052464846FEF7E2FF12
:100A6000072389F8013029F01F0309EB0A02BFF3BD
:100A70004F8F4FF0E021C1F8703F20339A42FAD8EF
:100A8000BFF34F8FBFF36F8F18485146FFF7C6FC77
:100A90007CE50B78834228BF03469A463DE600BFBB
:100AA00026180220EC1602200200CC00C80002002A
:100AB0000200C80080000020E0B200205DCFC6B870
:100AC00000002E40C0012E40E0B40020D07501206F
:100AD000D4170220201802202818022000B300207A
:100AE000800007002718022034200060000020202A
:100AF0000449AFE7044910E60320FFF7E5FC14F0D2
:100B000039FB00BFD01F0060342000602DE9F043A6
:100B1000841E83B0022C02D903B0BDE8F083124DCD
:100B200090460F46C60105EBC0143C2200210190FF
:100B3000201D99460BF090F8B8FA88F23904520952
:100B400041EA42710122A951C4F83890A260B9F17A
:100B5000000FE1D00549019B9A400B681A430A60D7
:100B600003B0BDE8F08300BF00000020DC75012069
:100B70002DE9F043A0F1020E83B0BEF1020F02D9BD
:100B800003B0BDE8F0839146C201124F884602F1DE
:100B9000400605463C220021F4190193201D0BF06C
:100BA0005BF8B9FA89FC4FEA0842019B4FEA5C1CEA
:100BB00042EA4C72BA510122A363A260002BDFD03B
:100BC000054905F110000B6882401A430A6003B022
:100BD000BDE8F08300000020DC75012012044FF016
:100BE000010C816042F08002C0F800C0C36101F5D1
:100BF000805C01F54053426001F5005201F58041EF
:100C0000C0F80CC08161C0E904237047831E022B29
:100C100000D9704700F1100C064B0A4603EBC010D8
:100C200000B54FF0010E0EFA0CF15DF804EBFFF782
:100C30008FBB00BF40000020831E022B00D97047ED
:100C40004FF0010C034B0A460CFA00F103EBC01005
:100C5000FFF77EBB0000002040687047144B0A225B
:100C6000DFF850C0D3F8200220F07F4000EB800373
:100C700000B55B0085B0604538BF18466946FEF791
:100C80006FFFDFF834C06B460022604619780132EE
:100C9000013341B10A2A20F8021FF7D116228CF83D
:100CA000002005B000BD52008CF8002005B000BD4A
:100CB00000441F408096980058AC002000F0E6BA2F
:100CC00000F06EBB00F048BB0846114600F03ABB8E
:100CD00070B5164D4FF0E02415494FF40032154E13
:100CE00005EB401582B001EB4021C4F88C2103468E
:100CF000328828460191FFF771FF019933880B4430
:100D0000BFF34F8FC4F85C1F20318B42FAD8BFF37A
:100D10004F8FBFF36F8F03202946FFF78DFF4FF4EE
:100D20000033C4F80C3102B070BD00BF20B3002006
:100D300080002020F8170220264B1A884368C3F34E
:100D40000E43D21A002AF0B5C46983B028DD2248C8
:100D5000224D01782D78CBB2DFF894C0A942204D06
:100D600009D01CF803100F4635F811100E46C1F5D6
:100D700000718A421AD90133002125F81420082B6A
:100D8000184D88BF0B4625F8141098BF19460CF86B
:100D90000340154B017019680A441A6003B0F0BD96
:100DA000204603B0BDE8F040FFF792BF0F4906EBC5
:100DB00047200192084401EB4421FEF733FE019ADB
:100DC00009492046B31825F817300B6813440B6007
:100DD000E7E700BFF81702201D1802201E180220A6
:100DE0000817022018170220041702208000202074
:100DF00028170220224B1A78002A3FD102F0FF0365
:100E0000204A1278002A39D01F4A1288002A35D089
:100E10001E49C2F5006210B5087884B01C4901EB88
:100E200040141C4901EBC0212046CDE90223019169
:100E3000FFF7D4FEDDE901120A44BFF34F8F4FF0F4
:100E4000E020039BC0F8701F20318A42FAD801933A
:100E5000BFF34F8FBFF36F8F04202146FFF7D6FEFD
:100E60000A480021084B027819800132019BD2B256
:100E7000032A98BF1346037004B010BD704700BF2B
:100E80002418022026180220FA1702202318022014
:100E900020B40020801020202DE9F04F87B004906E
:100EA000002900F0BF8000235F4C604F4FF0010924
:100EB000DFF890A15E4E029303915E4B5E4A1D786F
:100EC0003B8802EB451284F800900192002B40F021
:100ED000A58098461D469B460198FFF7BDFE10F081
:100EE000800000F08B80BFF34F8F9AF8003084F8B9
:100EF00000B00DB9D6F80080002B7BD13368A3EB8E
:100F00000803782B00F283804C4B1B78002B71D0A8
:100F100000F094FA3B88012584F80090002BDBD088
:100F200044491A46C3F500600D78039900EBC520CB
:100F3000DFF814B19142584417D20593DDE903213B
:100F40000192FEF76FFD019A4FF04041059B9B1AFD
:100F50003B803B4BC3F88410BFF34F8F02980023B4
:100F60001044237007B0BDE8F08F0499FEF75AFDD6
:100F700000230BEBC5214FF400620198FFF72EFE12
:100F80000BEBC521BFF34F8F01F1200201F5006388
:100F9000934294BF012340234FF0E02201EB43131F
:100FA000C2F8701F20318B42FAD1BFF34F8FBFF3CD
:100FB0006F8F04200199FFF729FE1E4A1378013331
:100FC000DBB2042B28BF002313703B88039AD11A8D
:100FD000029A1A4403910292049A1A44002304923A
:100FE000174A3B80C2F88430BFF34F8F237000292B
:100FF0007FF463AF029807B0BDE8F08F4FF4006252
:101000000C4B8AF800001D7813463A808DE70123C7
:1010100002988AF8003007B0BDE8F08F1A46C3F591
:10102000006082E70846E6E724180220FA1702204B
:10103000CC1702202318022020B4002026180220FA
:1010400000002E402218022080102020704700BF90
:101050002D4B002180222D4870B51B7800242C4E8A
:101060008B420CBF40234FF400732A4D33802B80FA
:101070000AF0F2FD284A2146284B14704FF4807282
:1010800027481C800AF0E8FD264A1021264B022042
:10109000C2E90044C2E90244244AC3E9004414708E
:1010A000234AC3E90244234B1C70234614602246A2
:1010B000FFF75EFD204B224631880320FFF726FD17
:1010C0002346012229880420FFF752FD20460134DF
:1010D000FFF7FEFD082CF9D1184B00214A221848D1
:1010E000184C0460C3F88410C3F88020D3F848215A
:1010F000154942F08072C3F8482121B1134A137890
:1011000043F00103137070BD2718022020B40020A3
:10111000F8170220FC17022023180220FA170220D9
:1011200020B3002008170220181702201D180220E3
:10113000041702201E18022095EC000000002E402B
:10114000E017022051ED00000000000029180220E5
:101150002DE9F84F4FF400324FF0E023C3F88C2113
:101160002B4B1C78002950D082468B46E4B20027D6
:10117000DFF8B490274B5046274AABEB07081B78A3
:10118000A34204F1010437D0092C244B244928BF81
:1011900000241E5D39F8163031F8165003EB462155
:1011A000ED1A1144A8452A4617D21E4C4246504615
:1011B000FEF738FC236839F816105846A3EB0B03EA
:1011C00088443B4429F8168023604FF0E0234FF415
:1011D0000032C3F80C21BDE8F88FFEF723FC114A5A
:1011E0002F4430461368AA445B1B1360084A1470EE
:1011F000FFF76EFDBB45BDD84FF0E0234FF4003242
:101200003846C3F80C21BDE8F88F0846DDE700BF7B
:101210001E1802201D1802208000202028170220FE
:101220000817022004170220181702200B4B0C4A43
:1012300012781978D3B28A420DD0013309480A4A8C
:10124000092B0A4928BF0023C35C31F8131002EBB5
:101250004323585C70474FF0FF3070471D18022041
:101260001E180220281702208000202018170220B4
:10127000054B186800B1704700B583B0019000F0CD
:10128000DDF8019803B000BD041702202DE9F84FE6
:10129000144E154D33782A78934220D0DCB2DFF813
:1012A0005090DFF850B0DFF85080104F0134082C18
:1012B000A24601D90024A24619F80400DBF8003048
:1012C00038F8102037F81010521A9B1ACBF800305B
:1012D000FFF7FEFC86F800A02B78A342E6D1BDE81C
:1012E000F88F00BF1E1802201D18022018170220B8
:1012F00028170220041702200817022000B583B027
:1013000001210DF10700FFF723FF18B19DF8070039
:1013100003B000BD4FF0FF30FAE700BF084B00B547
:1013200083B01B788DF8070033B101210DF1070060
:10133000FFF7B2FD03B000BD03F0FF0003B000BD36
:1013400026180220034B1B780BB1FFF7A5BD03F055
:10135000FF007047261802202DE9F04100240D4EB1
:1013600001230D4DA0460D4F33703B782846A34214
:1013700005D0FFF771FC030658BF08F5006801347B
:101380002035042CF1D1BFF34F8F0023404633703A
:10139000BDE8F0812418022020B400202318022088
:1013A000204B1B7813B1204B1A8802B970471F4B92
:1013B000C2F500621E481F4930B51B7883B01E4C31
:1013C00000EB431001EBC3210123054623700023EA
:1013D000CDE90012FFF702FCDDE900120A44BFF379
:1013E0004F8F4FF0E023C3F8701F20318A42FAD8A4
:1013F000BFF34F8FBFF36F8F04202946FFF706FC22
:101400000A49002208480B7802800133DBB2042B22
:1014100028BF13460B70BFF34F8F074B1A7003B0F2
:1014200030BD00BF26180220FA1702202318022020
:1014300020B4002080102020241802202E4B2DE9FB
:10144000F0411E7886B1DFF8C88098F800305BB9AB
:101450000123F10788F8003040D4B20727D40023D5
:1014600088F80030730701D4BDE8F081234B1A6877
:10147000002AF9D0EFF30582002AF5D1EFF31085A9
:1014800072B61868002830D01D4C217800292CD164
:101490000122227042691A60002A2AD0916105B99E
:1014A00062B600258368457798472570DCE7154BC1
:1014B0001B78002BD3D0144F002557F8044F236816
:1014C00020461B69984710B163699B6898470D4B8C
:1014D00001351A78EBB29A42EFD8C0E7FFF7C8FEA1
:1014E0000028BAD0AFF30080B7E7002DBCD162B6B8
:1014F000BAE7064B1A60D2E7291802209C72012035
:101500001318022014180220BCB20020A872012077
:1015100015180220074A506A936A19468446506A91
:10152000936A9942F9D18445F7D1DB0B43EA4040F5
:10153000704700BF00400D4008B5D0E900325BB1F4
:10154000BAB10F4BA3FB0213DB0803EB4303B2EB6F
:1015500083030AD1012008BD094BA3FB0213DB085A
:1015600003EB4303B2EB830301D0D21A4260F02AAB
:10157000F0D80AF09FFC1C22034600201A6008BD28
:10158000ABAAAAAA30B583B060B3044621B11D4608
:10159000B2FA82F35B09A2B9206818B362680AB391
:1015A000164B174902FB03F3B1EBB30F1AD3A36831
:1015B000FBB9002323606360A360E360012003B0F4
:1015C00030BD0193069BC0E90012C360FFF7B4FF72
:1015D00060B1002DF2D0626801992068A5600AF020
:1015E0003BFBEBE70AF066FC16230360002003B028
:1015F00030BD00210AF030FBDBE700BFABAAAAAA8E
:10160000555555150346084619460AF0E1BB00BF7B
:1016100030B500F1240385B08C460446154693E8A6
:10162000070001AB83E807004FEA4C121946206A15
:1016300001F0BAFB012806D12A4601A9206A01F06F
:101640006FFB05B030BD002005B030BD10B50446BD
:1016500000F0DEFD002384F8313084F8333010BD13
:1016600038B50D46144600F124010022006A01F04D
:1016700057FB034620B1428901202A801B89238021
:1016800038BD00BF38B50D46144600F124010022D4
:10169000006A01F045FB034620B1C28901202A807F
:1016A0009B89238038BD00BF90F831C0BCF1000F8A
:1016B00001D00020704710B582B00C463822614638
:1016C00001900AF0C9FA0122019B402110461C62D8
:1016D00083F8332083F8311002B010BD70B5144682
:1016E0000A781E460B46202A04D113F801CFBCF11C
:1016F000200FFAD02360A360197881B32F2920D05E
:101700005A1C184DA1F1220C1F295FFA8CFC07D935
:10171000BCF11D0F25FA0CFE04D81EF0010F05D0F8
:10172000002070BD01F0DF035C2BF9D02E29134699
:1017300002D0202918BFA26012F8011B79B12F290D
:10174000E0D113F801CFBCF1200FFAD0BCF12F0F7C
:10175000F7D021463360BDE8704001F0F7B92F297A
:10176000EFD0F6E7012100352DE9F04F90F8333046
:1017700083B00446DD076FD558060E46924640F109
:10178000AA80D4E90023D4E904101AEB020543F13E
:101790000003A94270EB0303C0F0A380BAF1000F6D
:1017A00056D05546D4E90032276AD7F8381411EAE2
:1017B000030970D1134370D194F831305A064CBFED
:1017C000D7F83414E169A16197F845240239D7F8B4
:1017D0002C34C9F3080B914040F2FF1003EB59235E
:1017E0001944BBF1000F42D1854240D9D7F81C0201
:1017F00081423CD0B5F5806F56D301239340A3EBD3
:1018000059296B0A994528BF994681420AD801EBAC
:101810000903984206D207F50470019103F0CAFE4D
:101820000199C8B1D7F814024B46324607687F6960
:10183000B84788B14FEA49294B464E44D4E90012D3
:101840005B1842F10002B5EB0905C4E90032ABD1E7
:10185000504603B0BDE8F08F94F832304FF0FF30BF
:1018600043F0020384F8323003B0BDE8F08F002269
:1018700007F5047003F0C8FE0028EDD0CBF5007921
:1018800000EB0B013046A94528BFA9464A46FEF7A2
:10189000C9F84B46D1E7A16996E794F83330A169BE
:1018A0005B060DD501318EE7D7F814023246036886
:1018B0001B6998470028CFD04FF400739946BCE7C6
:1018C00004F11802384601F047FA0028C4DB0BD0B7
:1018D000276AA16978E794F8313019077FF55EAF80
:1018E0004FE7A1EB020A59E794F8313013F0500F9B
:1018F000B2D0AAEB050A5046ABE700BFF0B583B003
:101900000122044685690DF10701D0E90067FFF760
:101910002BFF0128A5610CBF9DF807004FF0FF3099
:10192000C4E9006703B0F0BD2DE9F04F044690F81C
:101930003110806983B0804600295BD0D4E900CEA5
:101940009E4508BF94455FD052EA030058D00F0768
:1019500004D5D4E90450954298414BD3206A551ED2
:1019600094F83360834690F84504009663F10006CE
:101970000930C0B225FA00F9C0F12007A0F1200516
:10198000BA4606FA07F7019526FA05F5009E49EAD8
:101990000709760649EA05053AD41CF1FF3626FA0E
:1019A00000F04EF1FF365CEA0E0E06FA0AF70097D9
:1019B000019F26FA07F6009F40EA070040EA06006A
:1019C00001D0854228D249064CBFDBF83414E169C6
:1019D000A1611746994606E0A169013D206A01F020
:1019E000BBF9002806DD04F11802002DF4D13A46B7
:1019F0004B4607E00020C4F8188003B0BDE8F08F24
:101A00000021A161C4E90023012003B0BDE8F08FEB
:101A1000E1692944A161F5E72D1ADAE72DE9F04FD4
:101A20008DB00C4619460646009390F83130002BD5
:101A300040F0D480904694F8312012F0500F00F01E
:101A4000CD8001F00302032A00F0C880013201F0CA
:101A500008010A430192B8F1000F00F0C980D8F8DC
:101A6000102002F10E07AC4AA2FB0727D4E900219F
:101A7000FF080A4307F10207FFB204D00022A36166
:101A80000023C4E900234FF000094D46202204A999
:101A90002046FFF769FE10B3202840F09F809DF993
:101AA00010309DF81020002BC0F2A480B9F1000F77
:101AB00004D12368A3F1200AA3699B4609F101031D
:101AC000DBB2B94538BF9946002A00F014812022C4
:101AD00004A920460025FFF747FE0028DCD1009B23
:101AE0009A057BD5019BC3F3400383F00103DB0719
:101AF00074D4B8F1000F71D0B94580F061814346CC
:101B00004D46B0461E46202204A92046FFF72CFE73
:101B10006B1C002859D020285FD125B92268A2F17A
:101B2000200AA2699346DDB2BD42ECD33346464655
:101B3000382200213046984694F833500AF08CF849
:101B4000236AC5F380153362082386F82C5086F883
:101B50003130D8F80030C6E909BAC8F8043000239B
:101B6000A8F80C30002507F1FF3A0122E9B230460F
:101B7000FFF74EFD044688B390F90030002B2DDBB3
:101B8000202200210AF068F8002D00F0C780012D06
:101B900000F0DD80C123A1461E3404F81E3CB8F8D5
:101BA0000C3040461BB9D8E901239A4205D003F016
:101BB00079FD29F8020F4C45F1D10135BD42D4D150
:101BC000304600F025FB05460EE02046D4F818907C
:101BD00000F056FB002840F09B80464600231D463F
:101BE00086F8313086F8333028460DB0BDE8F08FE6
:101BF000032748E74DBBB94538BFA946852A7FF47E
:101C000045AF29463822304601250AF025F8BDF8AF
:101C100014309DF8112013F0100F03F0370386F8ED
:101C2000302043F0080208BF134686F8313023689D
:101C3000226A203B3262A269C6E9092394F8333054
:101C4000C3F3801386F82C3020E7C02A23D0C12AA2
:101C50007FF43DAF424604A9304600F0E1FEC0B13A
:101C6000B8F80C30ABB9D8E901329A4211D1009BD7
:101C70001B05B3D4009B13F4884F7DD196F8333005
:101C80009F07B1D596F83130DC06A7D4D807ABD57D
:101C9000A4E70546FAE69DF81130019A990786F8FF
:101CA000332003D542F0400386F83330099BF361BB
:101CB000DDE90623C6E90423DDE90A23C6E9022398
:101CC000B8F1000FD3D04FF00003D8F81020A8F8D7
:101CD0000C30D8F80030C8F804309DF813309A4220
:101CE0007FF4F5AEB8F81450BDF81430ED1AB5FA1B
:101CF00085F56D09CAE6B8F1000F3FF46FAF009BA0
:101D000098057FF56BAF019B99073FF5F5AE65E749
:101D1000C4F8189008E700BF898888888523237055
:101D20003C4B86F830A084F801A01B68F3B10DF19C
:101D30000B020DF10E0103A89847BDF80C3063812A
:101D4000BDF80E3023819DF80B30237535E74FF435
:101D5000E0732380019B63F07F0386F83330D8F86B
:101D60001030E370B8F81430A38026E745F621431D
:101D70006381E381638220E796F83130D9063FF52D
:101D80002DAF13F001017FF429AF009A520534D52D
:101D900096F8332097077FF521AF002B3FF41EAF55
:101DA000D6E90032134304D000220023B161C6E912
:101DB0000023304600F07AFC00287FF415AF0DE7D1
:101DC00038220021304694F8335009F045FF236A49
:101DD000C5F380153362082386F82C5086F831301D
:101DE000D8F80030C6E909BAC8F804300023A8F8CA
:101DF0000C30002F7FF4B6AEE2E6009B5C047FF56A
:101E0000F3AE3046D6E90423FFF78EFD00287FF4B9
:101E1000EBAEE3E6907201202DE9F043002597B088
:101E20000E4690F8311001921495ADF81450002927
:101E30003DD196F8311011F0500F38D099461378F3
:101E4000044615462F2B36D0002701AB02AA29469F
:101E50002046FFF743FC50B3019D2B78002B3ED06A
:101E6000002302AA31462046FFF7D8FDF8B1A44668
:101E700008AE04F13008DCF800000CF1100C5CF83E
:101E80000C1CB6465CF8082C10365CF8043CC445C3
:101E9000AEE80F00EFD1DCF800003060204600F023
:101EA000B7F908AE84F8317084F83370CDE70020BC
:101EB00017B0BDE8F08315F8011F2F29FBD0366A53
:101EC00038220195A1B9204609F0C6FE012340221F
:101ED0002662184684F8333084F83120E8E74B4610
:101EE00002AA31462046FFF799FD17B0BDE8F083FE
:101EF000002108A809F0B0FE0123109608AE8DF865
:101F0000533040238DF851309EE700BF19B101F5E1
:101F10008961FFF781BF0846704700BF90F83130F4
:101F20008BB900B591F831E01EF0500F09D00B6865
:101F300013F01F0C05D113465DF804EB6246FFF762
:101F40006DBD002000BD0020704700BF8169F8B55D
:101F50000446006A01B10131012200F02BFE012884
:101F6000074632D901230146206A1A4600F080FE56
:101F7000054650B3A36994F833204BB3510612D5EC
:101F8000591CB94218D022F04002E16984F833208C
:101F900005E0206A00F02CFF3146B0B1A3694E1C69
:101FA00099423246F5D34FF0FF323946206A00F0AD
:101FB0001FFF50B1A16911B92846A761F8BD3A4683
:101FC000206A00F015FF0028F6D100252846F8BD4C
:101FD00042F0400284F83320EEE700BF90F833303F
:101FE0009A073ED5C16970B50546E1B9002421467E
:101FF000012228460134FFF70BFB90B10378E1B2D0
:1020000003F07F03037095F830308B42F0D2002349
:102010002C6A85F83130204685F8333003F0CAFA4F
:1020200030BB002070BD5B06006A1CD590F84534BB
:10203000D5E902240933013ADBB244F1FF34C3F19C
:10204000200CDA40203B04FA0CFC24FA03F342EAA9
:102050000C021A430023013200F00AFE0028C5D109
:10206000DFE70020704700F0E7FE0028BED1D8E788
:1020700004F5047003F09EFA0028D2D0D4F840048E
:102080000368BDE870401B6A184700BF90F8313004
:10209000DB0601D40020704710B5002288B0002371
:1020A0000446FFF741FC08E020281BD19DF90030D1
:1020B0009DF80020002B15DB32B120226946204616
:1020C000FFF752FB0028EFD194F833300822204666
:1020D00043F0020384F8312084F83330FFF77EFFA9
:1020E00008B010BD002008B010BD00BFF0B500273B
:1020F00083B006463C46394600223046FFF788FA50
:102100000546002855D00278C02A5BD0C12A22D0CB
:10211000852A4ED196F8313003F0370383803B4B4C
:102120001B6883B10DF103020DF1060101A8984768
:102130009DF803306B75BDF80630AB812B82BDF87E
:102140000430EB816B82326A92F8103243F0010363
:1021500082F810322A78A2F185000023B0FA80F0CC
:102160004009E103012B01EB54010A4494B24FEA08
:10217000C43206D128B102EB5402297904230A445F
:1021800094B20133202B01D0EA5CEAE7013796F8DC
:102190003030F9B28B42AFD2012206F12401306A0D
:1021A00000F0BEFD28B1356A4480284603F002FAEB
:1021B000E8B996F83230002043F0010386F8323057
:1021C00003B0F0BD96F83320437852064CBF43F07D
:1021D000020303F0FD034370D6E90423C0E90223A0
:1021E000F3694361D6E90223C0E90623ABE705F5AD
:1021F000047003F0DFF90028DBD0D5F84004036851
:102200001B6A98470028DBD1D3E700BF90720120FA
:1022100090F83120F2B190F9331090F83320002972
:1022200012DB026A10B582B014460190104603F02A
:10223000C1F9019B80B993F83220002042F00102DD
:1022400083F8322002B010BD02F07F0280F8332004
:10225000FFF74CBF0120704704F50470019303F0B1
:10226000A9F9019B0028E6D0D4F840040268126A5C
:10227000904710B1012002B010BD019BDBE700BF09
:1022800070B590F8313005465A064CD480682B6AF8
:10229000D3F83C341844B0F1806F01D3002070BDF6
:1022A0002846FFF753FE0028F8D0286A0024AE69BC
:1022B00090F84534023E9E40D0F82C341E4405224E
:1022C000311900F5047003F09FF94FF400720021FA
:1022D0000028E3D009F0C0FC286A012390F84524C7
:1022E0001C4493409C42EAD395F831305B0615D4E8
:1022F00095F8332062F07F02D5E9023185F833206A
:10230000D0F83C249B1841F10000AB60D5E90431C2
:10231000E8609B1841F10001C5E904312846BDE899
:102320007040FFF775BF006A00F08AFEAFE700BF9C
:1023300070B500239CB00C931A9390F8313013F0D1
:10234000180F03D00B6A046A9C4202D000201CB014
:1023500070BD044640F601236846FFF75DFD002886
:10236000F4D0A44604F130060EADDCF800000CF108
:10237000100C5CF80C1CAE465CF8082C10355CF8B0
:10238000043CB445AEE80F00EFD1DCF8000009AA28
:1023900004F1240328609DF830C007CA83E80700D1
:1023A00094F83330204684F830C063F07F0384F81B
:1023B0003330FFF72DFF0028C8D000210222082368
:1023C0000EA815918DF86B208DF86930FFF706FE89
:1023D000BDE700BF91F8313013F0500F02D100215A
:1023E0000846704710B540F6022382B00446FFF756
:1023F00015FB38B11023204684F83130FFF740FF39
:10240000014618B90021084602B010BDA06900229B
:1024100000230191E0612046FFF786FAC12294F87B
:102420003130019984F83320002BECD04123204631
:1024300084F8333002B0BDE81040FFF757BE00BF4C
:10244000F0B5002797B00D4690F831100192ADF825
:1024500014701497002946D195F8311011F0500FDF
:1024600041D01E461378044611462F2B3ED001ABB7
:1024700002AA2046FFF732F9002834D0019B1B78CE
:10248000002B41D0002302AA29462046FFF7C6FAB6
:1024900030B946B302AA29462046FFF79BFF10B386
:1024A000A44608AD04F13007DCF800000CF1100C74
:1024B0005CF80C1CAE465CF8082C10355CF8043C4B
:1024C000BC45AEE80F00EFD1DCF8000028602046E4
:1024D000FFF7BCF8019901AB02AA204608ADFFF74F
:1024E000FDF80028CAD1002017B0F0BD01310191DC
:1024F0000B782F2BFAD0296A08A8FFF7D5F8002807
:10250000F1D0019908ADB2E702AA29462046FFF7AB
:1025100061FF17B0F0BD00BF2DE9F04790F831E042
:1025200084B01EF0080F9DF830409DF834509DF89F
:1025300038609DF83C7068D0A2F2BC7292B27F2ADB
:1025400063D803F1FF3EBEF10B0F5ED804F1FF3EEE
:10255000BEF11E0F59D83B2E98BF172D55D83B2FD3
:10256000019794BF002701270297002F4DD11F46E6
:10257000894680460392FFF74BFE002845D044EA87
:102580004713039A019F43EA422A02997B080C46AB
:1025900043EA461343EAC52517F001030CBF1E4664
:1025A00064260B46002240460193FFF731F860B3E2
:1025B00090F800E0019BBEF1850F53D00EF1400270
:1025C000D2B2012A21D8AEF185014FF0000CB1FA48
:1025D00081F14909DA03BCF1010F02EB53037344A3
:1025E0009BB24FEAC33208D139B190F804C002EB74
:1025F000530363444FF0040C9BB20CF1010CBCF18B
:10260000200F06D010F80CE0E4E7002004B0BDE88D
:10261000F087611C98F830200C46C9B28A42C1D2BA
:10262000012208F12401D8F82000019300F078FB82
:102630000028EAD0D8F82020019B14464380104699
:1026400002F0B8FF0028E0D004F5047002F0B2FFF9
:102650000028DAD0D4F8400403681B6A04B0BDE84F
:10266000F047184798F8312019F0010FD8F82010DA
:1026700002F03702828091F8102242F0010281F8C4
:10268000102202D00582A0F812A019F0020F03D088
:1026900006750581A0F80AA019F0040F90F800E073
:1026A00091D046758581A0F80EA08CE790F8333064
:1026B0009A0764D5C169B9B313F0400C70B50446EC
:1026C000D0F818E082B0006A30D090F845C4A26813
:1026D0000CF1090CE568013A5FFA8CFC45F1FF3515
:1026E000CCF1200622FA0CF2ACF1200C05FA06F629
:1026F00025FA0CFC324342EA0C020132BEF1000F13
:1027000020D1C4F81CE001918ABB63F07F0320460E
:1027100094ED007B84F8333084ED027B84ED047B00
:10272000FFF776FD02B070BD01207047BEF1000FCB
:102730000FD10191C4F81CE000F07EFBE0B194F8E9
:102740003330E2E70139A1EB0E010A440EF1010139
:10275000D9E701AA7146CDF804C000F0FDFA0028BF
:102760000ADB0ED101990029E9D0206AE4E70023B1
:1027700000F07EFA0028E2D1002002B070BD0020F7
:1027800070474FF0FF32A169206A00F031FB00284A
:10279000E8D1F1E72DE9F84F90F8333004469D0772
:1027A00040F1AC8093461A070E4600F12581D4E92A
:1027B0000031BBF1000F00F0D1805D464FF0010900
:1027C000206AA169D0F8382412EA03086CD10029E4
:1027D00000F0D58094F833305B0640F1ED80A268BC
:1027E000E368013A43F1FF3C90F845340933DBB22A
:1027F000C3F1200EDA40203B0CFA0EFE2CFA03F354
:1028000042EA0E021A43E36913448B4240F2DB8032
:102810000131A16190F845240239D0F82C3491405F
:102820001944B5F5007F72D3B5F5806FD0F81C322E
:10283000C0F0AB8009FA02F2A2EB08086A0A9045E0
:1028400028BF9046994204D808EB01029A4200F250
:10285000CB80D0F8140243463246D0F800C0DCF8F2
:1028600028A0D047002849D04FEA48284346A5EB86
:1028700008052268464461689B182269606941F135
:1028800000019A428841C4E9003102D3002D97D15A
:1028900064E094F8332062F07F02C4E9043184F8E4
:1028A0003320002D8CD159E090F845240239C8F32B
:1028B000080A4FEA58289140D0F82C344144194472
:1028C000BAF1000FADD0012200F5047002F09CFEB9
:1028D000A0B1CAF5007850443146A84528BFA846A3
:1028E000C2444246FDF79EF8BAF5007FBED1206A89
:1028F00000F5047002F05EFE0028B7D194F8323083
:10290000002043F0010384F83230BDE8F88F2268DC
:1029100027696369BA42626872EB030333D201220A
:1029200000F5047002F070FE0028E7D02A46314618
:10293000FDF778F820696269D4E90031EB1841F1BC
:10294000000198428A41C4E9003107D294F833204B
:1029500062F07F02C4E9043184F83320D4E9020232
:1029600098428A4150D32D4B1B682BB194F83330D9
:1029700063F07F0384F833305846BDE8F88FE1698F
:1029800049B3A16146E70522CAE7994206D100236F
:1029900080F810324FF0FF33C0F81C32D0F8140228
:1029A000324603685B6A98470028A7D04FF400734B
:1029B000A5F5007598465CE704F1180200F0CCF923
:1029C00000289BDB04D12046FFF7C0FA002895D0F1
:1029D000A169206A1EE72046FFF7B8FA00288DD0CB
:1029E000A169206AE16115E7002380F810324FF0F9
:1029F000FF33C0F81C322CE7D0E90423FEF794FF24
:102A000000287FF4D4AE79E794F833205846C4E91F
:102A1000023162F07F0384F83330AEE79072012018
:102A20002DE9F04115460C4601F11E08AB892846F8
:102A300034F8026F1BB9D5E901239A420ED002F097
:102A400031FE02F0F5FE0746304602F0F1FE874205
:102A500009D14445EAD10120BDE8F081B6FA86F0FB
:102A60004009BDE8F0810020BDE8F0812DE9F04F7C
:102A700090F8313083B00E46002B44D090F83030BF
:102A8000012B5ED9013A83460C464FF002088D189F
:102A90000023DFF8B4900022414658460193FEF728
:102AA000B7FD80B30278C12A2DD1019B00F11E072A
:102AB00000F1020A4288002B41D002F5105189B280
:102AC000B1F5806F1FD2C2F3090209EA83232146C0
:102AD00013432A4603F5803002F00CFE044690B101
:102AE00057451ED03AF8023F03F5205292B2B2F594
:102AF000006F0ED3F3B1214618462A4602F0FAFDC4
:102B000004460028ECD100231846337003B0BDE81A
:102B1000F08FB2F5806FF6D2574503D03AF8022F06
:102B2000CBE7002308F101089BF830205FFA88F812
:102B30004245B0D2A01B264600233370E6E7134679
:102B4000D2E70020F8E700BF00FC0F0070B50023BB
:102B50000E460A684FF6FF7519461C46B38133616D
:102B6000726015E002F09EFDA84220D002F060FEE7
:102B70003269E303B189013203EB5403326153FA42
:102B800080F3C3F34E0404EBC33404EB1024A4B26B
:102B900030460029E6D1D6E901239A42E2D13069D4
:102BA000B4820138FE288CBF0020012070BD0020B7
:102BB00070BD00BF2DE9F84F8A4680469146002936
:102BC00040D08F1ED8F83034BB4241D907F00703FC
:102BD0000125C7F3C80B9D403E463C46D8F82C144F
:102BE0000022404601EB143102F00EFDE8B10BF17A
:102BF000FF3C844400F2FF101CF8011F0AE04A4524
:102C00002AD0A74210D0D8F83024A24214D913F009
:102C1000FF050CD0013429424FEA4503A4EB06021C
:102C2000EDD0A7422646EED10120BDE8F88F8445BD
:102C30004FF00105E0D101E00026344601254FF0B8
:102C4000000BCBE7D0F82074D8F83034BB42BDD8A5
:102C500000270125BB46BFE7BAF1000F04D1B9F147
:102C6000010F08BFC8F82064B01CBDE8F88F00BF92
:102C70002DE9F04114468A1ED0F8305482B0111963
:102C8000A9423BD8D0F82064002B3BD1B24238BFD8
:102C9000C0F8202402F007011D4601230646C2F3B6
:102CA000C8078B40D0F82C1401EB123101223046BA
:102CB0000193009102F0A8FC00B3009900EB070E0D
:102CC00000F50078019B01319EF800C05A001CEA13
:102CD000030F8CEA030C14BF01200020A8420DD082
:102CE000013C8EF800C017D012F0FF03ECD10EF1BA
:102CF000010E1F460123F045E6D1D7E7002002B0C0
:102D0000BDE8F081B242C5D8B142C3D9A94228BFBB
:102D10000021C0F82014BDE7012002B0BDE8F08119
:102D200038B50C460B6890F845C400F50470D0F82F
:102D30002812023B656803FA0CF3294003EB512388
:102D4000D0F81C12194402F05FFC18B16368C3F399
:102D50000803184438BD00BFD0F8303401338B422B
:102D600002D24FF0FF3070470B46D0F8241400F524
:102D7000047001EBD31110B582B014460022019308
:102D800002F042FC50B1019B9900C1F30801435885
:102D90005A1C07D00120236002B010BD4FF0FF3055
:102DA00002B010BD0020F7E74B6870B5D0F838448A
:102DB0001C4013444B60144490F845340933DBB293
:102DC000DC4012D006460D46013C02E02A60013C80
:102DD0000BD329682B7A4A1C002BF7D12A463046A0
:102DE000FFF7BAFF0128F2D070BD012070BD00BF0F
:102DF000012904D9D0F8303401338B4201D20020AC
:102E000070470B46D0F8241400F5047001EBD31181
:102E100010B582B014460122019302F0F5FB024680
:102E200038B1019B01209900C1F30801545002B050
:102E300010BD002002B010BD2DE9F04F05460C4634
:102E400083B04FF00008D5F830340F4601339C4270
:102E50003DD8D5F82414002205F504704FEAD41BA0
:102E600001EBD41102F0D0FB88B3A300C3F3080335
:102E7000C258511C2FD0012C29D916464FF0010AF7
:102E8000D5F830240132944221D8D5F824140122F7
:102E900005F504700193594402F0B6FBB8B1019BEB
:102EA00040F80380BAF1000F1AD0631CB34208D077
:102EB000E21B0023394628460132FFF7D9FE30B124
:102EC0003746D5F83034344601339C42C1D900200E
:102ED00003B0BDE8F08F012CF9D94FF0000ACFE71D
:102EE000E21B5346394628460132FFF7C1FE00284F
:102EF000EDD003B0BDE8F08F2DE9F843002507467B
:102F0000D0F82C642C460022314607F5047002F0FC
:102F10007BFBB8B1013600F1FF3CD7F830E404F593
:102F2000805805E080B90834A64509D94445EAD05F
:102F30001CF8010FFF28F5D108340835A645F5D84F
:102F4000AEEB0500BDE8F8830822012318424FEAE2
:102F5000430318BF0135013AF8D1E4E770B5002307
:102F600004464FF0FF30154682B01A46C4F84014AC
:102F70006160E060C4F814121946C4F81C0204F53C
:102F8000047084F84434237084F8103202F03CFB5F
:102F9000042D0DD8034658B1BDB1013D00EB051518
:102FA00095F8BE2112F07F0202D195F8C23113B913
:102FB000002002B070BDD5F8C65104F50470294652
:102FC00002F022FB03460028F2D005221B49D81C40
:102FD000019308F085FE0028EAD1019B93F86C204C
:102FE000092AE5D11A6D01462A44C4F824245A6DF1
:102FF000C4F828249A6D2A440125C4F82C24DA6DDB
:10300000C4F830241A6EC4F8342493F86D20C4F840
:103010002004204602F1090384F8452405FA03F34D
:103020005A1EC4F83C34C4F838242A46FFF7C2FDBF
:103030004023284684F84434BBE700BFB82600206C
:10304000F8B5D0F830340546D0F8344401339C420A
:1030500007D9002695F845040930C0B206FA00F0F9
:10306000F8BD002600F50477D5F824140022384670
:10307000013601EBD41102F0C7FAA4000028E8D011
:10308000C4F308040459631CE4D0D5F83034013388
:10309000A342DED3E8E700BF024630B552F8101F66
:1030A00083B004468068019101F02CFF60B1019962
:1030B000A37859B1013103F0BF0225698D4218BFD1
:1030C000134663F07F03A37003B030BD43F04003A9
:1030D000F7E700BFF8B5047814F0200404D11A4BC8
:1030E000054642699A4202D300263046F8BDFFF7F2
:1030F000D3FF06460028F7D0A86803798279CBB1C0
:103100002F694369023F97401F4407E008F0A4FD80
:103110000134A868E3B202799A420AD90522391922
:10312000283002F071FA4FF4007200210028EDD12E
:10313000DAE782794FF4007369693046934011FAF7
:1031400083F36B61F8BD00BF00FE1F0010B504469D
:1031500080680A462830A16902F056FA20B1A38897
:1031600003F00F0300EB431010BD00BFCA68034615
:1031700010B50C4682B022B90178A1B1002002B08E
:1031800010BD232200210130019308F065FD019B51
:103190001021012219709A70D4E9021299601A6202
:1031A000012002B010BD2422A468019008F054FD53
:1031B000019B9C60E279102A03D0202A03D00C2ABC
:1031C000DCD1202100E04021012219709A70E7E74C
:1031D00090F800C0BCF1000F01D00020704710B57E
:1031E00082B00C4624226146019008F035FD019B17
:1031F0009C60E279102A06D0202A0BD00C2A02D03B
:10320000002002B010BD20210122197010469A70D2
:1032100002B010BD4021F7E72DE9F04F837883B06D
:103220000446DE0740F19680914602780F46150766
:1032300000F19980900608D5A36859896369C3EBAA
:1032400041139BB2994528BF9946B9F1000F7DD033
:10325000636912F020004D464FF00008A668C3F3E2
:10326000080B3FD0326A02EB5321BBF1000F57D15C
:10327000B5F5007F54D3736B8B4251D0B5F5806F99
:10328000C0F0A28022784FEA552B920605D43279FD
:10329000A2EB0802934528BF93468B420BD30BEB5E
:1032A0000102934207D206F12800019102F082F94F
:1032B000019900284ED0F06A5B463A460668766966
:1032C000B047002846D04FEA4B266369AD1B334414
:1032D00063613BD022783744C3F3080BA66812F031
:1032E0002000BFD196F8058008EA5328BBF1000FF3
:1032F00040D1B8F1000F3DD1002B43D151064FF022
:1033000000084CBF336A236AB5F5007F2361A3F13F
:103310000203B179726903FA01F303EB0201AAD245
:10332000002206F1280002F06FF998B1CBF5007683
:1033300000EB0B013846AE4228BF2E463246FCF762
:1033400071FB6369AD1B33446361C3D1484603B06D
:10335000BDE8F08F63784FF0FF3043F002036370F5
:1033600003B0BDE8F08FC36941695B1A994528BF76
:1033700099466AE72169B2797369023943449140F9
:10338000194472E7120721690CD5A3785B0609D5A9
:103390004B1C013980462361B379726901FA03F34A
:1033A000991865E704F11002304601F089FC002805
:1033B000D0DB13D0A6684FF000082369B279023B36
:1033C00093407269991853E7F06A3A4603681B699B
:1033D00098470028BED04FF4007676E7237813F0A4
:1033E000700FB7D0A9EB05094846B0E770B582B0B9
:1033F000012204460DF10701D0E90465FFF70CFF37
:1034000001280CBF9DF807004FF0FF30C4E90465A8
:1034100002B070BD436913F4F07F10B5044684B068
:103420000BD0012909D103F120024261A06803F405
:10343000F0733830184404B010BD01220DF10F01B3
:1034400020460193FFF7E8FE019B40B2012803D11B
:1034500062691F326261E9E70020ECE70378DA066F
:1034600001D400207047436930B583B033B183780D
:10347000002223F02003C0E90422837005460024C3
:103480000FE06B61AB6804F4F07438331A5D2344C9
:10349000DAB1E52A04D02E2A02D0DB7A1B0720D528
:1034A0006C6914F4F07F04F12003EAD101220DF1DC
:1034B00007012846FFF7B0FE40B2012803D16B692F
:1034C0001F336B61DEE76B785BB9AB780822284667
:1034D00043F002032A70AB7003B0BDE8304001F046
:1034E000E1B9002003B030BD2DE9F0410269044686
:1034F00003781746002B38D00E464169B1423ED0C2
:10350000002E36D0180729D5E269B2422DD3D4F85F
:1035100008C0751EA2789CF8060012F0400F00F15A
:103520000900C0B225FA00F52CD14A1EC24009B1EB
:1035300095422BD25B064CBFDCF82030236A236116
:1035400006E02169013DA06801F0BAFB00280CDD0E
:1035500004F11002002DF4D1A2780CE09A06D6D521
:10356000A3685B89B6EB431FF6D900202761BDE84D
:10357000F0818278066122F020026661A27001204B
:10358000BDE8F081236A2B442361F4E7AD1ADFE73D
:10359000F0B50E4683B0154600212422044601935F
:1035A0009DF8207008F058FBB068326AA58005F0DD
:1035B0000F05C4E9020200F1380202EB4512D17A8C
:1035C0000B072DD401F01701019B2170D57A15F05E
:1035D000180F02D141F00801217003F00301E770D8
:1035E000012923D0022938D0D1B95F0518D403F0BE
:1035F000080141F00101A170416B908AA161518BDA
:1036000041EA00412162D269E2615F0402D40120F3
:1036100003B0F0BDE1692046FFF766FF0028F6D150
:10362000002318462370A37003B0F0BD0225217853
:10363000CE06F5D4C907F3D403F008010D43A570F5
:10364000416B968AA161518B41EA06415E05D9D54D
:1036500029B965F07F05A570D7E70325E7E7019352
:1036600001F094FC0028DBD0A578019BF1E700BFB6
:103670000378ABBB0B7813F0700F31D02DE9F0431A
:103680004D6985B015F01F062FD191460C46804636
:10369000374601220DF10F012046FFF7BDFD40B274
:1036A000012822D1626905F4F07CA3681F32383307
:1036B000626103EB0C0E13F80C30B3B12E2B11D05A
:1036C000A3F1E500B0FA80F0400958B99EF80B105C
:1036D00011F0080C16D00F290BD006461546D8E776
:1036E0000020704700261546D3E7002005B0BDE84E
:1036F000F0835906F2D503F01F069EF80D301546EB
:103700001F46C6E786B10EF1FF320EF10A0E4FEAF0
:10371000CC1312F8011F03EB5C0372450B445FFAF4
:1037200083FCF4D16745E0D14B46C5F34F122146E7
:1037300040460096FFF72CFFD8E700BF0378002B28
:103740005CD030B590F9023085B00446002B0EDB1A
:10375000A36803F128001D4601F02CFF00283ED18C
:103760006378002043F00103637005B030BD8068CA
:103770000122A169283001F047FF0028F0D0A3887A
:1037800003F00F035A0100EB4313825CE52AE7D0F4
:103790002278120701D5E269DA61226A1848110C11
:1037A0005A830568998275B10DF10B020DF10E0176
:1037B00003A80193A847019BBDF80C20BDF80E108B
:1037C0001A835A82D982A37803F07F03A370A36877
:1037D00003F128001D4601F0EDFE0028C0D005F5DC
:1037E0000E7001F0E7FE0028BAD0286803681B6A53
:1037F00098470028B4D0012005B030BD01207047A3
:103800009072012010B50446FFF798FF0023237043
:10381000A37010BD2DE9F041002594B00E4601784B
:10382000ADF83850CDE90125002935D1317811F0B6
:10383000700F31D098461378044615462F2B2DD0A3
:1038400000271CE0019D2D78002D40D000F088FE5F
:10385000A6460DF1080CF8B102AEBEE80F00ACE8C8
:103860000F00BEE80F00DEF80050ACE80F00204665
:10387000CCF80050FFF762FF019D2770A770294622
:1038800001AB0BAA204600F0B1FF054600230BAAAE
:1038900031462046002DD5D100201CE00135019590
:1038A00029782F29FAD0B6682422B9B9204608F021
:1038B000D3F9A660F379102B03D0202B22D00C2B48
:1038C000EAD12022012322701846A37003E0434668
:1038D0000BAA00F045FE14B0BDE8F081002102A85B
:1038E00008F0BAF90496F379102B03D0202B0BD0F3
:1038F0000C2BD1D120238DF80830012302AE8DF896
:103900000A309DE74022DDE74023F4E719B101F5D5
:103910008961FFF77FBF0846704700BF91F800C07C
:103920001CF0700F01D100207047F0B540F6022363
:1039300089B004460F4600F013FE38B1012210236F
:103940002046A2702370FFF7C5FB10B9002009B014
:10395000F0BD22692378226243B1636933B1A37851
:10396000002223F02003C4E90422A3702046FFF7BD
:10397000E5FE0028EAD0A0680122A169283001F004
:1039800043FE0028E2D0B4F804C01022EE460CF04A
:103990000F0C4FEA4C1300EB4C1C8CF80B20C0585A
:1039A000236ADCF80410DCF808209D1EDCF80C30DB
:1039B000AEE80F00A368DCF810009B79DCF8141067
:1039C000DCF818209D40DCF81C30AEE80F004FF00A
:1039D00020330122CDF80130CDF80530ADF80930A3
:1039E000A368596903F12800294401F00DFE8446BB
:1039F0000028ABD04FF02E066D46EE468DF80060E5
:103A00000FCDCCF80000CCF80410CCF80820CCF88E
:103A10000C308DF801600FCDCCF81000CCF81410EC
:103A2000CCF81820CCF81C303B6A1A0CADF81A30D0
:103A3000ADF81420BEE80F00CCF82000CCF824101C
:103A4000CCF82820CCF82C30BEE80F00CCF83000A1
:103A5000CCF83410CCF83820CCF83C30A46804F111
:103A6000280001F0A7FD00283FF470AF04F50E70A8
:103A700001F0A0FD00283FF469AF206803681B6ACD
:103A800009B0BDE8F04018472DE9F041002694B098
:103A90000D4601780192ADF814600B9600293FD1D4
:103AA000297811F0700F3BD09846137804461646DB
:103AB0002F2B37D0002726E0019E3678002E4CD0E1
:103AC00000F04EFD034602AA294620462BB9B8F164
:103AD000000F25D0FFF722FF10B3A6460DF12C0CE6
:103AE000BEE80F00ACE80F00BEE80F00DEF80050A3
:103AF000ACE80F002046CCF80050FFF71FFE0BADDE
:103B0000019E2770A770314601AB02AA204600F043
:103B10006DFE0646002302AA29462046002ECBD180
:103B200000201DE00136019633782F2BFAD0AD68C6
:103B3000242200210BA808F08FF80D95EB79102BAB
:103B400003D0202B0FD00C2BEAD120238DF82C3062
:103B500001230BAD8DF82E30ACE702AAFFF7DEFE95
:103B600014B0BDE8F0814023F0E700BF2DE9F04339
:103B700004789BB0002514F0180F0895119503D018
:103B80008C688668A64203D000201BB0BDE8F08395
:103B9000044690460F46FFF7D1FDA6460DF1440CB2
:103BA000BEE80F00ACE80F00BEE80F00ACE80F0065
:103BB000DEF800302A46A169CCF80030A36803F192
:103BC000280001F021FD0028DED0A288EC462678EE
:103BD00002F00F0200EB421E5201DEF80410805882
:103BE000DEF80C30DEF80820ACE80F00DEF8141028
:103BF000DEF81820DEF81C30DEF81000ACE80F000C
:103C00009EF80B3042463946994616F0080340F0BC
:103C1000A98008A8FFF738FF0028B5D0109EBDF88E
:103C2000243000250E990122A3809DF82330A0683E
:103C3000E3700B9B2830A161E3608DF820508DF874
:103C4000225001F0E1FC00289ED0A38803F00F036E
:103C500000EB4310DDF80D30C0F80D30DDF8113009
:103C600080F80B90C0F81130DDF81530C0F8153031
:103C7000DDF81930C0F81930BDF81D30A0F81D303E
:103C80009DF81F30C377002E4AD0A068B31E2A4685
:103C9000817928308B4050F8141C194401F0B4FC91
:103CA000844600283FF470AF006A6D46DCF82410AB
:103CB000DCF82820DCF82C300FC5DCF83000DCF80C
:103CC0003410DCF83820DCF83C300FC53146A068F1
:103CD00001F05CF900283FF457AFA068236A8279AD
:103CE0002830023B50F8141C93400122194401F083
:103CF0008BFC844600283FF447AF6D460FCDCCF8CF
:103D00002000CCF82410CCF82820CCF82C300FCD93
:103D1000CCF83000CCF83410CCF83820CCF83C305B
:103D200000210222082311A819918DF846208DF850
:103D3000443000F0B7FD00283FF426AFA46804F13A
:103D4000280001F037FC00283FF41EAF04F50E7088
:103D500001F030FC00283FF417AF206803681B6AAD
:103D6000984712E740F601236046FFF753FD00280D
:103D70003FF40AAF2E4652E770B582B004460D46B6
:103D80001646FFF7DBFC18B90023184602B070BDD9
:103D900001900022A068A169283001F035FC0028BC
:103DA000F2D0A288019B02F00F0200EB4210C28900
:103DB000018A18462980328002B070BD70B582B089
:103DC00004460D461646FFF7B9FC18B900231846FD
:103DD00002B070BD01900022A068A169283001F0F6
:103DE00013FC0028F2D0A288019B02F00F0200EB26
:103DF0004210C28A018B18462980328002B070BD01
:103E00002DE9F04390F800E085B01EF0080F9DF812
:103E100030509DF834609DF838709DF83C401BD0C0
:103E2000A2F2BC728846194693B27F2B14D84A1E60
:103E30000B2A11D86A1E1E2A0ED83B2F98BF172EA8
:103E40000AD83B2C08D8CDF80880894680460190D6
:103E50000393FFF773FC18B9002005B0BDE8F083A9
:103E6000D8F808000122D8F818102830CDF80480BE
:103E700001F0CAFB0028EFD045EA49120199039BE3
:103E800042EA43238A8802F00F0200EB42106208E4
:103E900042EA471242EAC621029AD607029A48BF6E
:103EA0004382950706D514F001020382C18118BF31
:103EB00064224273029A520701D50383C182019B97
:103EC0009B6803F128001C4601F074FB0028C3D056
:103ED00004F50E7001F06EFB0028BDD02068036869
:103EE0001B6A05B0BDE8F043184700BF83789B0705
:103EF00026D5016AB9B10346006900B585B008BB93
:103F0000039118629868019301F040F8019BA0B1F9
:103F10009A781846596962F07F02D9619A70FFF762
:103F20000DFC05B000BD0120704719696FF07042AB
:103F3000986800F053FF019B90B9002005B000BDC8
:103F4000002070474FF0000C014603AA98680193C7
:103F5000CDF80CC000F0B4FE0028EEDB019BE4D1EC
:103F600003990029D4D0CDE72DE9F04783780446A2
:103F70009D0740F1A58017461A070E4600F1D08034
:103F80006269D31980F09C80002F77D03D46A068ED
:103F9000C2F30809216990F8058018EA522838D13F
:103FA000B9F1000F35D1002974D0A3785B0677D51D
:103FB000E369934274D901312161023982794369FD
:103FC00091401944B5F5007F43D3B5F5806F436B3D
:103FD0007DD30279A2EB08086A0A904528BF904673
:103FE000994240F29180C06A43463246D0F800C000
:103FF000DCF82890C847002862D0A5EB48254FEA96
:1040000048286169464408EB01026261002DBED177
:1040100034E0023982794369914019444144B9F14D
:10402000000FCFD00122283001F0EEFA002847D04F
:10403000C9F5007848443146A84528BFA846C14480
:104040004246FBF7EFFCB9F5007F33D0A5EB08053E
:10405000D7E76269E3699A4220D2A37813F0200F70
:1040600014BF05220122283001F0CEFA40B32A46BF
:104070003146FBF7D7FC62692A446261E3699342E7
:104080005BD3314B1B681BB1A37863F07F03A37034
:1040900038461AE0216A71B321618EE70522E2E712
:1040A00004F1100200F00CFE002809DB3FD0A068EC
:1040B000216982E7A068283001F07CFA0028C5D188
:1040C0006378002043F001036370BDE8F0879942F4
:1040D00005D1002380F828304FF0FF334363C06AD6
:1040E000324603685B6A98470028E9D0A5F5007559
:1040F0004FF4007885E72046FEF7CEFF0028DFD09A
:104100002169A068216258E708EB01029A427FF614
:104110006AAF002380F828304FF0FF33436362E733
:10412000C169FFF7E1F900287FF42AAFC8E720460C
:10413000FEF7B2FF0028BAD1C2E7A3783846E261A1
:1041400063F07F03A370C0E7907201202DE9F04F68
:1041500007468DB01446064689469C4603AD4FF08F
:10416000000E0FCF0FC50FCF0FC53B68A4F80CE0B2
:104170002B6023686360BCF1000F45D04FF0010A4B
:10418000CDF804C0A9EB0A0103A889B24901FFF7E1
:10419000ABF970B3002103A8FFF73CF9804640B3A8
:1041A0004FF0000B10E001F07DFA074628460BF1B6
:1041B000010B01F03DFB0546384601F039FB854215
:1041C00017D1BBF10D0F18D05FFA8BF24146304684
:1041D00000F0F2FBA38905462046002BE3D1D4E989
:1041E00001239A42DFD1B5FA85F040090DB0BDE850
:1041F000F08F00200DB0BDE8F08F0AF1010A019B9D
:104200005FFA8AFA5345BDD20120EFE72DE9F04F5E
:1042100007468BB015468A4699460DF1040C02F10B
:10422000150402F120064FF000080FCFACE80F0094
:104230000FCFACE80F003B68CCF800304FEAC81352
:1042400014F8012F03EB5803B44213445FFA83F8C8
:10425000F4D12B6800276B60AF81B9F1000F56D005
:104260000126AAEB060101A889B24901FFF73CF932
:1042700000284DD0002101A8FFF7CCF8002847D036
:10428000039AB14500F1010B92F8283043F0010385
:1042900082F828300CBF49F040023246002380F8F3
:1042A0000D8002701C460F224383A0F80B20A889C2
:1042B00018B9D5E901239A420ED0284601F0F2F947
:1042C000042C10D82BF8020B0134A8890028F4D153
:1042D000D5E901239A42F0D1EFB10137042C4FF612
:1042E000FF70FFB2EED90A2C05D8ABF803000134F9
:1042F0000BF1020BDBE70C2CABF8050003D00BF144
:10430000020B0C24D3E70136F6B2B145A9D2012045
:104310000BB0BDE8F08F0127D2E700BF02464FF097
:10432000203152F8163B2DE9F04FC0F81610846882
:104330005160C2F807101D782E2D03D113F8012FFC
:104340002E2AFBD0611E99420BD90A4602E0934205
:1043500000F0868092F800C01146013ABCF12E0FA1
:10436000F5D19C4279D94FF0000AB5F12E0C4FF0EF
:1043700007074FF0080818BF4FF0010CD646D34688
:1043800007E001330A274FF0080E4FF010089C4257
:1043900053D91A782E2A08BF8B420CBF012600265B
:1043A000EFD0222A37D07C2A35D0A2F15B09B9F1AF
:1043B000020F30D9A2F12A09B9F1050F8CBF0025EF
:1043C00001252D2A08BF00252DBBA2F13A09B9F11C
:1043D000050F20D9A2F12109B9F15D0F51D8774518
:1043E00043D28B4294BF4FF0000C4FF0010C0A2FC8
:1043F00008BF4CF0010CBCF1000F33D0837D202BA3
:104400002BD0037D012143F27E1203444175DA82F1
:104410000120BDE8F08F7745E3D35F220EF1010C58
:10442000864401338EF816205FFA8CF2B446062AD1
:10443000964698BF02759C42ABD8837D202B0CD04A
:10444000BCF1000FDDD00BEA0A03DBB2002B18BF72
:104450004FF0020A80F815A0DAE70020BDE8F08FDF
:1044600019467EE70B46072791E7A2F16106192E50
:104470000ED8203A4AEA08056646D2B25FFA85FAB3
:10448000CCE702F0C002802AC5D10133AC467EE7FA
:10449000A2F14106192E664698BF4BEA080BBDE70C
:1044A0002DE9F04F01F11A0983B004466225CDF8D9
:1044B000049001F11B0A0F7D4FF07E0801F11606F2
:1044C0004FF000098B46254B032F1B6828BF03279D
:1044D0004B440AEB07011FFA83F9019B03EB070C1E
:1044E000ACF1030C09F00F034FEA1919092B03F182
:1044F000370298BF03F1300201F8012D8C45F1D14C
:104500000BEB07030021204683F81680FEF7ECFF33
:1045100001212046FEF77EFF03460B223046194656
:104520008BB193F800C0BCF1000F13D0DB7A1B07EE
:10453000EED407F0BDFA0028EAD1013D15F0FF05E1
:10454000C1D1284603E06078B0FA80F0400903B09A
:10455000BDE8F08F012003B0BDE8F08FCC1702203A
:104560002DE9F04F0C788DB014F0700F55D0047811
:10457000002C52D18C689A4D089414690C34A5FB18
:104580000454C4F38705547DA407059500F0E48026
:1045900005F101085FFA88F80E464FF0000B14464B
:1045A0000990002130460793DA4604925F46FEF7F1
:1045B0009BFFD94604F116035C46CDF818B003936F
:1045C000756900213046FEF725FFC5F34F150346F8
:1045D00000B30278E52A24D01AB3A04588BF00248E
:1045E0002E2A32D0C17A0F2933D011F008012CD1F4
:1045F000002F40F0D5800B22039907F059FA0028CC
:10460000DED1049B5B7D13F0010300F0E180012308
:104610000693D5E77378002B36D000200DB0BDE8A7
:10462000F08F631C002C08BFA946DBB2A04588BFF1
:104630001C464AB30027C3E70AF1FF3A5FFA8AFA39
:10464000524502D1437B5B4510D0B2FA82F77F0915
:10465000B6E7002FF0D102F01F0A05995145AFD1FE
:1046600012F04007ACD090F80DB00F46BAF1010F30
:10467000A6D1691C3B46049A304689B2FFF766FD15
:10468000002808BF00279BE7079B9A05C5D503F0C4
:104690000303013B012BC0D8002C60D1A946B8F11F
:1046A000000F62D1069B2BB104993046FFF7F8FE4C
:1046B0000028B2D008F1FF38049A30465FFA88F338
:1046C00003EB09051F46ADB22946FFF79FFD002801
:1046D000A3D069013046FEF707FF00289DD00021D6
:1046E0003046FEF797FE0446002896D0202200218F
:1046F00007F0B2FA0499D1F81620D1F81A302260E6
:10470000636091F82030CA8BA37222814B7D03F045
:1047100018032373334B1B68002B5BD00DF12B0266
:104720000DF12E010BA89847BDF82C302382BDF85F
:104730002E30E3819DF82B306373089A92F828306D
:1047400043F0010382F82830079B2A463146099836
:104750000097FEF71DFF61E74FF001081CE7A04539
:1047600003D89FE7DCB2A0459CD900213046FEF774
:1047700051FE631C0028F5D17378002B7FF44DAFF8
:10478000A0458FD9089D05E02B7904EB0314E4B212
:10479000A04587D93046FEF79DFC0028F4D13CE7C0
:1047A000BAF1010F7FF439AF013803F10A02CB01EE
:1047B00003EB510310F8011F0B448242D9B2F6D12A
:1047C0008B457FF42AAF079B19053FF526AFBBE762
:1047D0001F46F8E745F621432383034B2361ACE7EB
:1047E0004FECC44E90720120215C215CF0B515465F
:1047F0000A781F4683B0202A0B4603D113F8012FF5
:10480000202AFBD02B601A78002A34D02F2A32D0ED
:104810000024234E06E002342C61AB601A7852B3B8
:104820002F2A28D0191D184601AA00F0B7FF034609
:1048300098B1019AB2F5803FEDD27F2A04F10104CC
:10484000EAD8D0B21F2808D9A0F12201C9B21D2987
:1048500006D826FA01F1C90706D5002003B0F0BD3D
:1048600000F0DF005C28F8D02E2AD7D0202AD3D140
:104870001A78002AD4D12A69013AFE2AEDD81A788A
:10488000202A03D113F8012F202AFBD02F2AF9D098
:1048900028463B6003B0BDE8F040FFF73FBD00BFD6
:1048A0000121003570B500228AB0837801929A0701
:1048B00024D5016A054619B1806800F067FBE8B1AC
:1048C00001212846FEF742FCC0B1421E00F10A0C4D
:1048D0000024E30112F8011F03EB540362450B446B
:1048E000DCB2F6D16FF01A0200230270AE682B70B2
:1048F00006F12800AB7000F05DFE10B900200AB090
:1049000070BD06F50E7000F055FE0028F6D0306838
:1049100003681B6A98470028F0D0EB78002BEED094
:10492000294601A8FEF722FC0028E7D0EB78002BEF
:10493000E4D0012622E001A8FEF76CFDF1B20136B9
:104940000028DBD0C37A0F2BD8D102785FFA86FC1F
:1049500002F01F039942D1D1437BA342CED16FF025
:104960001A030370A96891F8283043F0010381F815
:10497000283053060DD4EB786345BFD3A98801A82E
:10498000891B89B24901FEF7AFFD00210028D2D171
:10499000B4E7AC6804F1280000F00CFE0028ADD0AC
:1049A00004F50E7000F006FE0028A7D0206803680A
:1049B0001B6A9847A3E700BF042A04D801EB420111
:1049C000B1F8010070470A2A03D801EB4201888838
:1049D00070470C2A03D801EB4201C88870470020B9
:1049E000704700BFF0B50C46017883B081B111F07B
:1049F000600107D0012A0BD94FF02F03012023803B
:104A000003B0F0BDCDE90012FEF7A0FB074620B9C8
:104A100000231846237003B0F0BD00990826019AC0
:104A20008C46BCF1080F037820D0A3F1410E5FFA49
:104A30008EFEBEF1190F26D803F1200E3D7B5FFAE2
:104A40008EFE2E4218BF734601F1010E9645DFD24D
:104A50000CF1010C63545FFA8EF1BCF10C0F19D00C
:104A6000BCF1080F00F101000378DED1202B11D03A
:104A70004B1C9342CCD24FF02E054FF0090C102660
:104A80006554D9B2CDE7202BDED10CF1010CBCF17D
:104A90000C0FE5D108460023635403B0F0BD00BFFE
:104AA0002DE9F04300278DB003780D460397002BC6
:104AB0006CD0C3780446002B6ED0014603A816467E
:104AC000FEF754FB002861D0E078002800F08A80CF
:104AD000013E3B462A464FF0010905EB0608A18836
:104AE00003A8A1EB090189B24901CDE90023FEF732
:104AF000FBFC00284AD0002103A8FEF78BFC00280D
:104B000044D0C17A0F2941D101785FFA89F601F0CA
:104B10001F01B1423AD1471CB0F80110DDE9002372
:104B2000002B6FD0002601F5105080B2B0F5806FD9
:104B30002CD23648C1F3090100EA83230B4303F565
:104B400080301146424600F0D5FD0246F0B10C2EF1
:104B500006F101013BD0CBB207F1020C042B20D8A7
:104B60007B8803F5205080B2B0F5006F3DD2B0F5E0
:104B7000806F0BD202360437F1B204293BD8398852
:104B800001F5105080B2B0F5806FD2D300231846E3
:104B90002B700DB0BDE8F083FFF724FF0DB0BDE82A
:104BA000F0830A2B94BFBCF80330BCF8053003F542
:104BB000205080B2B0F5006F17D2B0F5806FE5D20B
:104BC0000C2901F1010603D00CF10207D4E7002300
:104BD00009F10101E0788946C9B28842BFF47FAF8C
:104BE000501B154600232B70D3E7002BF8D0184636
:104BF00067460E46A5E70A2994BFB7F80310B7F831
:104C0000051090E70B46BC460021D0E700FC0F00E2
:104C1000FFF746BF2DE9F843DDE90898BBB10C4624
:104C2000164605465F1803E00134C847BC420ED063
:104C30002B683246214628461B6998470346424660
:104C400031462046002BEFD11846BDE8F8830123FA
:104C50001846BDE8F88300BFD2F800C0BCF5807FDD
:104C600000B5E64628BF4FF4807E01EB4E0081423E
:104C700007D231F8023B13B95368013353608842BD
:104C8000F7D8ACEB0E03136000BD00BFD2F800C034
:104C9000BCF1800F00B5E64628BF4FF0800E01EB57
:104CA0008E00814207D251F8043B13B95368013397
:104CB00053608842F7D8ACEB0E03136000BD00BF11
:104CC000012941D9C3698B423ED30B46F0B5C17966
:104CD00083B01646044620294CD0102966D00C29F2
:104CE00044D1C3F34E028169019312FA83F295B263
:104CF000C2F346221144027A00F50E70A2F10202BC
:104D000000910746B2FA82F25209520000F07CFC90
:104D100060B3C5F3080202F1010C835CBCF5007FAF
:104D20001D46DDE9001312D060440278DB0745EA36
:104D300002224CBF1309C2F30B03E269934232D83B
:104D40000120336003B0F0BD4FF0FF307047227A8E
:104D5000013138460093A2F10202B2FA82F25209FE
:104D6000520000F051FC009B0028DED14FF0FF30D4
:104D700003B0F0BD027A816900F50E70A2F1020263
:104D8000009301EBD311B2FA82F25209520000F003
:104D90003BFC0028EAD0009BE269990001F4FE7117
:104DA00043589342CCD9002003B0F0BD027AC3F33C
:104DB00007218069A2F102020093014404F50E70FC
:104DC000B2FA82F25209520000F01EFC0028CDD047
:104DD000009B590001F4FF71435AAEE701293CD909
:104DE000C3698B4239D30B46F0B5C17983B01646FF
:104DF0000446202936D010294BD00C292FD1C3F3DB
:104E00004E028169019312FA83F295B2C2F34622EF
:104E10001144027A00F50E70022A009107460CBF79
:104E20000322012200F0F0FBC8B1019BC5F3080288
:104E300040F2FF1C009913F0010302F1010E3ED174
:104E4000624586544AD0C6F307127044037823F0B3
:104E50000F0343EA1212027018E00020704700208E
:104E600003B0F0BD027A816900F50E70022A00934A
:104E700001EBD3110CBF0322012200F0C5FB002877
:104E8000EDD0009B990001F4FE714650012003B063
:104E9000F0BD8269C3F3072100F50E700093114441
:104EA000227A022A0CBF0322012200F0ADFB002867
:104EB000D5D0009B590001F4FF714652E6E710F887
:104EC00002C0BEF5007F0CF00F0C4CEA061C00F887
:104ED00002C003D0320970440270D7E7227A013150
:104EE00038460093022A0CBF0322012200F08CFBFB
:104EF0000028B4D0009BC6F30712002BA6D0027086
:104F0000C4E700BF2DE9F041C46882B005460E46F3
:104F10008C4290462CD20C4600270134EB6901AA42
:104F20002846A34205D267BBEC6801273C44A34254
:104F300027D3A642214624D0FFF7C2FE431C20D02F
:104F40000028EAD0019B002BE7D107B1EC606FF09D
:104F5000704221462846FFF741FF074688B14EB907
:104F60006B6A002B01DB013B6B62C8F8004009E073
:104F70000127D2E7314622462846FFF72FFF0028B7
:104F8000EED10027384602B0BDE8F08170B5054685
:104F900082B00C460FE0FFF721FF621EB0B16B6AD2
:104FA000002B03F10103A8BF6B62EB68A342019CD5
:104FB00088BFEA605EB101AA21462846FFF780FE5D
:104FC000064600222146731C2846E4D1002002B088
:104FD00070BD00BF2DE9F047466A84B0002E1DDA8F
:104FE000C1790446C7690C2907F101031AD1022BC4
:104FF00040F2BE800225002607E010B1029B03B9F3
:105000000136BD4205F1010508D002AA2946204615
:10501000FFF756FE421CF0D14FF0FF36304604B089
:10502000BDE8F08794F8382200200293D307D4F823
:105030001080039075D400234FF0FF322768202999
:1050400084F8383204F51276C4F844223A68A56927
:10505000D2F81890474B30D099456BD1B8F1000F7A
:1050600074D008EB050A136929463246384698473A
:105070000028D1D0DDF80880B8F5807FC14628BF70
:105080004FF4807906EB490C66450ED203993346FE
:105090004FF0000E33F8022B0AB901318646634502
:1050A000F8D3BEF1000F00D003910135A8EB09033E
:1050B000AA4502934AD03A68D5E799454CD1B8F150
:1050C000000F43D008EB050A1369294632463846DB
:1050D00098470028A0D0DDF80890B9F1800FC846A5
:1050E00028BF4FF0800806EB88018E4211D2DDF810
:1050F0000CC033464FF0000E53F8042B12B90CF1DC
:10510000010C86468B42F7D3BEF1000F01D0CDF8DB
:105110000CC00135A9EB0803AA45029316D03A68E2
:10512000D2E704F50E7000F045FA00283FF474AFA2
:10513000E17980E7294602AD43463246019538467B
:105140000D4D0095C84700283FF466AF039E3046DA
:10515000666204B0BDE8F087294602AD4346324698
:1051600001953846054D0095C8470028EED153E714
:10517000002653E7712B0100B52B0100E92B01003C
:1051800030B503464FF0010C002014464FF0FF32BB
:1051900083B01960D871C3F80CC0D96283F82800B5
:1051A000C3F83C125A6383F83802C3F8442204B3AC
:1051B000042C02D9002003B030BD0246014603F1A1
:1051C000280003F12805019300F01EFA0028F1D011
:1051D0006FF0704200F5DF70A218140100EB0212AC
:1051E00011790029E6D0015D4B06E3D19468019B5B
:1051F00001E003F12805002221462846019300F032
:1052000003FA0028D6D0B0F80B20B2F5007FD1D138
:10521000027C019B511E1A720129CBD890F80DE037
:105220000EF1FF32BEF1010F83F804E05A7151D044
:105230004FF0010C624652000CF10101D2B29645CA
:1052400007D05FFA81FCBCF1090FF4D108229A71F2
:10525000B0E7654683F806C0B0F816C0C3F810C0C2
:10526000BCF1000F03D1D0F824C0C3F810C0C1892D
:10527000B0F8112021445A815201996190F810E050
:1052800002F2FF120CFB0E1101EB52221962B0F870
:1052900013105A6101B9016AA41A6218EA40511C3C
:1052A000D9614FF0FF31596240F6F4718A420DD94D
:1052B0004FF6F4718A420BD9C16A2022196201208B
:1052C000DA71C3F830C0C3F840C274E70C22F6E7C5
:1052D0001022F4E7002215469A71BDE730B500238D
:1052E0008D6B83B00A460446C0E90E33B5B1019117
:1052F0000146242000F0D8F80023019A8446036078
:10530000956BA0630FCDACE80F000FCDACE80F009C
:105310002B68CCF80030204603B030BDCB6B002B9F
:10532000F9D001463820019200F0BEF8019A0563D9
:10533000D36B0246E06303F13001D3F800E0103391
:1053400053F80CCC103253F8085C53F8040C8B4221
:1053500042F810EC42F80CCC42F8085C42F8040C1D
:10536000EBD11B681360D6E710B50446806B10B113
:10537000FEF748FA28B9E06B10B1FCF767F920B9DD
:1053800010BD0023A363012010BD0023E363FAE7EF
:1053900000294BD0F0B50446806B83B01F461646FB
:1053A0000D4610B1FEF72EFA78BBE06B18B1FCF792
:1053B0004DF9002830D1D5F880348BB12146242016
:1053C00000F072F800213B4632460160A063D5F838
:1053D0008014FEF79BFA30BBA063002003B0F0BD41
:1053E000D5F88424002AF8D021463820019300F013
:1053F0005BF8019B324603633B46D5F88414E063B7
:10540000FCF784FD78B9E063E7E70023A363D5F8F0
:105410008034002BD2D1E3E70023E363D5F8803456
:10542000002BCBD1DCE7012003B0F0BD002070479A
:1054300070B50446806B82B00D46164610B1FEF77B
:10544000E1F948BBE06B10B1FCF700F948BBAB6B6E
:105450007BB12146242000F027F800233246036068
:10546000A063A96BFEF704F998B9A063002002B00D
:1054700070BDEA6B002AF9D021463820019300F074
:1054800013F8019B32460363E063E96BFCF746FDCA
:1054900028B1012002B070BD0023A363D7E7E06309
:1054A000E4E70023E363D2E7084670472DE9F041C3
:1054B000002604461F46C0F88814C0F880640146E0
:1054C0004FF490609046FFF7EFFF3A46C0F844640F
:1054D0000546C0F87864C4F88404D4F88814FDF74D
:1054E0003DFD88BB06462146C4F8840440F26C406A
:1054F000FFF7DAFF4FF40073C0F848643A46A0F8AB
:1055000007300546D4F88814C4F88004FFF738FE45
:1055100028B91A4AC4F880041060BDE8F08105F586
:105520008960FEF76FF9294605F58960FDF750FEA1
:105530000028EED0124B1A68AAB91D600F4BB8F1C3
:10554000000F14D01C6015E005F58960FCF77EF8AB
:10555000294605F58960FCF7A7F80028C2D0094B59
:105560001A68002AE9D0054BB8F1000FEAD11A6891
:10557000002AE7D00120BDE8F08100BFAC72012015
:10558000B07201209872012010B504460020DFF8A7
:1055900020C04FF47A7E60602073C4F808E0C4E94C
:1055A0001200204640F810CBFFF7F2FE204610BD57
:1055B000C02B00200378DB0701D40120704703468D
:1055C000406810B503F1100282B0016801924C6A84
:1055D0000093D968A047DDE9003298B119788807AF
:1055E0000CD5DC680093D3E90101D0F800C0214458
:1055F000DCF82430984728B1009B197821F001018C
:105600000120197002B010BD10B5446884B07CB39D
:105610001446C26803468A420AD1024612F810CBE9
:1056200004F0030410464CEA04021A7004B010BDE2
:10563000CDE90101FFF7BEFFD0B114F0040FDDE9A1
:10564000013105D003F110024FF0000CD960E7E7FB
:10565000586803F11002D0F800C00192CDE902139E
:10566000DCF810309847039BDDE901210028EBD1DD
:10567000002004B010BD00BF4FF0000C024B82F8B8
:1056800000C01B68184700BF94720120024A0349FA
:10569000034B11601860704790720120D5350100EE
:1056A000947201200346808910B100229A817047CC
:1056B000D3E901C18C4500D3704700B585B0604681
:1056C00003AA019300F06AF8019B80B1039A586025
:1056D000B2F5803F90B208D3920AC0F30900A2F558
:1056E0002152A0F5105190B2998105B000BD4FF63E
:1056F000FF70FAE77F28A2EB010206D8002A48D003
:105700000B4603F8010B18467047B0F5006F0ED238
:10571000012A3ED9820900F03F000B4662F03F02A9
:1057200060F07F0003F8022B487018467047B0F510
:10573000803F13D2022A2CD94FEA103CC0F38512C5
:1057400000F03F00CB1C6CF01F0C62F07F0260F099
:105750007F0081F800C04A708870D4E7032A18D906
:105760000022C0F3053C0B460B4900B54FEA904EB2
:105770006EF307026CF30F22C0F3851C00F03F00AC
:105780006CF3174260F31F62114343F8041B184681
:1057900000BD0023B7E700BFF0808080884238D288
:1057A000034690F90000002893F800C02DDA0CF0B1
:1057B000E000C02831D00CF0F000E02831D00CF02F
:1057C000F800F02825D10CF0070C0420184488427A
:1057D0001FD8013300B51978013301F0C00E01F074
:1057E0003F01BEF1800F41EA8C1C14D18342F2D1FB
:1057F000ACF180010D4B99420DD8ACF55843B3F58F
:10580000006F08D3C2F800C000BD581CC2F800C029
:10581000704700207047002000BD0CF01F0C0220D4
:10582000D4E70CF00F0C0320D0E700BF7FFF10007F
:105830007E2843D90023DFF8ACC000B54FF0350E09
:1058400004E03CF82120824223D80B46AEEB030251
:10585000012A03EB5201F4D89BB23CF8232090427A
:1058600019D24FF04B0C0023DFF87CE005E03EF846
:10587000212082428CBF8C460B46ACEB0302012AEE
:1058800003EB5201F3D89BB23EF8232082421FD093
:1058900000BD8E46DAE70CEB830C821A9CF80330CD
:1058A0009A42DEDA9CF90230012B16D04EF2A03279
:1058B000002B08BF1346034498B200BDA0F161035A
:1058C000192B8CBF00230123A0EB431398B2704720
:1058D0000EEB830EBEF8020000BD02F00102821A38
:1058E00090B200BD88050020FC0300200020704716
:1058F000704700BF30B583B005460C46FBF70AFE83
:105900001B4B984204D800232B80238003B030BD6A
:10591000694601F01FF89DF805309DF80620013317
:105920009DF80410503ADBB292B21F2998BF0C2B9D
:1059300001D87F2A17D900219DF802209DF8013057
:105940002980172A98BF3B2B9DF8001001D83B29CE
:1059500003D90023238003B030BD5B0143EAC22397
:1059600043EA5103F6E741EA431141EA4221E3E702
:10597000FFA5CE1200B583B040F2D4410190FAF7F2
:10598000EDF8019803B000BD012B10B5044696B0A8
:105990003DD0022B40F2022014BF00230346043105
:1059A00002A8FFF7F1FD149B002B33D05C20FAF71F
:1059B000D3F8002203461E480399C3E900021D489C
:1059C000D960049998609DF81400196106A91875AA
:1059D00003F11800CDE90013FFF780FC019B0022C2
:1059E000154800999A6562602273144A98604FF4D2
:1059F0007A7022605A68A060013223615A60104BAD
:105A000008460293FFF7B0FC204616B010BD44F2E2
:105A10000223C4E7159B002BC8D108484FF47A72C3
:105A200006A92373A2602361C4E90003E7E700BF6E
:105A3000E42B0020402C0020C02B0020942B0020C1
:105A4000702A0020D0F884340A4600B58FB04BB1DC
:105A500000201946009003466846FDF757FF60B9DD
:105A60000FB000BDD0F8881421B168460C93FCF744
:105A70004DFA38B900200FB000BD6846FDF7EEFCC6
:105A80000FB000BD6846FCF701FB0028F2D0E7E745
:105A9000D0F8843430B515468FB063B1002003F5DB
:105AA00089640A460346009021466846FDF7B2FE27
:105AB00088B90FB030BDD0F888244AB102F58960AA
:105AC0000A460C93044601466846FCF7A5F948B916
:105AD00000200FB030BD2A4621466846FEF746F842
:105AE0000FB030BD2A4621466846FCF721FC00284D
:105AF000EED0DEE70346D0F884040A4600B58FB046
:105B000058B14FF0000C014601236846CDF800C0A3
:105B1000FDF7FCFE68B90FB000BDD3F8881429B1B9
:105B20000C9001236846FCF7F1F938B900200FB05A
:105B300000BD6846FEF7B6FE0FB000BD6846FCF734
:105B40004DFA0028F2D0E6E7D0F884C400B58FB053
:105B5000BCF1000F0CD04FF0000E0A4601230CF5EB
:105B600089616846CDF800E0FDF78EFF0FB000BDFB
:105B7000D0F888040028F9D00A46012300F589618D
:105B80006846CDF830C0FCF75BFC0FB000BD00BF2D
:105B9000D0F8843400B58FB05BB14FF0000C0A46EA
:105BA000684619466346CDF800C0FDF7AFFE0FB05A
:105BB00000BDD0F888040028F9D00A46014668469E
:105BC0000C93FCF7A3F90FB000BD00BF90F8D034E0
:105BD00063B1D0F8843463B19A794FF40070D96915
:105BE0009040013980B2A0FB010170471846014680
:105BF0007047D0F888040028F9D0D0F83C14D0F8C9
:105C00003004A1FB0001704790F8D03413B9184656
:105C100019467047D0F884240346D0F8900430B574
:105C200083B0002A49D0D1694C1E002861D0026897
:105C30000193D26B9047019B002835D0D3F8900494
:105C4000002849D002680193126C9047019B0028FC
:105C500056D1D3F8900400283ED002680121019368
:105C6000526C9047019B002836D0D3F8840400285A
:105C70005DD0FFF7AFF9019B0546D3F8900458B308
:105C8000026800210193526C9047019B20B3D3F826
:105C90008424641B22BBD3F888345BB1D3F83C1452
:105CA000A1FB040103B030BDD3F884240ABBD3F8B0
:105CB00088245AB90020014619E0D3F88824002A24
:105CC00031D0D2F830140C460028B0D110460193E0
:105CD000FDF712F9019B241AD3F88424002ADAD0A4
:105CE00093794FF40071994089B2A1FB040103B08C
:105CF00030BD10460193FFF76DF9019B241AEBE7C5
:105D0000D3F8840428B10193FFF764F9019B241AA6
:105D1000E2E7D3F888040028CCD00193FDF7ECF833
:105D2000019B241AD8E70028C4D014467FE7D3F893
:105D3000882432B110460193FDF7DEF8019B054639
:105D40009BE7D3F890040028B4D0154698E700BF2D
:105D50002DE9F041D0F890648EB04EB11F46336803
:105D600005463046DB699847B0F5405F044604D8E5
:105D7000002420460EB0BDE8F0814FF4007003F01F
:105D8000A9FF02460028F3D003A8B4F1806F3B4678
:105D90003146804601922ED900F070FF019A0446E8
:105DA000104603F09FFF002CE2D0336830461B6A98
:105DB000984795F8C034FF2B22D0D5F8C43405F5A8
:105DC0009466D5F8C82404933046B5F8C0340592DB
:105DD000ADF80C3098E80E0002F068FB95F8B1348D
:105DE000C5F89064002BC4D101233146281D1A4602
:105DF000FFF75CFBBDE701F041FC019A0446CFE7E9
:105E000005F2944695F8CC14304603F059F9304623
:105E1000C5F8906402F0F6FB0028AAD10123D5F85A
:105E20009014281D1A46FFF741FBA2E7D0F89034E2
:105E300030B5044687B0002B3FD090F8D01490F8CE
:105E4000D12471B1FE2A6DD094F8D204362859D9E4
:105E50001A6802A91846936C984784F8D00407B0D2
:105E600030BDFE2A59D090F8D204362850D994F883
:105E7000C034FF2B26D104F2944394F8CC14184676
:105E8000019303F01DF9019B1846C4F8903402F009
:105E9000B9FB002866D003212E20F9F7B7FA37495D
:105EA000374A384B48681268A3FB0232920C02EB67
:105EB00082024B681B1A9A42FBD8002084F8D00457
:105EC00007B030BDD4F8C41404F59460D4F8C834D5
:105ED000B4F8C0240546CDE9031302ABADF80820A1
:105EE0000ECB02F0E3FA94F8B134C4F89054002BCE
:105EF000D1D101232946201D1A46FFF7D7FA0028E1
:105F000039D1C8E7F9F770FA003818BF0120D5E792
:105F1000F9F76AFA0028AAD1CFE71B4B9B689B03CD
:105F2000CBD5A4E71A6818460193526D9047421CDE
:105F3000019B89D0F8B994F8D134FE2BBDD103214F
:105F40002E20F9F763FA0D490D4A0E4B4868126886
:105F5000A3FB0232920C02EB82024B681B1A9A429C
:105F6000FBD8AAE70123D4F89014201D1A46FFF7A6
:105F70009DFA00288FD00120A0E700BF001000E0AC
:105F8000A4A4002083DE1B430080004230B587B00C
:105F900004463B480191FFF779FB0199FE2984F8FB
:105FA000D1142FD0362902D9002007B030BD354B8F
:105FB0004FF0000204F594608DF80C100493C4F8BF
:105FC000C43400238DF80D200022C4F8C83406AB79
:105FD0000592054684F8C01484F8C12413E90E0024
:105FE00002F064FA94F8B1342946C4F89054002BB6
:105FF0003CD10123201D1A46FFF758FA84F8D0043B
:1060000007B030BD04F294430022FF20114684F80B
:10601000CC2484F8C0041846019303F051F8019B86
:106020001846C4F8903402F0EDFA38B90123D4F8D8
:106030009014201D1A46FFF739FAC8B92E20002304
:10604000032184F8D03484F8D204F9F7DFF90E493B
:106050000E4A0F4B48681268A3FB0232920C02EB07
:1060600082024B681B1A9A42FBD89DE70020C5E7C5
:1060700001222E2384F8D02484F8D23495E700BF7F
:106080005138010040787D01001000E0A4A40020F8
:1060900083DE1B43154B00221549DFF860C015480D
:1060A000C3F894140721C3F800C04FF0290CC3F8BB
:1060B000A804C3F8AC144FF0FF310F48C3F8842490
:1060C000C3F88824C3F89024A3F89C2483F8B1C4AF
:1060D00083F8B524C3F8A00483F8BC2483F8CC2447
:1060E00083F8D024A3F8D114704700BF144C0120CA
:1060F000B02C002000093D00CC2A0020742C002088
:106100002DE9F04F002583B00095002A4DD00446BC
:1061100017464E1EA846B4F83E38CDF80480D81C69
:1061200080B2834251D804F1280C4FF0000EB4F82D
:1061300032976A469C44F24610E03B2918BF2C294E
:1061400012D089B11FFA8BF30AF1010A4FF0010E48
:1061500002F8011B8342A4F83E382CD8994503F17C
:10616000010B1CF8011FE8D8BEF1000F21D0CDF8BB
:1061700004A0EA442C298AF8008004D03B2920D1CD
:106180007A1EAA421DD1013301AA13496846A4F818
:106190003E3805F047FB012813D1019BFF2B10D897
:1061A000013506F8013FBD42B5D1012003B0BDE87D
:1061B000F08FF246DDE7E218CDF804A092F829103E
:1061C000D7E7002003B0BDE8F08FE2184FF0000AD7
:1061D00092F82910CDE700BF042500202DE9F04FEB
:1061E000002585B00295ADF80C50002A4FD004462A
:1061F00017468E1EA846B4F83E38CDF80480581DC8
:1062000080B2834253D804F1280C4FF0000EB4F84A
:1062100032970DF107029C44F24610E03B2918BF6B
:106220002C2912D089B11FFA8BF30AF1010A4FF021
:10623000010E02F8011F8342A4F83E382DD899457B
:1062400003F1010B1CF8011FE8D8BEF1000F22D0AA
:10625000CDF804A0EA442C298AF8088004D03B2910
:1062600021D17A1EAA421ED1013301AA134902A8E4
:10627000A4F83E3805F0D6FA012814D1019BB3F5F5
:10628000803F10D2013526F8023FBD42B3D1012034
:1062900005B0BDE8F08FF246DCE7E218CDF804A0C7
:1062A00092F82910D6E7002005B0BDE8F08FE2187B
:1062B0004FF0000A92F82910CCE700BF0425002017
:1062C0002DE9F04F002387B000250193CDE9025559
:1062D000CDE90455002A42D089460446164600F10D
:1062E00028082F46B4F83E3803F10F0A1FFA8AFA3D
:1062F000534540D8B4F832B708EB03000DF1080C51
:1063000000220DE03B2918BF2C290FD071B11FFAD4
:106310008EF301320CF8011B5345A4F83E3822D805
:106320009B4503F1010E10F8011FEBD86A442C299C
:10633000177204D03B291AD1721EAA4217D1013319
:1063400001AA0F4902A8A4F83E3805F06BFA01280B
:106350000DD10135019BB54249F8043BC2D1012062
:1063600007B0BDE8F08FE11891F82910DEE70020B2
:1063700007B0BDE8F08FE21892F829100022D5E7A7
:10638000842400200139034610B582B0B82900F2F8
:10639000BB80DFE811F080027D027A02770274028E
:1063A00071026E026B026802B900B900B9006502A1
:1063B000FF01FC01B900B900B900B900B900B9008A
:1063C000B900B900B900B900B900B900B900B90005
:1063D000B900B900B900B900B900B900B900B900F5
:1063E000B900B900B900B900B900B900B900B900E5
:1063F000B900B900B900B900B900B900F901F60156
:10640000F301F001ED01E201B900B900D501B900D5
:10641000B900B900B900B900D201B900B900B9009A
:10642000B900B900B900B900B900CF01B900CC0179
:10643000C901B900B900B900B900B900B900B90083
:10644000B900B900B900B900B900B900B900B90084
:10645000B900B900B900B900B900B900B900C60166
:10646000C301C001B900BD01BA01B701B900B4014F
:10647000B101B900B900B900B900B9009D01B90076
:106480009A0197018901B900B900B900B900B900B2
:10649000B900B900B900B900B900B900B900860166
:1064A00083018001B900B900B900B900B9007D01CC
:1064B0007101B900B900B9004001B9003D01B9004E
:1064C0002A012701B9000C01B900B900B90009017E
:1064D000B900B900B900B900B900B900B900B900F4
:1064E000B900B900B900B900B900B900B900B900E4
:1064F000B900B900B900B900B900B900E900E1007C
:10650000D900B900B900BC00012002B010BD0122C1
:10651000A2490190FFF762FE002800F0BF819F4C66
:1065200001220198A11CFFF759FE002800F0B68156
:106530006088002800F0B2812388013B9BB298421A
:106540008CBF00200120E0E701229549184602B0E7
:10655000BDE81040FFF7B4BE01229249184602B0D0
:10656000BDE81040FFF73ABE01228F490190FFF7C6
:10657000C7FD002800F0928101228C490198FFF7A5
:10658000BFFD002800F08A81012289490198FFF7A8
:10659000B7FD002800F0828101228649019802B0EF
:1065A000BDE81040FFF7ACBD01228349D6E70122C8
:1065B00082490190FFF712FE002800F06F8101224E
:1065C0007F490198FFF70AFE002800F067817D4AA5
:1065D000938B002B00F06281508B984294BF002077
:1065E000012092E701227849D9E7012277490190F9
:1065F000FFF766FE002800F05181012274490198DE
:10660000FFF75EFE002800F0498101227149C5E7CD
:1066100001227149A2E701226A490190FFF750FE69
:10662000002800F03B81674C01220198211DFFF7F3
:1066300047FE002800F03281012204F10801019890
:10664000FFF73EFE002800F02981012204F1140129
:106650000198FFF7C3FD002800F02081012204F11A
:1066600016010198FFF7BAFD002800F01781E08AB3
:10667000003818BF012048E7012258490190FFF770
:106680001FFE002800F00A810122554901985EE7AB
:10669000012254495AE7012253495FE70122534935
:1066A00054E70122474951E701225149FFF796FD7E
:1066B000002800F0F3804F4BB3F85000003818BFAB
:1066C000012022E701224C4940E701224B493DE7E6
:1066D00001224B490190FFF781FD002800F0DE8088
:1066E000012248490198FFF779FD002800F0D68083
:1066F00001224549019832E7012244492EE701224F
:1067000043494CE70122434949E71822424946E7F9
:106710001822424943E70122414940E70122414909
:106720001CE70122334919E701223F4916E70122FC
:106730003E4913E701223E4931E701223D4905E781
:1067400001223D49FFF7DCFC002800F0A7803A4B0E
:106750001878003818BF0120D7E601223749019088
:10676000FFF7CEFC002800F099800122344915E79C
:1067700001223449F2E601223349EFE6012233498E
:10678000ECE601223249E9E601223249E6E602223C
:106790003149DBE602223149D8E600BFF416022077
:1067A00000170220FC160220F8160220F91602201B
:1067B000FA160220FB160220CE960120CA9601206E
:1067C000CC960120B0960120D1960120BC960120E4
:1067D000C0960120D0960120C89601204C76012059
:1067E00058760120B8960120C4960120B496012065
:1067F00048760120F875012044760120407601207A
:106800003A7601203C7601203E760120FA7501207F
:1068100038760120367601201E760120057601208B
:10682000FE750120FC750120E8160220E616022004
:10683000E4160220E0160220D4160220CE750120B4
:10684000CF750120CC750120CA750120C8750120C3
:10685000C4750120C675012090760120887601203C
:106860000622104972E601220F496FE601220F4904
:106870006CE601220E4969E601220E4966E6012214
:106880000D4963E601220D4960E601220C495DE6EF
:1068900001220C495AE601220B4957E6002002B0BA
:1068A00010BD00BF707601206C7601206876012053
:1068B00064760120607601205C7601205876012004
:1068C00054760120507601204C76012070B590F866
:1068D00035270024511C80F8284080F8351790F89F
:1068E0003417914221D0012200F128010546FFF71B
:1068F00007FC38B195F828102846FFF743FDB0B1E2
:10690000204670BDB5F83E3805F12801B5F83207CC
:1069100019445A1C834293B205D2A5F83E3811F8A7
:10692000012F3B2AF5D1012070BD022070BDB5F8C2
:106930003E3805F12801B5F8320719445A1C98422F
:1069400093B2F0D9A5F83E3811F8012F3B2AF5D1C2
:106950000120E9E7594B2DE9F043A3FB00250C4644
:1069600040F26D19564F6D09DFF86481A3FB0523D2
:10697000544AC5EB05165B09A0EB8600A2FB031287
:106980005149120902F1040CA1FB0C61002660F3CD
:106990000706ACEB010001EB500100208908864698
:1069A000C1EBC101ACEB010CC3EB0311A5EB8105FD
:1069B00002EB420165F30F26A3EBC10363F3174615
:1069C0006CF31F662660414E00E00130C3B240F216
:1069D0006D1C03F2B27313F0030506FB03F108D13B
:1069E000B7EBB10F4FF4B77C03D3B8EB311F38BF0F
:1069F000CC46E6447245E8D24630A0714DB93349E1
:106A00002F4803FB01F1B0EBB10F4ED24FF4B77139
:106A100001E040F26D11A2EB0E020026DFF8B4E0B7
:106A20000A4407E01EF80600904222D80136121AE6
:106A30000C2E2ED05FFA86FCBCF1010FF2D1F5B915
:106A40002249DFF87C9003FB01F14FEAB108C84509
:106A50001F4F4FF01D0023D9904206F1010608D8C0
:106A6000121AF0B20128F2D084461EF806009042B5
:106A7000DCD9013284F805C02271BDE8F08301360B
:106A80001B2AF1B2F5D90129A2F11C02F7D08C46DC
:106A9000C8E7B446013284F805C02271BDE8F0832E
:106AA000B7EB311F38BF1C20D6E70948B0EB311FC8
:106AB00040F26D1128BF4FF4B771ACE78988888820
:106AC000285C8F02ABAAAAAA25499224295C8FC20E
:106AD0000AD7A3006806002091B100B583B00190E9
:106AE0000846009105F0FEFB019B02460099D3F891
:106AF00000C01846DCF8043003B05DF804EB18471A
:106B0000704700BF8368C3F308037BB100210269AB
:106B1000D1540133B3F5007FF9D10168D0E90332D4
:106B2000D3F800C01846DCF824301847012070471D
:106B300082680346006940F2FF1CC2F308028154D8
:106B40006245586801EB7001986800F10100C3E9E3
:106B5000011001D001207047D8681968D0F800C032
:106B60004A1C00B5DCF824E01A601A6973465DF827
:106B700004EB1847034640F2FF109A6830B5C2F3A1
:106B800008020C46196983B082428C5499685D688A
:106B900001F101019960E1B201EB7501596006D084
:106BA000210A184603B0BDE83040FFF7C1BFD868DE
:106BB000196802680193556A4A1C1A601A69A84745
:106BC000019B0028ECD103B030BD00BFF8B5002315
:106BD000064601601D46C0E90133A8B2FEF728FE53
:106BE000A842044607D0C1B23046FFF7A1FF0028F3
:106BF0003BD10020F8BD6C1CB4F5803F04D12AE0E5
:106C00000134B4F5803F04D0A0B2FEF711FEA042DB
:106C1000F6D0671BB7F5007F1DD34FF6FF713046E6
:106C2000FFF7A8FF0028E4D0B9B23046FFF7A2FF73
:106C30000028DED02546B5F5803FCED13046BDE8F0
:106C4000F840FFF75FBFC5F3072130460135FFF776
:106C50006FFF0028CDD0AC42E9B23046EBD9FFF748
:106C600067FF0028EFD10020F8BDC4F307213046AC
:106C7000FFF75EFF0028BCD00135DCE72DE9F04FBF
:106C80001E468BB00B680D4602901446DB69C0E9C6
:106C9000031208469847B0F5801F11D25EB13368E1
:106CA00015229E4930465B68984733680F229C49FD
:106CB00030465B689847002738460BB0BDE8F08F38
:106CC00082460022012101324900D2B201D08A4518
:106CD000F9D81C2A40F2D580A2F10B014FEA610BD2
:106CE000012101FA0BF3CDE905B301320121521064
:106CF00001FA02F30421049301FA02F3022103933F
:106D000001FA02F8039B002120464AF65527AAEB18
:106D1000030222FA0BF34FF4007203FA0BFC019307
:106D20000CEB080904F098FF40F2011200212846FC
:106D3000C4F8C681A4F8BF216FF4FC72C4F8CA91EC
:106D4000C4F8C2212A68A4F8FE71536A2246984703
:106D5000002800F0DB804FF400720021204604F090
:106D60007BFF019B059AF421E36504F178006D4BEC
:106D7000C4F864A04FF0000A236003F16B6384F849
:106D80006D2003F54F43049AC4F84890D1466D3303
:106D9000C4F84080C4F85880636042F22003238125
:106DA0002023A372042323664FF48073A4F8683071
:106DB000092384F86C30012384F86E308023C4E901
:106DC000142284F86F304FF4C37204F045FFA4F826
:106DD000FE71AAF16A03012B40F29C80AAF17007B0
:106DE000B7FA87F77F09002F40F0948014F80A3033
:106DF0000AF1010ABAF5007F03EB7909E9D12A68A3
:106E000041462846536A2246984700287ED02A6881
:106E100008F10C012846536A22469847002875D08D
:106E200052463946204608F1010704F015FF4AF69C
:106E3000552304F2FF1AA4F8FE31631ECDE907B80A
:106E400008F109089B4605935B4613F8012F53454B
:106E500002EB7909F9D12B682246394628465B6A4C
:106E60009847002852D02B68224607F10C0128468B
:106E70005B6A9847002849D07B1C434556D01F4683
:106E8000E2E708231A2A059300F260814FF40042DA
:106E90009B464FF400534FF4804803924FF48072A6
:106EA000049306922EE7019B03F107084FEAD808E6
:106EB00008F2FF194FEA5929002E00F0CC80336800
:106EC0000222194930465B689847069B4B45FFF400
:106ED000ECAE4FF400720021204604F0BDFE072303
:106EE0002370B9F1000F00F01481002705E007B905
:106EF000277001374F4580F00A812B68224603999D
:106F000028465B6A791898470028F0D1002E7FF454
:106F1000CCAED0E60AF1010A5BE700BFC026002034
:106F200024270020EB769045002700204FF40072C4
:106F3000002120460993DDF81CB0DDF8208004F024
:106F40008BFEFB1C099F0793059B13F8012F5345EC
:106F500002EB7909F9D12B682246394628465B6A4B
:106F600098470028D2D02B68224607F10C0128460A
:106F70005B6A98470028C9D0791C079B8B4268D16F
:106F80003B46221F04F5FE704F4642F8047F9042B4
:106F9000FBD12A6828460593D2F824902246C84798
:106FA0000028B3D0059B2246284603F10D012B682B
:106FB0005B6A98470028A9D02EB133680C226A4931
:106FC00030465B689847049B0021019A2046434461
:106FD00000274FEA82094FF40072049304F03CFE4C
:106FE00009F2072923464FF0FF32F8214FEA592AC8
:106FF000DDF8108003F8011B4FEA9939C4F801202D
:10700000DA605A609A60C3F80F2003E00137BA458E
:107010003FF449AFB7FBF9F309FB137333B901220E
:1070200026B13368304651495B6898472B68224641
:1070300008EB070128465B6A984700283FF466AFD3
:10704000002FE3D14FF400723946204604F004FECD
:10705000DCE70F4678E7069B4B45FFF42CAE4FF478
:1070600000723146204604F0F7FD07232370B9F182
:10707000000F7FF43AAF069B039A029F9918384697
:10708000FFF7A4FD00283FF416AE4FF40073BA6872
:1070900003FA0BF39A423FF60EAE4FF0020A039B3F
:1070A0004FF4007200210AFA0BF92046994404F0CB
:1070B000D3FD81230322029884F82030822322709A
:1070C00084F840300023C4E90DA841689846626501
:1070D00061648268C4E916232B68224609EB080123
:1070E00028465B6A9847074600283FF40FAFB8F17F
:1070F000000F30D008F10108069B9845ECD1002E16
:107100003FF4DAAD1A493046FFF7E6FCD4E5002E2D
:10711000B1D033681622174930465B689847069B02
:10712000039A02989918FFF751FD00283FF4BDAD6E
:107130004FF40073029A03FA0BF392689A423FF6F7
:10714000B4AD0D493046FFF7C7FCA6E74FF4807198
:107150009B460691C9E541464FF4007220464FF028
:10716000010804F079FDB7E7D8260020E8260020C2
:1071700014270020EC260020042700202DE9F843E6
:10718000DDF82090A2B10C4698460546571801E05C
:10719000BC420DD02B68494620465E6AC047214656
:1071A000024628460134B0470028F1D1BDE8F883F3
:1071B0000120BDE8F88300BF48680B4630B10A895A
:1071C0004989013292B291421A8101D918687047F7
:1071D00000B5D0F800C083B0012205490193DCF866
:1071E00004309847019B002218681A8103B000BD43
:1071F000E82600202DE9F047054686B08A469146EC
:1072000000214FF40072406A04F026FD286A28B17C
:1072100003680C2237495B689847286A6B6A4FF00D
:107220000008EE6909F1FF32DFF8D8C0E968ADF86F
:1072300010804C1CCDE902304FEA5913ADF81230E2
:107240003368DF6A674524D15AB301EB09070AE0C6
:107250002146029A30460134C847002847D0A74249
:107260001ED033680398D3F824900028F0D0BDF8DE
:107270001030BDF8122001339BB29A42ADF81030A5
:10728000E6D8036801221C495B689847ADF8108076
:10729000DEE702AB214630460093184BB84730B3C7
:1072A000286A20B10368022215495B689847BAF141
:1072B000100F4FF0F8016A6A4FF0010314BF0C2061
:1072C00004201170FF216A6AD15401339842FAD127
:1072D000E8696A6A0368E9685B6A984738B1E869EF
:1072E0006A6AD5E90231194403685B6A984706B0B7
:1072F000BDE8F087D8260020E826002015510100BF
:1073000000270020D9500100436A4FF40072002189
:1073100010B50446184604F09FFC034647F2EB60A4
:107320004FF020314FF4007218809020C3F8031002
:10733000C3F8071002219870A3F80B20F82294F8E4
:107340002B005873208D19744AF655215A752269FD
:10735000D881DA61A269A3F8FE111A6210BD00BFDC
:1073600070B504464FF400720021406A04F074FCCA
:10737000656A2269216805F2BF1002F085FAA369E7
:10738000226905F2C31021681A44013A02F07CFA1E
:1073900094F82A204AF6552385F8C2212269E0692B
:1073A000C5F8C621626AA169A5F8FE310368C5F86F
:1073B000CA1100215B6ABDE87040184770B5466984
:1073C0004FF4807390F82BE00446A6F58072456A6E
:1073D0004360B2FBFEF202F20110000AA06040001E
:1073E00000F1A10C9C450DD98033F21AB2FBFEF2DC
:1073F00002F20111090A480000F1A10C6345F3D320
:10740000C4E90131A3EB0C03A2F6F57103F1800688
:10741000B1F5704F266145D22130813302FB0E0059
:10742000E360B0F5803FA06120462CBF0623042313
:1074300084F82A3001232385FFF792FF08B9002042
:1074400070BD2046FFF760FFA16829224FF020336E
:107450008020E98285F8262036221749C5F82F308A
:10746000C5F82B30C5F8323085F83A204FF4007259
:1074700085F82400C5F83610104BE069C5F82730B0
:107480000368A5F811202169626A5B6A98470028A1
:10749000D5D062682046E3681021D21ABDE870405A
:1074A000FFF7A8BE206A0028C9D003681322044948
:1074B0005B689847002070BD4641543187D6120062
:1074C00034270020F8B5D0F814E04FF4005390F8BA
:1074D0002BC04FF48042AEF58041036142F20906B1
:1074E0000446456A4260B1FBFCF101F18103DB090E
:1074F000836006EB4300904240F2AD8002F50052FB
:10750000AEEB0201B1FBFCF101F18103DB0906EBFB
:1075100043005F008242F1D3C4E901234FF6F473C4
:10752000994240F28E8001FB0C2CA2F500522046BD
:10753000D21B92B202F500532285484AE360ACF5B3
:10754000005394458CBF4FF00C0C4FF00B0CA36113
:1075500084F82AC0FFF704FF08B90020F8BD2046D0
:10756000FFF7D2FEA16829224FF020338020696204
:1075700085F8422032223A49C5F84B30C5F84730E9
:10758000C5F84E3085F85620022285F84000C5F82F
:107590005210344BE069EA622B63334A0368C5F842
:1075A00043205B6A626A216998470028D5D0E06968
:1075B000216903680631626A5B6A98470028CCD06B
:1075C0004FF400720021606A04F046FB274BE0692B
:1075D000C5F8FC31036821695B6A0231626A984729
:1075E0000028BAD0E069216903680831626A5B6AE1
:1075F00098470028B1D04FF0FF33E0691C4AC5E935
:107600007A331C4B2A60C5F8E43103682169626A49
:107610005B6A0131984700289FD0E06921690368BF
:10762000626A07315B6A9847002896D0A2682046B4
:1076300094F82B30202103EB4202BDE8F840FFF71D
:10764000D9BD206A002888D0036813220A495B68E4
:1076500098470020F8BD5F0060E700BF0004FB0012
:10766000464154330100060087D61200000055AA97
:1076700052526141727241613427002010B5D1F835
:1076800000C0044682B0C16162620846DCF81C207A
:107690002362904700F2FF736061DB0A062B2360D0
:1076A0001DD9102B13D8022384F82B302046FFF766
:1076B00085FE0346206AEBB130B104680D220193C8
:1076C00022496468A047019B184602B010BD202BD8
:1076D00019D9402B1BD8082384F82B30E6E7206A01
:1076E00020B1036814221A495B68984700231846A2
:1076F00002B010BD0028F9D003680F2215495B685D
:1077000098470023F3E7042384F82B30CEE7802B3F
:1077100006D9B3F5806F07D8202384F82B30C5E74E
:10772000102384F82B30C1E7B3F5004F0AD840236B
:10773000B0F5800F84F82B30B8D32046FFF7C2FE97
:107740000346B7E7802384F82B30F6E76027002054
:1077500048270020702700204FF0FF30704700BFFF
:10776000407C7047007D7047407D70470120704726
:10777000007F70472DE9F0411F46C37C06460D4649
:10778000022B144623D03368294630461B6E984797
:1077900078B1B5617FB1002501E0AF420BD033680D
:1077A000214630460135DB6D04F50074984700280A
:1077B000F3D1BDE8F081B369307F3B44B361002869
:1077C000F7D1336830465B6EBDE8F04118478369F6
:1077D0008B42D8D1DEE700BF2DE9F0471F46C37CBE
:1077E00005469146022B0C46089E27D02B68214661
:1077F00028461B6E984798B1AC61B9F1000F11D0C3
:1078000004EB090801E0A0450CD031462046B847FA
:107810002B6801462846DB6D013498470028F2D1D9
:10782000BDE8F087AB69287F4B44AB610028F7D1F6
:107830002B6828465B6EBDE8F047184783698B428A
:10784000D4D1DAE7704700BF043001F0EFBF00BFCA
:1078500000B583B020210190F8F780F9019803B0BA
:1078600000BD00BFF0B5204E83B00746346804F574
:10787000167403E03368E31A1B0410D4381D01F0BA
:10788000D9FFFF28F6D10190FD21381D01F0ECFF52
:10789000BA7CD2B900230120FB7403B0F0BD1E22D4
:1078A000BB7C7A7413B9002003B0F0BD0121387C91
:1078B00001F074FFFF21381D01F0D6FF381D01F0E3
:1078C0008DFF00230020BB74EEE70121387C01F01E
:1078D00065FF0199381D01F0C7FF381D01F07EFFDB
:1078E0000023BB74D6E700BFCC170220C37C012B5A
:1078F0003BD0827C30B5044683B04AB1043001F0FD
:1079000099FFB0F1FF0318BF0123184603B030BD43
:107910000430009201F044FF0099207C01F03EFF0A
:10792000FF21201D01F0A0FF0121201DA17401F005
:1079300081FFB0F1FF03A07C4FF0010118BF0123CC
:10794000009A0028E1D0207CCDE9003201F026FF2A
:10795000FF21201D01F088FF201D01F03FFF009B4B
:10796000019A1846A27403B030BD00231846704730
:107970002DE9F8431F4F0446884691463D6805F5BA
:10798000967503E03B68EB1A1B040ED4201D01F032
:1079900051FFFF282075F5D0FE2819D01822A37CAE
:1079A00062743BB90020BDE8F8831D22A37C627499
:1079B000002BF7D00121207C01F0F0FEFF21201DDB
:1079C00001F052FF201D01F009FF0023A374E9E735
:1079D0004A464146201D01F039FF207538B9201D67
:1079E00001F028FF201D01F025FF0120DBE7252203
:1079F000D5E700BFCC17022030B50025044683B080
:107A00000C212A46C57400F063F8A27C90B912B923
:107A1000012003B030BD01210190207C01F0BEFEA9
:107A2000FF21201D01F020FF201D01F0D7FE019B4A
:107A3000A374EDE70923637412B9002003B030BDCD
:107A40000121207C01F0AAFE201DFF21019001F000
:107A50000BFF019801F0C2FEA574EEE7C37C022B78
:107A600003D0012B04D00120704703685B6E1847D8
:107A7000FFF7C2BF02680346DFF850C010B50C46DE
:107A8000116A82B0614513D190F813C0BCF1020FA6
:107A900006D0BCF1010F11D001201C7702B010BD3F
:107AA000526E01909047019B0028F5D102B010BDA5
:107AB00001908847019B0028F8D0EDE70190FFF77F
:107AC0009BFF019B0028F1D0E6E700BFB9590100F8
:107AD0002DE9F041036882B00F4634490192064611
:107AE0001A6A8A425DD1C27C022A43D0012A5AD046
:107AF000B47C351D002C43D00C2F10D0DFF8B080A3
:107B0000D8F8004004F5967404E0D8F80030E31A81
:107B10001A0443D4284601F08DFEFF28F5D10DF15B
:107B2000040802AC47F04001284601F09DFE14F81D
:107B3000011D284601F098FEA045F8D1002F2846E7
:107B40004FF00A0414BF8721952101F08DFE2846CD
:107B500001F070FE2846013C01F06CFE0306A4B261
:107B6000307502D402B0BDE8F081002CF2D102B031
:107B7000BDE8F0815B6E98470028B9D1FF20F1E79E
:107B8000284601F00DFE2146307C01F007FEFF2162
:107B9000284601F069FE0123B374ADE7002FBED083
:107BA000ECE79047E8E7FFF727FFE5E7B959010061
:107BB000CC1702202DE9F04389B0054600279146F5
:107BC00001ACAF746F746F7584E80E009DF804000B
:107BD000287401F0DFFD0121287C01F0DFFD6949F7
:107BE0000723C5E9021394E8070005AB83E8070003
:107BF000281D0ECB01F0DEFDAC7CEF74002C65D0AF
:107C00000A240121287C01F0C9FDFF21281D01F073
:107C10002BFE611E11F0FF04F7D121460A24287CB7
:107C200001F0BCFD002228461146FFF751FF012854
:107C3000074604F1FF330BD013F0FF04F2D1012209
:107C4000AB7C6A74002B4FD1002009B0BDE8F083F3
:107C50004FF4D57208212846FFF73AFF420751D565
:107C60006F752B68484A9B6D93425CD16C7DA4F183
:107C70000204DFF81881B4FA84F4D8F800706409BB
:107C800007F5FA67A40704E0D8F80030FB1A1B04D4
:107C900047D4002237212846FFF71AFF2246292120
:107CA0002846FFF715FF0028EED12B68364A9B6D5A
:107CB000934262D1687D022847D0AB7CBBBB0723CF
:107CC0000120C5E9029309B0BDE8F083281D01F049
:107CD00067FD2146287C01F061FDFF21281D01F090
:107CE000C3FD0123AB748BE70121287C01F056FD15
:107CF000FF21281D01F0B8FD281D01F06FFD0023B4
:107D0000AB74A1E7022304246B75281D01F092FDDA
:107D1000631E287513F0FF04F7D1AA28A1D006220C
:107D20008EE717228CE72846984704469FE70121F3
:107D3000287C01F033FDFF21281D01F095FD281D51
:107D400001F04CFD0023AB74B9E700223A2128462C
:107D5000FFF7BEFEA0B9281D01F06CFD00F0C003C6
:107D6000C02B01D103236B750324281D01F062FD94
:107D7000631E13F0FF04F8D19FE7284698479AE75F
:107D800012225DE7801A0600C5560100CC170220BA
:107D9000F8B500220D463A210646FFF799FED8B9FC
:107DA0002C1D371D384601F045FD04F8010DA54294
:107DB000F8D1B37C0BB90120F8BD0121307C01F072
:107DC000EDFCFF21384601F04FFD384601F006FD7D
:107DD00000230120B374EFE71222B37C72740BB955
:107DE0000020F8BD0121307C01F0D8FCFF21301DBE
:107DF00001F03AFD301D01F0F1FC0023B374EFE710
:107E000070B5164682B000220446FFF761FEA8B1A5
:107E10001B236374A37C1BB90023184602B070BDFA
:107E20000121207C01F0BAFCFF21201D01F01CFD86
:107E3000201D01F0D3FC0023A374EDE705461022BA
:107E400031462046FFF794FD03460028E2D0A27C8D
:107E5000002AE2D001900121207C01F09FFC201D2E
:107E6000FF21009001F000FD009801F0B7FC019B9C
:107E7000A574184602B070BD0368254ADB6C9342B6
:107E800000B585B00FD16A460921FFF7B9FF40B1AF
:107E90009DF800303F2B09D903F0C003402B27D0B9
:107EA000002005B000BD69469847F0E79DF806C080
:107EB0009DF807009DF809100CF0030C9DF80A309E
:107EC0008000C1F301019DF80520C3F3C01340EA0F
:107ED0008C2002F00F029DF808C043EA410340EAFB
:107EE0009C1042FA83F30130073B984005B000BD77
:107EF0009DF809009DF8073001309DF8082003F037
:107F00003F0300EB034000EB0220800205B000BD00
:107F10000162010003680A46DFF860C09B6D63459B
:107F200010B5044682B015D1407D03284FF01201F0
:107F3000204618BF5202FFF7CBFD20B90123184697
:107F4000E37402B010BD0C22A37C627433B900202C
:107F500002B010BD01919847019AE6E70121207C0B
:107F600001F01CFC201DFF21019001F07DFC019817
:107F700001F034FC0023A374E9E700BFC5560100FB
:107F8000F8B51F46C37C06460D46012B144602D1A8
:107F900083698B4205D029463046FFF7BBFF80B18D
:107FA000B5617FB1002501E0AF420BD021464FF40F
:107FB00000723046013504F50074FFF7D9FC002843
:107FC000F2D1F8BDB369307F3B44B3610028F8D1EA
:107FD0003046BDE8F840FFF70FBD00BF2DE9F04780
:107FE0009A46C37C06461546012B0C46DDF82080D8
:107FF000099F02D183698B4205D021463046FFF7A5
:1080000089FFB0B1B461BAF1000F15D004EB0A09D1
:1080100003E00134C047A1450ED04FF40072294659
:108020003046FFF7A5FC03463A4629462046002B7A
:10803000EFD10020BDE8F087B369307F5344B361CE
:108040000028F7D13046BDE8F047FFF7D5BC00BFA8
:1080500030B5046883B0164B64699C421CD1C37C64
:1080600015460446012B02D18369994206D0204669
:108070000191FFF74FFF019960B1A1614FF40072C8
:1080800029462046FFF774FC20B1A369207F013305
:10809000A36138B103B030BD0123A44603B0BDE8ED
:1080A00030406047204603B0BDE83040FFF7A4BC35
:1080B000DD5E010003680A46DFF860C09B6D634522
:1080C00010B5044682B015D1407D03284FF0190148
:1080D000204618BF5202FFF7FBFC20B90223012003
:1080E000E37402B010BD0E22A37C627433B9002089
:1080F00002B010BD01919847019AE6E70121207C6A
:1081000001F04CFB201DFF21019001F0ADFB019817
:1081100001F064FB0023A374E9E700BFC55601002A
:1081200003682DE9F041DB6C17463D4A84B00446F4
:108130000E46934243D16A460921FFF761FE054688
:10814000B5B19DF80A305A0619D5637D032B01D0CD
:1081500076027F02324620212046FFF7B9FC28B97B
:108160003A4621212046FFF7B3FC60B3262363740F
:10817000A37CB3B90025284604B0BDE8F081C3F361
:1081800005029DF80B30C3F3C01343EA42037A1C87
:108190005BB232431342D8D027236374A37C002BF5
:1081A000E8D00121207C01F0F9FAFF21201D01F027
:1081B0005BFB201D01F012FB0023A374DAE7694684
:1081C00098470546BCE7024626212046FFF780FC7B
:1081D0000028CBD1134B42F210771B681F4404E0F8
:1081E000104B1B68FB1A1B0416D4201D01F022FB48
:1081F000FF280646F4D1A37C002BBCD00121207CB3
:1082000001F0CCFA3146201D01F02EFB201D01F0BB
:10821000E5FA0023A374AEE728236374A8E700BF40
:1082200001620100CC17022070B5002282B00E4618
:108230000A210446FFF74CFCA8B11B236374A37CFE
:108240001BB90023184602B070BD0121207C01F04B
:10825000A5FAFF21201D01F007FB201D01F0BEFA49
:108260000023A374EDE70546102231462046FFF7B0
:108270007FFB03460028E2D0A27C002AE2D00190D6
:108280000121207C01F08AFA201DFF21009001F0DD
:10829000EBFA009801F0A2FA019BA574184602B00F
:1082A00070BD00BF70B5002282B00E4609210446A1
:1082B000FFF70EFCA8B11B236374A37C1BB900233A
:1082C000184602B070BD0121207C01F067FAFF2141
:1082D000201D01F0C9FA201D01F080FA0023A374CB
:1082E000EDE70546102231462046FFF741FB0346E5
:1082F0000028E2D0A27C002AE2D001900121207C5B
:1083000001F04CFA201DFF21009001F0ADFA009819
:1083100001F064FA019BA574184602B070BD00BF5D
:1083200070B505461646043001F09EFA4FF400720F
:108330003146281D01F0A2FAFF21281D01F094FA10
:10834000FF21281D01F090FA281D01F073FA00F0BA
:108350001F032875052B05D02022AB7C6A741BB93E
:10836000002070BD012070BD0121287C01F016FAAB
:10837000FF21281D01F078FA281D01F02FFA0023B3
:108380000020AB74EDE700BF2DE9F041164D074624
:1083900088462C6804F5167403E02B68E31A1B0466
:1083A0000CD4381D01F046FAFF28F6D14246FC21D4
:1083B0003846FFF7B5FF18B1BDE8F08124237B7480
:1083C000BB7C13B90020BDE8F0810121387C01F0AD
:1083D000E5F9FF21381D01F047FA381D01F0FEF9DB
:1083E00000230020BB74EEE7CC170220036870B5B1
:1083F0009B6D16460A46234982B004468B423DD106
:10840000407D03284FF01801204618BF5202FFF7A5
:108410005FFB0546A8B10D236374A37C1BB9002341
:10842000184602B070BD0121207C01F0B7F9FF2190
:10843000201D01F019FA201D01F0D0F90023A374CA
:10844000EDE73246FE212046FFF76AFF034600288B
:10845000E3D0A27C002AE3D001900121207C01F02E
:108460009DF9201DFF21009001F0FEF9009801F018
:10847000B5F9019BA574184602B070BD00929847EB
:10848000009ABEE7C556010090F81CC0BCF1000F71
:1084900009D0D0F800C0012300B5DCF828E0F4468C
:1084A0005DF804EB6047FFF7A1BF00BF10B584B0D3
:1084B00004460DF1040C8CE80E009CE80E00FFF75A
:1084C00079FB20B19DF8053003F00103237704B058
:1084D00010BD00BF0020704700207047002070478B
:1084E000704700BF084B0021084A9963D3F830C099
:1084F0000748C2F800C012681A639A6C22F0810221
:108500009A640170704700BF00002C408C720120FB
:1085100012180220034B586A80F08070C0F300608C
:10852000704700BF00002C40014B1878704700BF17
:10853000121802202D4A2E4B526AD3F800312D49D1
:10854000C2F3C22203F03F03013230B52A4C4FF48C
:108550007A75A4FB034305FB00F09B08B1FBF3FE17
:10856000BEFBF2FEB0EB1E1F3CD2082101231D46CC
:108570005B001A01BEFBF2F2824201D90139F6D149
:108580002D02BEFBF3F2904228D259004FF0010CAD
:1085900000E05918BEFBF1F282421CD90CF1010C2B
:1085A000BCF1100FF5D14FF0F00C4FF47A73134A71
:1085B000134803FB01F1BEFBF1F10160D36A6FF3D5
:1085C000131343EA0C032B4343F46023D362536A2F
:1085D0001B07FCD530BD4FEA0C1CE6E719464FF0EF
:1085E000000CE2E7724600250123CCE700C00F40F3
:1085F00000800D4000EC695EABAAAAAA00002C40E6
:10860000E8700120014B1878704700BF6EAC002065
:10861000014B1868704700BF8C720120DFF81CC046
:1086200000B58E46BCE80F00CEF800000120CEF861
:108630000410CEF80820CEF80C3000BD5C7201208A
:10864000DFF81CC000B58E46BCE80F00CEF8000075
:108650000120CEF80410CEF80820CEF80C3000BD72
:108660006C720120024B01201B680B60704700BF39
:108670007C720120704700BF00B583B00C210190CF
:10868000F7F76CFA019803B000BD00BF044B1B78EC
:1086900023B1044B18780230C0B2704701207047F4
:1086A000FF17022006180220194B1A783F2A11D909
:1086B00002F0C002402A01D000207047587ADA79CF
:1086C000197A013002F03F0300EB034000EB012078
:1086D000800270479979D87993F809C001F00301B5
:1086E0009A7A8000CCF3010CC2F3C01240EA8120D8
:1086F000597900B593F808E042EA4C0301F00F0203
:1087000040EA9E1042FA83F30130073B984000BDD7
:108710006C720120424A0520424B434910B5D2F801
:10872000004182B044F08004C2F80041D2F8004118
:1087300024F03F04C2F80041D2F8004144F018048C
:10874000C2F80041D2F8004124F08004C2F8004190
:10875000D3F88020354C42F00C02C3F880205A6ACE
:1087600022F460525A62DA6942F48032DA615A6A5B
:1087700042F400625A62C1F8CC01C1F8D001C1F8DC
:10878000BC01C1F8C001C1F8C401C1F8C801A26CA4
:10879000274B42F00042A264E26A1343E362E36AB9
:1087A00013F08073FBD14FF4C8700193FFF7C2FE42
:1087B000019B1D4A47F2B80141F2B800C2F8CC3122
:1087C000C2F8D031C2F8BC31C2F8C031C2F8C431ED
:1087D000C2F8C831C2F8BC13164BC2F8C013C2F8B5
:1087E000AC13C2F8B003C2F8B4131348C2F8B813FC
:1087F000124A6063C3F8F8214FF0E0234FF480423F
:108800000F49602081F86E00C3F80C21E36A074A23
:1088100043F00063E362D36A1B01FCD402B010BDD5
:1088200000800D4000C00F4000801F4000002C4021
:108830000080000100B000200B007F1141640100A6
:1088400000E400E02DE9F843DFF8848098F8003078
:1088500013B90120BDE8F883F6F77AFD154D0746F8
:10886000154C164E04E0F6F773FDC01BB04219D844
:108870002B6B13EA0409F6D00022114B88F8002074
:108880002A6B1A6019680F4A29631B681342E0D0EB
:108890000D491F240D4B40F27A2200200C701A6003
:1088A000BDE8F8832A6B064B88F800901A601B68B5
:1088B0002B63EDE700002C4002007F1140420F00C7
:1088C0008C72012000007F116EAC002040720120EC
:1088D000081802202DE9F0418846FFF7B3FF002871
:1088E0003FD0224B04465A6AD1052AD51F4D204E4F
:1088F000AB6A43F48033AB62F6F72AFD074604E027
:10890000F6F726FDC01BB04224D86B6A5A05F7D58E
:1089100008F13C0C08F50F7014494B6A5B05FCD557
:10892000ACF1400353F8042F63450A62FAD103F116
:10893000400C8445F1D10F4B012220461A70BDE84E
:10894000F0819A6A22F480329A629A6A42F4003282
:108950009A62CBE708492120084B4FF47E720870D9
:108960001A6000242046BDE8F08100BF00002C40C2
:1089700040420F00081802206EAC00204072012017
:108980002DE9F041074688461F4CF6F7E1FC1F4DE4
:10899000064604E0F6F7DCFC801BA84228D8636A90
:1089A000D907F7D4BB02C4F8088024D427F0FF0706
:1089B000154C174DE760F6F7CBFC144E074604E064
:1089C000F6F7C6FCC01BB04212D8236B2B42F7D07F
:1089D000226B104B1A601A6822631A68D20707D5F7
:1089E0001B6813F4702F0CBF01200020BDE8F0813C
:1089F0000020BDE8F081A26CFBB222F0FF02A2646D
:108A0000A26C1343A364D1E700002C4040420F0046
:108A100001000F008C720120134B10B50C4684B07E
:108A20001968FFF7ADFFE0B1104BA4461A69009238
:108A30005969019199690291D96901230CF80E2FA6
:108A4000039123F0030203F0030101336A44C900D8
:108A50000F2B126822FA01F20CF8012DF1D100233C
:108A6000E37304B010BD00BF8072012000002C40F1
:108A7000037ADB0703D5174B1B68A3B11847164BC6
:108A80001B783BB9154B5B6A83F08073C3F30063BB
:108A900018467047114A124B126B1340B3FA83F316
:108AA0005B09184670470F4B1B78002BF0D00E4A1D
:108AB0000E48116800B583B00193FFF761FF019B79
:108AC00028B1064B1B6983F48073C3F30023184657
:108AD00003B000BD887201200818022000002C405D
:108AE00002007F11FE1702208072012000001A0D83
:108AF00008B5044B04481968FFF742FF08B1034B5F
:108B0000186908BD8072012000001A0D00002C4079
:108B100008B5074B07481968FFF732FF30B1064B1D
:108B2000186980F48070C0F3002008BD012008BDE2
:108B30008072012000001A0D00002C402DE9F8433E
:108B4000244B8946244D254C2B60F6F701FCDFF8B9
:108B5000A8800746224E06E0F6F7FAFBC01BB0429B
:108B600023D8F8F76BFC21681E48FFF709FF00289F
:108B7000F2D0D8F81030DB05EED500234FF40072A8
:108B80002B60D8F8283023F48033C8F82830164BEF
:108B9000C8F804201B78A3B149461448FFF7F0FE3B
:108BA00068B90E2240F2574304E000210A2240F245
:108BB0004B4329600E4C00200E4922700B60BDE82B
:108BC000F8834FEA492909484946FFF7D9FE0028AA
:108BD000F5D1E6E76D6A01008872012080720120FC
:108BE00040420F0000001A0D0618022020003A191A
:108BF0006EAC00204072012000002C40F8B5214CE2
:108C000000212148A36A23F48033A362FFF7B8FE52
:108C100048B9092240F23D231C4800251C49027036
:108C20000B602846F8BD1B4B05461B4A1360F6F740
:108C30008FFB636A0646D80112D4184F04E0F8F798
:108C4000FDFB636AD9010BD4F6F782FB831BBB42A1
:108C5000F5D9002110480A224FF410730160DBE7B8
:108C60000022084B0C490A605A6A9207D9D5586B02
:108C70009A6AD96A22F4803241F08061D9625863DD
:108C80009A62CEE700002C400000DB0C6EAC0020A6
:108C900040720120716401008872012040420F007F
:108CA00012F0030F00D143B93C4925203C4B40F260
:108CB000F512087000201A6070472DE9F041144643
:108CC0001F46384A0E46384B80461360F6F740FB85
:108CD000054607E0F6F73CFB344B401B984229D889
:108CE000F8F7ACFB324B33481968FFF749FE002810
:108CF000F0D0314B1B69DA05ECD5002229492F4B06
:108D00000A6001212E4803EA0743017043F400730F
:108D10002C490A60284A146053602B4B93632B4BF9
:108D20001B7893B131464046FFF72AFE78B9002000
:108D3000BDE8F081194A0A210020194B194C117025
:108D40004FF4FC7220601A60F1E77602EAE7204BEC
:108D5000144A1360F6F7FCFA194B05461B787BB1F1
:108D6000124C04E0F8F76AFB154B1B7843B1F6F799
:108D7000EFFA401BA042F5D900230A4A1360D6E758
:108D800010491A4607480B6802609B07CFD50A684E
:108D9000104B1A420CBF01200020C9E76EAC002026
:108DA00040720120887201206D6A010040420F006C
:108DB0008072012000001A0D00002C400000FF1FEF
:108DC000121802208C72012002007F110618022066
:108DD0008564010000007F11F8B50646007A0C4654
:108DE0001546C0071F4613D483B10F4401E0BC42AF
:108DF0000CD033682A46214630461B69013405F5FC
:108E0000007598470028F2D10020F8BD0120F8BD78
:108E1000900712D0002BF9D00F4401E0A742F5D003
:108E200033682A46214630461B69013405F5007532
:108E300098470028F2D10020E7E70648FFF730FF07
:108E40000028E3D104490C20044B40F2A132087001
:108E50001A60D9E737003A126EAC00204072012048
:108E6000F8B50646007A0C461546C0071F4613D4CF
:108E700083B10F4401E0BC420CD033682A4621463E
:108E800030465B6A013405F5007598470028F2D139
:108E90000020F8BD0120F8BD900712D0002BF9D0BA
:108EA0000F4401E0A742F5D033682A4621463046F8
:108EB0005B6A013405F5007598470028F2D100205F
:108EC000E7E70648FFF7ECFE0028E3D104490E204F
:108ED000044B40F23D4208701A60D9E727003A1966
:108EE0006EAC0020407201202DE9F843814688468F
:108EF0002E4CF6F72DFA2E4F06462E4D04E0F6F7CF
:108F000027FA801BA84225D821682B48FFF738FD97
:108F10000028F4D03B69DA05F1D50123274E284A11
:108F200049463370002327481360274BC7F8008059
:108F30007B60264BBB63FFF723FD074670B9042215
:108F400040F29F1322480027224902700B603846E6
:108F5000BDE8F8830A224FF4CC73F3E71E4B1F4A97
:108F60001360F6F7F5F9337804468BB1114D03E041
:108F7000F8F764FA33785BB1F6F7EAF9031BAB4212
:108F8000F6D90023154A136025224FF4D173D9E78F
:108F90001A460B4B11491B680A609B07F4D5084B16
:108FA0001A680F4B1A42EFD1D1E700BF807201203F
:108FB00000002C4040420F0000001A0D1218022041
:108FC0008C72012011003A064000010002007F115E
:108FD0006EAC00204072012085640100887201207F
:108FE00000007F112B4B987A10B5440682B012D442
:108FF000DB7AC0F3050002F1010CC3F3C0134CEAA5
:10900000010C43EA40035BB213EA0C0F03D02722A2
:1090100040F202330CE0204B1B780BB9490252029C
:109020001E480192FFF7ACFC58B90F2240F20A33F8
:10903000DFF888C000201A498CF800200B6002B0CD
:1090400010BD01991748FFF79BFC18B9102240F298
:109050000D33EDE700211448FFF792FC18B91122F7
:109060004FF44473E4E7F6F773F904460F4B1048E6
:109070001968FFF785FC18B10E4B1B69DB05DED4C0
:10908000F6F766F90C4B001B9842EFD9282240F204
:109090001333CDE76C7201200618022000001A205D
:1090A0004072012000001A2100001B26807201205E
:1090B00000001A0D00002C4040420F006EAC002052
:1090C0002DE9F0434FF00008884D894E93B0894C4C
:1090D000894F017280F8098085F8008086F8008049
:1090E00084F8008087F80080FFF714FB4146404673
:1090F000FFF746FCE8B14FF003084FF4D5717F4805
:10910000FFF73EFC00284CD1B8F10108F5D13B78BF
:10911000002B3AD0DFF82C92F6F71AF9784F8046F8
:1091200000217848FFF72CFC70B917224FF42A73FE
:1091300002E0012240F28E237349002432700B605A
:10914000204613B0BDE8F08349467048FFF718FC8D
:109150000028EAD0F6F7FCF8A0EB08006C4BB84208
:10916000E3D81A69002ADBDA19696A4A11601B69B7
:109170005A0001D50123237000216748FFF700FC46
:10918000D8B9022240F2B123D6E7FFF7C3FA41462D
:109190004046FFF7F5FB3B78002BBBD14FF440195D
:1091A000BAE75B4B1B69B3F5D57F03D006224FF4BA
:1091B0002573C1E701233B70ACE700215748FFF757
:1091C000DFFB18B903224FF42D73B5E7504F544C11
:1091D0003B6954496FF30F0353482360FFF71CFCAE
:1091E00018B9072240F2B923A6E750495048FFF7C3
:1091F00013FC18B908224FF42F739DE721684D48DE
:10920000FFF7BEFB18B9052240F2BF2394E721689F
:109210003C48FFF7B5FB18B9142240F2C3238BE793
:1092200002214548FFF7ACFB04460028F4D0BB6A96
:1092300002A96FF07F4023F00603BB62BB6A43F0D4
:109240000203BB624FF010137B64FFF74DFE9DF8E5
:1092500015309B0747D5002845D02B4F02A937482A
:109260003A6896F800800192FFF73EFE9DF81830AC
:10927000019A03F00F03012B32D188B34CF2503026
:109280002F4E0523C6F8CC31C6F8D031C6F8BC3114
:10929000C6F8C031C6F8C431C6F8C831FFF74AF97C
:1092A000002347F2B802C6F8CC31C6F8D031C6F870
:1092B000BC31C6F8C031C6F8C431C6F8C83141F275
:1092C000B803C6F8BC23C6F8C023C6F8AC23C6F85A
:1092D000B0330123C6F8B423C6F8B8232B702FE7A8
:1092E00086F800803A6046F2A810C9E7FE1702200F
:1092F0006EAC002006180220FF17022000001A089A
:1093000040420F0000001A3740720120000002297D
:1093100000002C407C7201200000090200001A03AA
:10932000807201206C720120000009095C7201202A
:109330000000090A00001B0700001A06F1FFFF8069
:1093400000801F4000003040F8B5324B0F465A6A8B
:1093500092050DD49A6A22F480329A6272B69A6AA1
:1093600042F400329A629A6A42F480329A6262B699
:10937000F5F7EEFF274C0646274D04E0F5F7E8FF2A
:10938000801BA84233D8636A1B05F7D507F13C0060
:1093900007F50F741F494B6A1D05FCD5A0F140036A
:1093A0000A6A43F8042F8342FAD103F14000A04235
:1093B000F1D1F5F7CDFF174C0746184D164E04E0D6
:1093C000F5F7C6FFC01BB0421AD8236B2B42F7D06B
:1093D000226B134B1A601A6822631A6892070DD524
:1093E0001A68104B1A420CBF01200020F8BD0E492C
:1093F0001A200E4B40F2563208701A600020F8BD59
:109400001D200949094B40F26132087000201A60A2
:10941000F5E700BF00002C4040420F0002007F1122
:109420008C72012000007F116EAC00204072012080
:109430002DE9F843244B8946244D254C2B60F5F744
:1094400087FFDFF8A8800746224E06E0F5F780FF89
:10945000C01BB04223D8F7F7F1FF21681E48FFF781
:109460008FFA0028F2D0D8F81030DB05EED50023B3
:109470004FF400722B60D8F8283043F48033C8F8DA
:109480002830164BC8F804201B78A3B1494614486D
:10949000FFF776FA68B90C2240F2BD3304E00021F0
:1094A0000A2240F2B13329600E4C00200E4922708E
:1094B0000B60BDE8F8834FEA492909484946FFF7A0
:1094C0005FFA0028F5D1E6E76D6A01008872012095
:1094D0008072012040420F0000001A0D0618022081
:1094E00030003A126EAC00204072012000002C4087
:1094F00070B500231C4D0E4643721946AB6A1B48DB
:1095000023F48033AB62FFF73BFA18B104465EB92F
:10951000204670BD092240F2D33315480024154976
:10952000027020460B6070BD134B144A1360F5F7B0
:109530000FFF6B6A0646DA0112D404E0F7F77EFFEC
:109540006B6ADB010CD4F5F703FF0D4A831B9342D2
:10955000F4D9002109480A2240F2D7330160DCE740
:109560000023064A1360D3E700002C400000DB0C08
:109570006EAC0020407201207164010088720120ED
:1095800040420F0010B50446FFF75CF908B1637A5A
:1095900003B910BD20460121BDE81040FFF7A8BF68
:1095A00030B50346007AADF5037D1446C00720D5DB
:1095B00093070FD101233048FFF772FBB8B92F4949
:1095C0000B202F4B4FF45D7208701A6000200DF5D0
:1095D000037D30BD012302AA2748FFF761FB002865
:1095E000EDD04FF4007202A92046F6F71BFA0120D5
:1095F000EDE701930D46FFF725F9019B0028E5D023
:109600005A7A012A23D01A681E49126A8A4222D144
:109610000193FFF717F90028D8D0019B5A7A0ABBAB
:10962000184629460193FFF703FF019B0028CDD080
:1096300001225D605A72214618460193FFF784FEAD
:109640000028C3D0019B5A6801325A60CFE75A689C
:10965000AA42D8D1EFE7184601939047019B002812
:10966000B4D0DDE7184601210193FFF741FF019BCC
:109670000028ABD0D4E700BF11003A116EAC002037
:1096800040720120E174010030B50D46017A1446A4
:10969000ADF5037DCA071BD5A30706D0214602AC52
:1096A0004FF4007202A8F6F7BDF9012322462946BD
:1096B0003248FFF7F5FA002841D131490D20314BEE
:1096C00040F2114208701A6000200DF5037D30BD94
:1096D0000190FFF7B7F8019B0028F5D05A7A022ACB
:1096E0002FD01A682849126A8A422ED10193FFF7B7
:1096F000A9F80028E8D0019B5A7A002A2CD11A68D0
:109700002249126E8A4230D1184629460193FFF74A
:1097100015FA019B0028D7D002225D605A721A68A0
:1097200018461B49D26D01938A42214623D1FFF787
:10973000D1F8019B0028C7D05A6801325A60012035
:10974000C3E75A68AA42CCD1E9E71846019390478B
:10975000019B0028D3D1B7E7184601210193FFF7F9
:10976000C7FE019B0028CAD1AEE7184601932946DF
:109770009047019BCEE79047019BDBE701003A1839
:109780006EAC002040720120E1740100996A010072
:10979000316801000121F5F739BE00BFF5F702BEBF
:1097A00008B5034653F8040B93E80600F4F72AF9CA
:1097B00008BD00BF84B00DF1100C0CE90E0002468C
:1097C00023B11846136004B0EDF71ABD024B1846DA
:1097D000136004B0EDF714BDA8A400200268D37C88
:1097E00013B3D80704D5906A4FF0E021C1F8000107
:1097F000990704D5D06A4FF0E021C1F80401580759
:1098000004D5106B4FF0E021C1F80801190704D509
:10981000506B4FF0E021C1F80C01DB0604D5926BD0
:109820004FF0E023C3F81021704700BF0068EDF748
:10983000DFBE00BF0268FF2312685366D36D13F4C6
:10984000F81FFBD0506FC0B2704700BF4FF0FF0C45
:10985000006808B5134680F83CC00A460021EDF7C1
:10986000C3FE002008BD00BF03681A685166D36DAF
:1098700013F4F81FFBD0536F704700BF1346006806
:109880000022EDF7B1BE00BFB1F5807F10D9B1F570
:10989000FC7F3BD9B1F57C7F44D9B1F5FC6F4BD946
:1098A000B1F57C6F4DD84FF4FC514FF03F0C04E004
:1098B00010291BD840214FF0200CB2FBF1F3B3F577
:1098C000806F1DD201FB132100B5B2FBFCFEB1FB82
:1098D000FCF10CFB1E224FEA930C017001322CF0BC
:1098E0003F0C837042EA0C02427000BD202912D85E
:1098F00080214FF0200CB2FBF1F3B3F5806FE1D380
:10990000FF23FE2143700170837070474FF47C7118
:109910004FF03F0CD1E7802909D84FF480714FF008
:10992000200CCAE74FF4FC614FF03F0CC5E74FF441
:1099300000714FF0200CC0E74FF47C614FF03F0CFA
:10994000BBE743F6C1614FF03F0CB6E753B94AB9E4
:10995000002908BF00281CBF4FF0FF314FF0FF3037
:1099600000F09CB9ADF1080C6DE904CE00F006F8EA
:10997000DDF804E0DDE9022304B070472DE9F0478B
:1099800082B00646DDF828E00846B4460D46002BB6
:109990004ED18A4214466DD9B2FA82F242B1C2F176
:1099A0002003954026FA03F394401D4306FA02FC77
:1099B000260CA7B2B5FBF6F14FEA1C4306FB115586
:1099C00043EA054301FB07F0984209D9E31801F186
:1099D000FF3580F00381984240F200810239234430
:1099E0001B1A1FFA8CFCB3FBF6F006FB10334CEA93
:1099F000034C00FB07F363450AD914EB0C0C00F190
:109A0000FF3580F0ED80634540F2EA80A4440238DF
:109A100040EA0140ACEB030C0021BEF1000F04D082
:109A20002CFA02F30022CEE9003202B0BDE8F08742
:109A30008B4209D9BEF1000F01D0CEE900610021AF
:109A4000084602B0BDE8F087B3FA83F11746002953
:109A50004DD1834202D3B24200F20F81B6EB070C24
:109A600060EB030301201D46BEF1000FDDD0CEE9FF
:109A700000C5DAE7002A00F098801A46B4FA84F3A9
:109A8000002B40F0AF800B1B270CA6B20121B3FBCB
:109A9000F7F54FEA1C4007FB153340EA034306FB8A
:109AA00005F8984507D9E31805F1FF3002D298452B
:109AB00000F2E8800546A3EB08031FFA8CFCB3FB19
:109AC000F7F007FB10334CEA034C06FB00F3634549
:109AD00008D914EB0C0C00F1FF3602D2634500F2FA
:109AE000CE803046ACEB030C40EA054095E7C1F16F
:109AF00020058B4022FA05FC4CEA030C00FA01F425
:109B000026FA05F3E84002FA01F943EA04084FEAAD
:109B10001C4206FA01FAB0FBF2F71FFA8CF602FBC0
:109B200017004FEA184444EA004407FB06F0A0423D
:109B30000AD91CEB040407F1FF3380F09C80A0429B
:109B400040F29980023F6444241A1FFA88F3B4FB60
:109B5000F2F002FB104443EA044300FB06F69E4287
:109B600009D91CEB030300F1FF3480F082809E4290
:109B70007FD90238634440EA0740A0FB09749B1B6D
:109B8000A3423E46A04664D361D0BEF1000F0AD086
:109B9000BAEB060263EB080303FA05F5CA40154366
:109BA000CB40CEE9005300213FE7730843EAC1737D
:109BB0004A08190C41EA02414FEAC67C9BB2B2FB4B
:109BC000F4F02646A04627461F2243EA0143B1FB94
:109BD000F4F1A3EB080341EA004158E72946FFE608
:109BE000284615E71A46C3F120019C4026FA01F3E6
:109BF00020FA01F190400343270C06FA02FCB1FB66
:109C0000F7F0A6B207FB1015190C41EA054100FB5D
:109C100006F58D423BD9611801D28D4220D8491BEF
:109C20000138B1FBF7F5019505FB06F8019D9BB2E4
:109C300007FB151143EA0143434526D2E31805F11A
:109C4000FF31C6D24345C4D2A91E2344C1E7BA4559
:109C50009BD2B7EB090664EB0C040138A04694E7ED
:109C6000651B29440238B1FBF7F5019505FB06F8A1
:109C7000DCE720467FE71F4666E70846F4E6A44493
:109C800002382FE7023D234415E70199A1E7491B5C
:109C9000B1FBF7F5019505FB06F8C7E7704700BF74
:109CA000931E222B12D800B50A2A83B08C4606D008
:109CB0000191614601F03CFD019803B000BD002810
:109CC000F6DA2D230CF8013B4042F1E700230B703C
:109CD00018467047024B0146186800F00BB800BFE9
:109CE000B8A90020024B0146186802F00FBC00BF63
:109CF000B8A900202DE9F04F01F10B02162A85B01A
:109D0000804624D8102900F2AB8000F0C9FA022561
:109D100018211022B74C2144A1F108004E68864258
:109D200000F062817268F168B46822F00302324484
:109D3000E1608C60516841F001014046516000F0E3
:109D4000B5FA06F10804204605B0BDE8F08F32F000
:109D5000070200F18580914200F28280019200F0BA
:109D60009FFA019AB2F5FC7FC0F0BA81570A7FD002
:109D7000042F00F27281970907F139052BB207F120
:109D8000380CDB009B4C2344A3F108065B689E4221
:109D900007D10DE00028DF6880F21381BE4207D0B2
:109DA0003B46596821F00301881A0F28F2DD654609
:109DB000236991498B4200F0F1805E6826F003062A
:109DC000B11A0F2900F391818B480029C4E90400DE
:109DD00080F27981B6F5007F676880F01981F1081B
:109DE00001310FFA81FC76090121B14054F83C00A1
:109DF00098600F4304EBCC010839D960676044F8E0
:109E00003C30C360AB1001269E40BE4236D83E4275
:109E100006D125F0030576003E4205F10405FAD08F
:109E200004EBC50A04EBC507A946F9680EE04868CB
:109E300020F0030EAEEB020CBCF10F0F0B46C9680D
:109E400000F31881BCF1000F80F22D818F42EED11A
:109E500009F1010919F0030F07F10807E5D17FE1C6
:109E60000C23C8F800300024204605B0BDE8F08F70
:109E70004FF4007340254FF03F0C83E7A7687968E3
:109E800021F0030393429A4603D3991A0F2900F352
:109E900087805A495A4E0968103111440820CDE98B
:109EA000011202F00DF801994B1E0344454283460E
:109EB00030681D40B0F1FF3F18BF29464046019170
:109EC00001F0D0FF411C0546DDE9011200F02B81B5
:109ED00007EB0A0C844500F224814A4B186800EB1A
:109EE00001090BF1FF3EC3F8009000F08981306852
:109EF00001301BBFA5EB0C0C09EB0C0035601860A2
:109F000015F00700814600F04881C0F108000544C3
:109F1000CDE901236B1803EA0E015844401A00EA08
:109F20000E06314640469B4601F09CFF421CDDE98F
:109F3000012300F09581401B304440F00101186876
:109F4000A56000EB0609A7426960C3F8009017D02E
:109F5000BAF10F0F40F25E81AAF10C0121F0070C5B
:109F6000796801F0010141EA0C017960052607EBEF
:109F70000C01BCF10F0FC1E9016600F26381696851
:109F8000214B1E684E4538BFC3F800901F4B1E681A
:109F90004E4501D2C3F800902F46C6E0676831E70E
:109FA000BD1841F0010142F001027A604046A5600F
:109FB000696000F07BF907F10804204605B0BDE8B0
:109FC000F08F9A6801931944D760BA604A6842F0EA
:109FD000010240464A6000F069F9019B03F1080460
:109FE000204605B0BDE8F08FCE68B1427FF49AAE4E
:109FF0000235DDE6989E0020A09E0020847401209A
:10A00000A4A90020547401207C74012080740120D4
:10A01000B6F5206F4FEA56207CD3142800F2D38087
:10A0200000F15C0109B25B30C90004EB010C61581E
:10A03000ACF1080C8C4503D1A8E089688C4504D0AC
:10A04000486820F00300B042F7D8D1F80CC0C3E94B
:10A05000021CCCF80830CB60D4E6142F72D9542FF0
:10A0600000F2BA80170B07F16F052BB207F16E0CE7
:10A07000DB0087E69D1842F001025A609E68864A1E
:10A08000F1608E60C4E90455C5E902224CF001027A
:10A090006A60404643F80EC0019300F007F9019B47
:10A0A00003F10804E0E69E441C46DEF8043043F069
:10A0B0000103CEF8043054F8083F4046D9608B6065
:10A0C00000F0F4F8D0E61E4440467268019342F076
:10A0D0000102726000F0EAF8019B03F10804C3E694
:10A0E000D508691C09B2C90014E69D1842F00102A6
:10A0F0005A60694A0193C4E90455C5E9022241F056
:10A1000001026A604046995100F0D0F8019B03F1CA
:10A110000804A9E6B00900F1390109B23830C900D4
:10A1200083E7A74263D0A768796821F003009042D3
:10A13000A0EB020102D30F293FF732AF404600F0F7
:10A14000B5F890E607F15C052BB207F15B0CDB007C
:10A1500018E6514651F808398B428A4640F09A80F9
:10A1600015F0030F05F1FF35F3D1636823EA060309
:10A17000636076009E423FF681AE1EB97EE67600B1
:10A1800009F104091E42FAD04D4649E68010012625
:10A1900006FA00F00743676059E7CDE902236B1820
:10A1A00003EA0E01ABEB010606EA0E063146404615
:10A1B000019301F057FE431C019B04BF4E46184615
:10A1C000DDE90223B7E6542827D8300B00F16F01F0
:10A1D00009B26E30C90028E7B7F5AA7F27D8D70B98
:10A1E00007F178052BB207F1770CDB00CAE52B4BA2
:10A1F000186800EB01090BF1FF3EC3F8009076E60A
:10A2000015EA0E0F7FF473AEA568514441F00101C9
:10A210006960B5E601236B6090E7B0F5AA7F25D8A9
:10A22000F00B00F1780109B27730C900FDE640F289
:10A2300054539F4224D8930C03F17D0503F17C0C09
:10A24000EB009FE507F108014046CDE9012302F04C
:10A250005DF9A568029B6968D3F80090019A8FE6C2
:10A26000A9F108010BEB0100002664E640F254510D
:10A2700088420BD8B00C00F17D01C9007C30D4E6D7
:10A280004FF47E737F254FF07E0C7BE54FF47E719B
:10A290007E20CAE663686CE7A09E0020547401200B
:10A2A000014802F017B800BF4C740120014802F0C9
:10A2B00013B800BF4C740120DFF80CC00A460146F9
:10A2C000DCF8000000F002B8B8A90020002900F076
:10A2D0009F802DE9F04383B00C4600928046FFF743
:10A2E000DFFF009901F10B03162B60D81023994270
:10A2F00060D854F804EC2EF003029A42A4F1080549
:10A3000065DAB348806805EB020C6045DCF8046050
:10A3100000F0908026F0010060444068C0076CD4D3
:10A3200026F00306901983424CDD1EF0010F0FD179
:10A3300054F8080C281A0746406820F00300064429
:10A340001644B34240F3EF801618B34240F3C9807D
:10A350004046CDE90023FFF7CDFCDDE900230646AA
:10A36000002800F0178154F8041C21F00101294451
:10A37000A0F1080C614500F0AE80043A242A00F2F6
:10A38000CE80132A00F29C80034622461168196091
:10A390005168596092689A602146404602F0B6F8CA
:10A3A0004046FFF783FF304603B0BDE8F08333F04B
:10A3B00007039CD50C23C8F800300026304603B0B4
:10A3C000BDE8F0830246DCE90201C160886069688B
:10A3D000D01A0F2801F0010105EB02061BD811432A
:10A3E0006960736843F0010373604046FFF75EFFE6
:10A3F0002646304603B0BDE8F0831EF0010FA7D11A
:10A4000054F8080C281A0746406820F003009BE720
:10A410001146FFF76FBC19436960E91840F001006D
:10A420004860736843F0010308317360404602F0EE
:10A430006DF8DAE726F00306B01803F1100C60455A
:10A4400080F28B801EF0010F82D154F8080C281A7C
:10A450000746406820F0030006441644B445B14660
:10A460003FF772AF3E46F96856F8080F043A242ABF
:10A47000C160886000F2A580132A40F2A0802168A4
:10A48000B9606168F9601B2A00F2A480083407F102
:10A4900010022168116061685160A1689160F9182B
:10A4A000A9EB03024A4D42F00102A9604A607A68B2
:10A4B00002F00102134340467B60FFF7F7FE98E786
:10A4C00023680360636843601B2A3BD804F10802D9
:10A4D00000F108035AE750F8041C21F003010A4474
:10A4E00075E7043A3D46F96855F8080F242AC1601B
:10A4F000886020D8132A1CD92168B9606168F96086
:10A500001B2A3DD8083407F11002216811606168E8
:10A510005160A16891602C4632463D4657E721467E
:10A5200001F008FB38E7DCE90201043AC160886009
:10A53000D8E72A46E9E721462846009301F0FAFACF
:10A54000009BE8E7A3688360E368C360242A25D002
:10A5500004F1100200F1100318E71D4A1D44956034
:10A56000C21A42F001026A6054F8042C02F001029F
:10A570001343404644F8043CFFF798FE264638E76C
:10A58000A1683961E1687961242A10D0103407F19B
:10A590001802BAE74046FFF789FE0EE72369036118
:10A5A0006169416104F1180200F11803EEE62269C5
:10A5B000BA616269FA61183407F12002A5E73246F0
:10A5C00067E721463046009301F0B4FA009B66E746
:10A5D000989E0020A1683961E1687961242A03D03E
:10A5E000103407F1180254E72269BA616269FA610E
:10A5F000183407F120024CE7000000002DE9F04F6D
:10A600002DED068B804697B0184600240023CDE937
:10A61000043489460021924612914A461192164608
:10A6200012F8013B2D2B5FD801A151F823F000BF98
:10A63000BD87010045860100458601004586010071
:10A6400045860100458601004586010045860100DA
:10A650004586010079850100798501007985010031
:10A660007985010079850100458601004586010054
:10A6700045860100458601004586010045860100AA
:10A68000458601004586010045860100458601009A
:10A69000458601004586010045860100458601008A
:10A6A000458601004586010045860100458601007A
:10A6B0007985010045860100458601004586010037
:10A6C000458601004586010045860100458601005A
:10A6D0004586010045860100458601005B8A010030
:10A6E000458601006F8A010000220692302B00F09F
:10A6F0008280002207922F2B40F2C5844FF0000B7E
:10A700001F4630465D465C4616E0082CC8BF0BEB82
:10A710008B0B00F10100C8BF03EB4B031190C8BFC6
:10A72000A3F1300B0378D8BFA2F130052F2B04F131
:10A7300001041F4640F3A28005EB8502392B03EB91
:10A740004202E2DDB3490893012201F0C9FA002870
:10A7500060D1119A531C119351781A460846002C67
:10A7600040F0DB80302840F00F8513460022013393
:10A77000119318783028114602F10102F7D0A0F1A8
:10A780003104082C00F2AE818A1C0992A0F1300C31
:10A790001E464FF0000E012405EB85050CEB450528
:10A7A0000022013311931978A1F13000092802F138
:10A7B000010700F235848446002800F0FB860999E1
:10A7C000012F3944099100F0F886671C394606E0EC
:10A7D00045000131081B0138824240F34484481E81
:10A7E000082805EB8500F3DD0BEB8B0040001029FA
:10A7F000D8BF8346EDE7737803F0DF03582B00F0F2
:10A80000D783013611963378302BFAD06BB1012201
:10A81000079270E7089B652B1AD0452B18D0002CA7
:10A8200032D1079B002B00F0B7809FED788BBAF1F7
:10A83000000F02D0119BCAF80030069BBBB1B1EEED
:10A84000488BB0EE480B17B0BDEC068BBDE8F08F1F
:10A85000002C72D1A6460994079B002B40F0BB82C6
:10A860009FED6A8BBAF1000F01D0CAF80090B0EEEC
:10A87000480B17B0BDEC068BBDE8F08F654901228F
:10A8800001F02EFA002844D007EE905AB8EE677B0C
:10A89000092C8DED047B40F3A3820022102C23466B
:10A8A0000892A8BF1023A646914609925A4A02EB85
:10A8B000C30212ED125B06EE90BA0F2CB8EE666B77
:10A8C000A5EE076B8DED046B00F3AC80089A002AAF
:10A8D00000F08682089A40F36E82162A40F31E84A6
:10A8E0000899C4F125028A42C0F29C804A4BC4F107
:10A8F0000F040A1B03EBC40403EBC20394ED008BAB
:10A9000093ED007B9DED046B28EE068B28EE078B04
:10A910008DE7119A531C11935178A1F13002092A45
:10A9200000F2D5800992A646002A00F04086012157
:10A93000DDF824C00991224697E30022CDE90822E0
:10A94000119BA646591C11915F782B2F00F0BC80FB
:10A950002D2F00F0B3804FF0000CA7F13009B9F1B2
:10A96000090F36D8302F119940F0D880013111915C
:10A970000F78302FFAD0A7F13100082840F2CC80B0
:10A980004FF000095CBB079911437FF44EAF089A62
:10A99000002A40F0F4839946692F00F0CF8300F33A
:10A9A000C883492F00F0CA834E2F7FF459AF1B494B
:10A9B00011A802F00BFA00283FF452AF119B1B784C
:10A9C000282B00F02385164801F03CFDB0EE408BAB
:10A9D0002DE711934FF00009D4E74FF0000907EE7F
:10A9E000905A099BB8EE677BA9EB0303BEF1000FF9
:10A9F00008BFA646102C08932346A8BF1023092C95
:10AA00008DED047B3FF752AF60E700BF0000000010
:10AA100000000000E8260020A80200208C2700206B
:10AA20005C270020089AE31A1344002B40F3998016
:10AA300023F00F0213F00F0340F00683B2F59A7F64
:10AA400000F39283102A4FEA221300F0F384554852
:10AA50009DED047B0021024613F0010F01F101017D
:10AA60004FEA630303D092ED006B27EE067B012BC8
:10AA700002F10802F0D18DED047B059BA3F1547324
:10AA8000059300EBC1009DED046B90ED007B464B00
:10AA900027EE067B17EE902A444913408B428DED3A
:10AAA000047B00F26183A1F580118B4240F2628445
:10AAB0003F4B4FF0FF32CDE9042354E04FF0010C3F
:10AAC000991C11919F7848E74FF0000CF8E701F0CE
:10AAD000DF0145297FF4D8AE00220121A646099264
:10AAE00008912FE700F0DF0045287FF49EAE4FF07D
:10AAF000000E0121CDF824E07446089122E70023DE
:10AB00000693721C11927378002B3FF4A9AE16467F
:10AB1000ECE501230693F4E7A7F13009481C1190F6
:10AB20004F782F2FC8BF0C9307DCC1E20130119082
:10AB300007782F2FA3F1300905DD09EB8903392FA1
:10AB400007EB4303F2DD401A08280C9B40F3B08268
:10AB500044F61F69BCF1000F3FF414AFC9F10009BE
:10AB600010E740F0AB82002307930095234672461E
:10AB70003146404605F068FF8346002800F0F48225
:10AB8000089A099BCDF83CA0002AA3EB0903A8BFB3
:10AB9000002309934FF0000922EAE2730C934C461C
:10ABA000CCE000BF800200200000F07F0000A07C0D
:10ABB000FFFFEF7F991A1F3B9A42A5EB0105C0F2F8
:10ABC0007981012202FA01F30A9300230D932F44A5
:10ABD000079B5544AA4552461F44A8BF2A46BA427D
:10ABE000A8BF3A46002A03DDAD1ABF1AAAEB020A33
:10ABF000099B002B00F30381002D00F31A81089BB1
:10AC0000002B00F34D81002F00F33D81BAF1000FBE
:10AC100008DD21465246404606F022F90446002847
:10AC200000F03A8112993246404606F0AFF981466B
:10AC3000002800F031810023C768C360214606F078
:10AC400085F90028C0F29B83059D00F036832146DC
:10AC5000484606F04DFBB0EE007BB4EEC70BF1EEBC
:10AC600010FA00F2C080002F40F02C81049B002BD2
:10AC700040F0C881C5F31303002B40F05781B7EEB5
:10AC8000007BB4EEC70BF1EE10FA00F1D082B6EE05
:10AC9000007B20EE077BB0EE47ABB1EE477BBD48B3
:10ACA000DFF808C32840604553EC172B00F00F81F4
:10ACB0000799F1B1B0F1D46F1BD89FEDB06BB4EE32
:10ACC000C6ABF1EE10FA11D8BCEECA7B17EE103A03
:10ACD000012B38BF012307EE103AB8EE477BB0EEE8
:10ACE00047AB0FB9B1EE477B53EC172B03F1D6619D
:10ACF0000B1AB0EE480B43EC192B0A9006F006FA3B
:10AD0000A9EE008B8DED048B18EE905A0A98079BE4
:10AD100023B9A04B2B40984200F00F811299404676
:10AD200005F036FE3146404605F032FE21464046EB
:10AD300005F02EFE4946404605F02AFEDBF80410D9
:10AD4000404605F0FBFD0646002800F0A580DBF834
:10AD50001020023292000BF10C010C30F4F762FE6D
:10AD60009DED048B14AA13A94046B0EE480B06F0E3
:10AD70005FFA1290002865D00121404605F022FFBD
:10AD80000446002800F08880139A002A76DB099B8D
:10AD90000C9F02EB030A079B149DD21A2A447E4B98
:10ADA000013A9A42C5F13605FFF604AF00230D9330
:10ADB00001230A930BE71632FFF634AE099BA3EB8F
:10ADC0000909764B03EBC90393ED007B9DED046B02
:10ADD00086EE078B2BE508940024119B2246B1E5F3
:10ADE0009DED048B23E5B6EE007B20EE077BB0EEF5
:10ADF00047AB002F7FF453AFB1EE477B4FE72146BF
:10AE00001A46404605F0D0FF04461298D4B10246D7
:10AE10002146404605F004FF0246129892B10146D1
:10AE200040460E9205F0B4FD0E9A1292002D7FF767
:10AE3000E6AE12992A46404606F012F81290002813
:10AE40007FF4DDAEDDF83CA09FED4E8B2223C8F8E9
:10AE500000300146404605F09BFD3146404605F076
:10AE600097FD2146404605F093FD5946404605F0C2
:10AE70008FFD4946404605F08BFDD8E40C9BDDF87C
:10AE800024A09F1A87E731463A46404605F0E8FF7E
:10AE9000064600287FF4BAAEDDF83CA01298D3E74E
:10AEA00031460C9A404605F07FFF064600287FF4A5
:10AEB000AAAEF1E73A49891A012202FA01F30D9389
:10AEC0000A9284E6B7EE007BB0EE47ABE7E6A5F169
:10AED000547305939DED046BB0EE460B8DED0A7B2C
:10AEE0008DED046B0D9006F011F99DED046B9DED59
:10AEF0000A7B2849A0EE076B16EE905A294B0D9855
:10AF0000294099428DED046B40F29A8018EE902A08
:10AF100003F154739A4203D118EE103A0133BBD0B7
:10AF2000214B4FF0FF32CDE90423F7E6B7EE006B7B
:10AF3000BFEE007BB0EE46ABB1E651EC1A0B0AF067
:10AF4000E1F80AF0B1F8049B41EC170B1F43C5F37D
:10AF500013052F433AEE477B44D19FED0C6BB4EEC3
:10AF6000C67BF1EE10FA7FF5D9AE9DED048BDDF8CE
:10AF70003CA012986DE700BFAFF300800000C0FF57
:10AF8000FFFFDF41000000000000F07F9535A09436
:10AF9000FFFFCF3F0000F07F02FCFFFFA802002070
:10AFA000E2FBFFFFFFFF9F7CFFFFEF7F0000E07FE2
:10AFB000069B019312AB02900093AC4A13AB11A90C
:10AFC000404601F00BFC10F00F0504463FF42DAC99
:10AFD000062D40F0E880013600239FED9C8B1196F2
:10AFE000069324E49FED9B6BB4EEC67BF1EE10FA62
:10AFF000BBD49FED9A6BB4EEC67BF1EE10FA7FF7EF
:10B000008DAEB2E7049B012B90D1002D8ED1DDF8DF
:10B010003CA0129822239FED8D8BC8F8003018E7D2
:10B0200001F0DF01452900F0A380002C7FF4D5ACAE
:10B03000079B1A439FED858B3FF414ACFFF7F7BBDA
:10B0400005F15475059562E6894901EBC3039DED51
:10B05000046B93ED007B27EE067B8DED047B002ACD
:10B060003FF481ADEAE4013A3A44082A02F10104CE
:10B070007FF792AB102CDCBF0BEB8B0B0CEB4B0B6D
:10B080000022FFF78EBB7B490122304600F028FEEC
:10B0900040B9119A134601321192834605465878F9
:10B0A000FFF760BB079B002B3FF4DAABFFF7BDBB9C
:10B0B00044F61F618945A8BF89464BE55B421A11DA
:10B0C00013F00F030DD06A4901EBC3039DED046B30
:10B0D00093ED007B86EE077B8DED047B002A3FF429
:10B0E00042AD1F2A00F3418112F0100318BF6A23FA
:10B0F00007939DED047B604B01E052100833D007AD
:10B1000003D452100833D107F7D593ED006B5210DA
:10B1100027EE067B00F0B8800833F4E7544B03EBCE
:10B12000C20393ED008B9DED047B28EE078BFFF7A8
:10B130007EBB6E2F3FF43BACFFF792BB4F4911A88B
:10B1400001F044FE00283FF48BAB119B4C49013BBE
:10B1500011A8119301F03AFE10B9119B013311931C
:10B160009FED408BFFF763BB2223C8F80030F7E761
:10B17000002C00F0EA8101210891FFF7E3BB9FED6D
:10B18000338B9946FFF76EBBA0F13103082B55D9DD
:10B1900020F02000452885D14FF0000ECDF824E0A6
:10B1A0000124FFF759BB129A3AB1352114A806F0D1
:10B1B000D1F81299404605F0EBFB013D042D00F259
:10B1C000FE81DFE805F0032E2B200300149B04937F
:10B1D000139B03F23342159B23F4801343EA02537B
:10B1E0000593E40502D543F000430593254A1A4030
:10B1F0009DED048B002A7FF41AAB00F05BFE222346
:10B200000360FFF714BB4FF0FF326FF00043CDE94E
:10B210000423E3057FF5E4AD059BE4E7194B0593B3
:10B22000F7E7DDE91412159BCDE90412D9E7B6EE74
:10B23000006BBEEE007BB0EE46AB30E5134601225C
:10B240000992FFF7A3BA00BFAFF30080000000002F
:10B25000000000009535A094FFFFDF3F35E5AF35D6
:10B260000000E03F000000000000F07FBC9D0020D7
:10B27000A8020020E826002070030020802700207C
:10B28000842700200000F07F079B8DED047B002BBE
:10B2900065D017EE900AC0F30A51C1F16B03002B81
:10B2A0005DDD1F2B52DD342B049240F3FE804FF006
:10B2B0005C7305936A23079357E40A9ADDF834C058
:10B2C000DDF83CA0B349C5F31303002F00F08C80D8
:10B2D0008B4200F0DD80BCF1000F00F0D4801CEA4E
:10B2E000050F2FD0B0EE480B05F010FF079B002B89
:10B2F00000F01281C5F30A53C3F16B03002B40F336
:10B300005381190501F17F53002203F5401343ECEB
:10B31000172BA0EE078B9FED9B7B9F4B28EE078B97
:10B3200018EE902A1340002B7FF423AE2223C8F896
:10B3300000301EE6BCF1000F00F085801CEA050F0E
:10B3400040F08480079B002BE5D112E64FF0FF32DE
:10B350009A4017EE103A134004939DED047BB5EE2E
:10B36000407BF1EE10FA7FF400AC2223C8F80030E5
:10B37000FFF75BBA02F154730593FFF7F4BBDDE905
:10B3800004120F43DDF83CA0DCD1C2F313031546D1
:10B39000002BD7D122F000473F0D3F05B7F1D66F04
:10B3A000D0D9D9F814301BB9D9F81030012BC9DD28
:10B3B00049460122404605F053FD2146814605F0ED
:10B3C000C5FD0028BEDD079B002B00F08180A7F59E
:10B3D00080176FEA17536FEA035305934FF0FF335B
:10B3E00004939DED048B96E743BBDDE9040103461E
:10B3F00000289FD1079B002B6AD0674F2F40B7F1E1
:10B40000D66FE4D8B7F15C7F85D802E6634911A80E
:10B4100014AA01F0FBFC05287FF4D5AA159B43F084
:10B42000FF4343F4E0030593149B04939DED048BC9
:10B43000FFF7FDB95A480021FFF71FBBBCF1000F11
:10B440007FF47CAF049B1A423FF47CAFB0EE480B14
:10B4500005F05CFE079B93B3C5F30A53C3F16B037E
:10B46000002B76DD190501F17F53002203F540130F
:10B4700043EC172BA0EE478BB5EE408BF1EE10FAA4
:10B480007FF449AFC5E5049B1A423FF45BAF29E75F
:10B49000079B049963BB4F1C31D0BCF1000F61D0F6
:10B4A0001CEA050F3FF465AD1CE7C1F14B014FF0FD
:10B4B000FF338B40034005939DED047B4FE738EE4F
:10B4C000408BB5EE408BF1EE10FA7FF452ADA0E563
:10B4D000314B12982B40A3F580136FEA13536FEA98
:10B4E000035305934FF0FF3304939DED048BB0E4B9
:10B4F000294B2B40B3F1D46F12D9481C19D1294BD9
:10B500009D4233D0244B2B4003F580130593002339
:10B5100004939DED048B15E7129838EE008B98E4A8
:10B520001B0DC3F16B034FF0FF3000FA03F3994298
:10B53000E5D0BCF1000F04D01CEA050F3FF4EBAEE0
:10B54000D0E611423FF4E7AECCE6002A3FF428AE45
:10B5500011E638EE408BB5EE408BF1EE10FA7FF439
:10B56000DAAE56E511423FF404ADBBE60131C9D174
:10B5700022239FED068B1298C8F8003069E400BFC3
:10B58000AFF3008000000000000050390000000010
:10B590000000F07FFFFF0F000000F07FD09D002033
:10B5A00080020020FFFFEF7F38EE008BB3E6012220
:10B5B000FFF7F7B83A46FFF7F4B8224655E5E50538
:10B5C00005D54FF0004305939DED048B15E69FEDE7
:10B5D000018B12E60000000000000000014BFFF7A5
:10B5E0000DB800BF50A70020242B2DE9F84F42D8FA
:10B5F000012B884619463ED091464B4A82461E464C
:10B60000C64670461EF8017BD35D13F00803F8D1DF
:10B610002D2F70D02B2F05BF9EF800709B469B46A8
:10B6200000F1020E6FF0004361BB302F4DD00A26AF
:10B6300031460022B3FBF6F4104606FB143505E054
:10B640003CD006FB00C001221EF8017BA7F1300CA4
:10B65000BCF1090F06D9A7F1410CBCF1190F17D89D
:10B66000A7F1370C61451CDD571CEDD08442E7D2B1
:10B670004FF0FF32E8E700F01DFC162303600020C6
:10B68000BDE8F88F1029D4D1302F27D00E46D0E74F
:10B69000A7F1610CBCF1190F03D8A7F1570C614554
:10B6A000E2DC511C30D0BBF1000F0CD1B9F1000F1E
:10B6B000E6D0AABBC9F80080BDE8F88F6545C0DABE
:10B6C0004FF0FF32C0E74042F0E79EF8002002F062
:10B6D000DF02582A08D008263146AAE79EF8002043
:10B6E00002F0DF02582AD1D110269EF801703146AF
:10B6F0000EF1020E9DE79EF800704FF0004300F13E
:10B70000020E4FF0010B8FE72222CAF80020B9F198
:10B71000000F07D00EF1FF381846C9F80080CBE7BC
:10B720000346F7E71846ABE7592E0020FFF75CBF4A
:10B73000F0B5224E971E15460C4686460FCE8BB0AE
:10B74000EC46ACE80F000FCEACE80F0096E8030023
:10B750004CF8040B222F8CF8001029D804F1FF3C80
:10B7600066460020BEFBF5F205FB12E36B44014682
:10B770007545187806F8010F964601F10100F1D9D8
:10B780000023235489B1601C08440CF102021CF808
:10B79000015F10F8016D8CF80060A4EB0C03013B15
:10B7A000121B0B449A420570EFDB20460BB0F0BD34
:10B7B0000023184623700BB0F0BD00BF9027002077
:10B7C000FFF7B6BF0CB430B5144B0D1E1C689DB00E
:10B7D0001FDB14BF01220022AA1A114B059300217E
:10B7E00021AB1B91029006900492079202A9209A25
:10B7F0000193204601F00EFC431CBCBF8B23236049
:10B8000015B1029B00221A701DB0BDE8304002B095
:10B8100070478B2323604FF0FF30F5E7B8A9002075
:10B820000802FFFF0EB410B59FB021AB002453F8FF
:10B83000042B1D944FF40171CDE90023ADF81C10C9
:10B840000490089000F04EFD0B49059009900B48BC
:10B850000C914FF6FF71019BADF81E10009A006825
:10B86000109404A91594039303F0F6FB1FB0BDE8F0
:10B87000104003B0704700BF01980100B8A9002034
:10B8800010B50C46B1F90E1000F0D6FA002803DB13
:10B89000236D0344236510BDA38923F48053A38142
:10B8A00010BD00BF002070472DE9F0411F46B1F9DF
:10B8B0000C301646DA050C4605460BD423F48053AB
:10B8C000A381B4F90E103B4632462846BDE8F0414C
:10B8D00000F0DABA0223B1F90E10002200F096FA55
:10B8E000B4F90C30EAE700BF10B50C46B1F90E1000
:10B8F00000F08CFAB4F90C30421C0EBF23F48053D4
:10B9000043F480532065A38110BD00BFB1F90E1030
:10B9100000F064BA024A0349034805F069BD00BF5C
:10B92000ACA9002041F50100A0A200200C4B416809
:10B93000994210B5044601D005F054FEA168094BA8
:10B94000994202D0204605F04DFEE168064B99422F
:10B9500004D02046BDE8104005F044BE10BD00BF35
:10B9600088740120F0740120587501202DE9F843F6
:10B97000314A324C3249DFF8DC90DFF8DC80314F5D
:10B980001160002504232946082204F15C00C4E963
:10B9900003352D4EA560C4E90055C4E9055565661B
:10B9A00000F05AF904F15800C4E90749C4E90987CD
:10B9B000E66200F08BFC2946244B6367082204F101
:10B9C000C400C4E91A55C4E91E552567C4F8CC5013
:10B9D000C4F8805000F040F904F1680304F1C0009D
:10B9E000C4F88430C4E92298C4E9247600F06EFCDF
:10B9F000174BC4F8DC30294604F596700822C4E9D8
:10BA00003455C4E93855C4F8D850C4F83451C4F892
:10BA1000E85000F021F904F1D003C4E93D87C4F8EF
:10BA2000F09004F59470C4F8FC60C4F8EC30BDE804
:10BA3000F84300F04BBC00BFC075012088740120A2
:10BA40007198010045980100699801000900010002
:10BA500012000200DD9701000598010010B50446B0
:10BA60000A4800F037FC636B23B9094B094A1B688D
:10BA7000626323B1BDE81040044800F02DBCFFF71D
:10BA800075FFBDE81040014800F026BC507401204D
:10BA9000C075012089980100014800F01BBC00BF5F
:10BAA00050740120014800F017BC00BF5074012001
:10BAB000032A11D8002A3BD0013A431E013902441F
:10BAC00001E09A4234D013F8010F11F801CF60451C
:10BAD000F7D0A0EB0C00704710B541EA0004A407B2
:10BAE00084460B460FD0013A431E0139024401E05F
:10BAF0009A421BD013F8010F11F801CF6045F7D01F
:10BB0000A0EB0C0010BDDCF80040D3F800E0744559
:10BB10001946604603F104030CF1040CE3D1043A26
:10BB2000032AF0D860461946002ADCD1002010BD57
:10BB300000207047884270B531D98B1883422ED9C6
:10BB4000032A00EB02011DD941EA030C1CF0030F8C
:10BB50001D4618D14FEA920C0CF1FF36A1EB8C0474
:10BB60008C4653F804ED4CF804EDA445F9D1C6EB2E
:10BB7000867301EB830105EB830CACF104030439FC
:10BB800002F0030252B102F1FF3C6FEA0C0C9C443C
:10BB900013F8012D01F8012D6345F9D170BD032A79
:10BBA00050D941EA00039B074ED10F2A51D922F008
:10BBB0000F0301F1100601F1100C103B203100F1D0
:10BBC000100E19445CF8104C4EF8104C5CF80C4CFC
:10BBD0004EF80C4C5CF8084C4EF8084C5CF8044CE1
:10BBE0004EF8044C0CF1100C8C450EF1100EE9D1FE
:10BBF000F11812F00C0F034402F00F0503F11003CB
:10BC000025D025F0030CACF1040426461A1F1C199C
:10BC10008C465CF804EB42F804EFA242F9D10431FF
:10BC200004333144334405F00302002AB6D0013A0C
:10BC30000132013B0A4411F801CB03F801CF9142D4
:10BC4000F9D170BD0346F0E7013A0346F0E72A4612
:10BC5000EBE703461546D4E730B58407864603462E
:10BC600006D0A2B303F8011B980702F1FF32F8D106
:10BC7000032A26D95FFA81FC0CEB0C2C0F2A0CEB63
:10BC80000C402AD922F00F0C9C44C3E90000C3E900
:10BC9000020010336345F8D112F00C0F02F00F04CC
:10BCA00017D04FEA940C0CF1FF351A4603EB8C0CBD
:10BCB00042F8040B6245FBD1043304F0030203EBAA
:10BCC000850322B11A4403F8011B9A42FBD1704646
:10BCD00030BD2246002AF5D1F9E71446E1E700BF5E
:10BCE0008AB340EA01039B0730B504468E4618D15B
:10BCF000032A07D815E0043A23D01CF0803F20D156
:10BD0000032A26D92368DEF80050A3F10131AB42A3
:10BD100021EA030C2046714604F104040EF1040EDE
:10BD2000E9D003780C78A3420FD1013A024406E02F
:10BD30006BB110F8013F11F8014FA34205D19042B9
:10BD4000F6D1002030BD10467047181B30BD184694
:10BD500030BD20467146E4E710B50446084383072A
:10BD600001D1032A19D8A44601F1FF3E07E01EF8CD
:10BD7000011F03F8011B501E31B19C460246634669
:10BD8000002AF4D1204610BD94440028FAD003F8CC
:10BD9000011B6345FBD1204610BD0B46A446186825
:10BDA0001946A0F1013323EA000313F0803F01F1AB
:10BDB0000403D9D1043A032A4CF8040BEFD81946EE
:10BDC000D2E700BF014B93F81002704750A7002044
:10BDD00013460A460146022000F0F0BA38B5074C77
:10BDE0000023054608462360F4F76CFA431C00D094
:10BDF00038BD2368002BFBD02B6038BDE0750120D7
:10BE0000B7EEC00A002305F0D9BD00BF38B58C4697
:10BE1000084C114605461A46604600232360F4F795
:10BE20005DFA431C00D038BD2368002BFBD02B608B
:10BE300038BD00BFE075012038B58C46084C11466E
:10BE400005461A46604600232360F4F739FA431C7E
:10BE500000D038BD2368002BFBD02B6038BD00BF5D
:10BE6000E075012038B5074C0023054608462360DD
:10BE7000F4F70EFA431C00D038BD2368002BFBD02A
:10BE80002B6038BDE075012038B58C46084C114652
:10BE900005461A46604600232360F2F745FE431C20
:10BEA00000D038BD2368002BFBD02B6038BD00BF0D
:10BEB000E0750120014B1868704700BFB8A9002049
:10BEC000082802D14FF48050704708B5FFF7F2FF01
:10BED000162303604FF0FF3008BD00BF00000000D4
:10BEE0000000000002780B78012A28BF9A4240F037
:10BEF000D8806DE9044540EA0104CDE902676FF09E
:10BF0000000C4FEA44721AB380EA010414F0070FE0
:10BF10006BD100F0070420F0070004F0030521F0C6
:10BF200007014FEAC505F0E8042314F0040FF1E817
:10BF300004670CFA05F462EA040266EA04060BD010
:10BF400063EA0403624667EA0407664604E000BF4A
:10BF5000F0E80423F1E8046782FA4CF582EA06046B
:10BF6000A4FA8CF46CBB83FA4CF583EA0705A5FAB6
:10BF70008CF595B950E9022351E9026782FA4CF534
:10BF800082EA0604A4FA8CF483FA4CF583EA0705E6
:10BF9000A5FA8CF52543DBD09CB92DBAB5FA85F40A
:10BFA00024F0070427FA04F1DDE9026723FA04F319
:10BFB00003F0FF0001F0FF01FDE80445A0EB0100E4
:10BFC000704724BAB4FA84F424F0070426FA04F182
:10BFD000DDE9026722FA04F202F0FF0001F0FF013E
:10BFE000FDE80445A0EB0100704714F0030F3CD1BD
:10BFF00010F0030428D150F8082B51F8083B82FABE
:10C000004CF582EA0305A5FA8CF55DB950F8042CCD
:10C0100051F8043C82FA4CF582EA0305A5FA8CF546
:10C02000002DE8D02DBAB5FA85F424F0070423FAE0
:10C0300004F122FA04F202F0FF0001F0FF01FDE832
:10C040000445A0EB010070474FEAC40420F0030050
:10C0500050F8082B21F0030151F8083B0CFA04F4C6
:10C0600062EA040263EA0403C9E710F003041DD086
:10C07000A1EB040120F00300E40750F8042B06D0E4
:10C0800012D28B785FFAA2F4E41A06D12BB1CB78E6
:10C090005FFAB2F4E41A00D133B920465DF8104BD0
:10C0A0007047A2EB0300704701F1040150F8042B24
:10C0B000CC0721F0030151F8043B48D824D222F0E8
:10C0C0007F4482FA4CF594EA1325A5FA8CF50AD13F
:10C0D00065B951F8043B84EA0204B4EB036F0ED156
:10C0E00050F8042BEBE74FEA132355E035F07F457A
:10C0F0004DD10878FDE80445C0F1000070474FEAD3
:10C10000126203F0FF0347E002EA1C4482FA4CF596
:10C1100094EA1345A5FA8CF50AD165B951F8043BA8
:10C1200084EA0204B4EB034F0CD150F8042BEBE784
:10C130004FEA134330E015EA1C4528D10B884FEA3B
:10C14000124229E04FEA124203EA1C4324E002F0C3
:10C15000FF0482FA4CF594EA1365A5FA8CF50AD12E
:10C1600065B951F8043B84EA0204B4EB032F09D10A
:10C1700050F8042BEBE74FEA13630DE015F0FF0FC7
:10C1800005D10B684FEA122223F07F4304E04FF001
:10C190000000FDE80445704712BA1BBA82FA4CF45D
:10C1A00082EA0304A4FA8CF5B5FA85F402FA04F2E3
:10C1B00003FA04F34FEA1260FDE80445A0EB1360B4
:10C1C000704700BF80EA0102844612F0030F4FD18E
:10C1D00011F0030F32D14DF8044D11F0040F51F856
:10C1E000043B0BD0A3F101329A4312F0803F04BF0D
:10C1F0004CF8043B51F8043B16D100BF51F8044BF6
:10C20000A3F101329A4312F0803FA4F101320BD125
:10C210004CF8043BA24312F0803F04BF51F8043BAA
:10C220004CF8044BEAD023460CF8013B13F0FF0F07
:10C230004FEA3323F8D15DF8044B704711F0010F3A
:10C2400006D011F8012B0CF8012B002A08BF70470B
:10C2500011F0020FBFD031F8022B12F0FF0F16BF02
:10C260002CF8022B8CF8002012F47F4FB3D17047CA
:10C2700011F8012B0CF8012B002AF9D1704700BFEF
:10C2800070B50E4E0E4DAE4208D0761BB61000248F
:10C2900055F8043B01349847A642F9D8094E0A4D97
:10C2A00008F064FFAE4208D0761BB610002455F8A3
:10C2B000043B01349847A642F9D870BDF01D0060D8
:10C2C000F01D00604C1E0060F01D0060704700BF54
:10C2D000704700BF704700BF704700BF00000000FC
:10C2E0000000000030B490F800F020F007016FF07B
:10C2F000000C10F0070491F820F040F048804FF057
:10C3000000046FF00700D1E9002391F840F000F13C
:10C31000080082FA4CF2A4FA8CF283FA4CF3A2FAE7
:10C320008CF34BBBD1E9022382FA4CF200F10800F6
:10C33000A4FA8CF283FA4CF3A2FA8CF3E3B9D1E9B4
:10C34000042382FA4CF200F10800A4FA8CF283FA7A
:10C350004CF3A2FA8CF37BB9D1E9062301F1200159
:10C3600082FA4CF200F10800A4FA8CF283FA4CF342
:10C37000A2FA8CF3002BC6D0002A04BF04301A4660
:10C3800012BAB2FA82F200EBD20030BC7047D1E9A7
:10C39000002304F00305C4F100004FEAC50514F0C2
:10C3A000040F91F840F00CFA05F562EA05021CBF93
:10C3B00063EA050362464FF00004AAE7F0B51D4C9E
:10C3C00083B005462068019116461F46FFF782FF9D
:10C3D000194A0199136823B35A6820681F2A23DC7D
:10C3E0004DB9541C02325C6043F82210FFF774FF11
:10C3F000002003B0F0BD03EB820E0124CEF888606C
:10C40000D3F88861944046EA040C022DC3F888C131
:10C41000CEF80871E5D1D3F88C512543C3F88C517F
:10C42000DFE7064B1360D7E7FFF756FF4FF0FF300B
:10C43000DFE700BF44A70020B4720120B8720120DA
:10C44000000000009FED010B704700BF00000000DE
:10C450000000F87F9FED010A704700BF0000C07F19
:10C46000F8B5064608200C46FFF72AFD0746304679
:10C47000FDF716FF224A93685D6825F00305A5F1D4
:10C4800011031C1B3C44B4FBF7F4013C07FB04F410
:10C49000A74208DC00213046FFF7E4FC184A936805
:10C4A0002B44984204D03046FDF700FF0020F8BD31
:10C4B00061423046FFF7D6FC0130114A0DD01149D8
:10C4C00093682D1B45F001055D600B6830461B1B12
:10C4D0000B60FDF7EBFE0120F8BD00213046FFF7B1
:10C4E000C1FC074A9268831A0F2BDCDD43F001037D
:10C4F0005360054B03491B68C01A0860D3E700BFAF
:10C50000989E002054740120A4A90020002965D021
:10C510002DE9F0410C460746FDF7C2FE54F804EC45
:10C520007D49A4F1080C2EF001030CEB03028D6889
:10C530005068954220F003000EF0010600F08B8059
:10C54000151850606D6805F00105A846AEBB54F89B
:10C55000084CACEB040C2344DCF8084001F1080E55
:10C5600074456BD0DCF80C50E560AC60B8F1000F9E
:10C5700000F08C8043F00100CCF804001360B3F5A8
:10C58000007F35D2DA0848685C090132012312B213
:10C59000A34003434B6051F83200CCF8080001EB94
:10C5A000C203083BCCF80C3041F832C0C0F80CC0D4
:10C5B0003846BDE8F041FDF779BE85B9034401F185
:10C5C000080E9068704543F001047AD0D268C260CA
:10C5D0009060CCF804404CF80330D0E770474EF040
:10C5E0000102B3F5007F44F8042C4CF80330C9D3A2
:10C5F000B3F5206F4FEA53204AD2980900F139026F
:10C6000012B200F13804D20088188A5808389042D3
:10C6100003D15FE09268904204D0516821F0030199
:10C620009942F7D8D068CCE90220C0F808C0384653
:10C63000C2F80CC0BDE8F041FDF738BEA5BB1844F8
:10C64000D2E90223D3609A6040F00103CCF80430B1
:10C650004CF80000ACE7184446B954F8083CACEB81
:10C66000030C1844DCE90223D3609A6040F0010314
:10C67000CCF80430294BC1F808C01B68834297D816
:10C68000274B38461968FFF7EBFE91E7034498E71C
:10C6900014280FD9542824D8180B00F16F0212B2B5
:10C6A00000F16E04D200AFE743F00101CCF80410B2
:10C6B00013607DE700F15C0212B200F15B04D2006E
:10C6C000A2E7C1E904CCCCE902EECCF804404CF876
:10C6D00003306DE7A4100123A3404C6823434B6053
:10C6E000A1E7B0F5AA7F07D8D80B00F1780212B203
:10C6F00000F17704D20087E740F25452904206D806
:10C70000980C00F17D0200F17C04D2007CE74FF42C
:10C710007E727E2478E700BF989E0020A8A90020A2
:10C72000847401202DE9F041D0F810E0BEEB611FC8
:10C7300005DC0023036100234361BDE8F08100F1C3
:10C7400014044E1111F01F0C04EB8E0504EB86034C
:10C7500027D054F8261004339D4221FA0CF137D922
:10C76000CCF1200827461A6802FA08F20A4347F873
:10C77000042B53F8041B9D4221FA0CF1F3D8AEEBC5
:10C78000060E4FEA8E0EAEF1050E4FEA9E02231DF5
:10C790002EF0030E43F822109E4489B10EF1040ED0
:10C7A0000EE09D4288BF00F11002C2D953F8041B6D
:10C7B00042F8041F9D42F9D8AEEB060E04EB8E0E34
:10C7C000AEEB04039B10A6450361B4D0BDE8F08135
:10C7D00041610029ADD0A646E0E700BF2DE9F04F4A
:10C7E0008946096892468A7885B0302A009002937B
:10C7F00040F01C82CB1C1A78302A1C4603F101033E
:10C80000F9D0A4EB0108A8F10208B04EB35C002BEC
:10C8100000F0EE802378F25C00231D46002A00F031
:10C820006F81274617F8012FB25C002AFAD1A84978
:10C83000019301223846FFF753FA019B83460028F3
:10C840004FD03A78002D00F0C781A5EB070B4FEAD7
:10C850008B0B02F0DF02502A3D464FD0C9F8007022
:10C86000002B74D12A1B013A072A194604DD521005
:10C87000072A01F10101FADC009804F05FF8814613
:10C88000002800F0988200F11407AC42019780F074
:10C890000082A1464FF00008039000240CE0202CF9
:10C8A00019D0214604342A78B25C02F00F028A4083
:10C8B00048EA02084D4553D015F8012D2E2AEED135
:10C8C0004D45ECD3824901222846FFF709FA00289A
:10C8D000F0D0202CE5D1002147F8048B04248846B1
:10C8E000E1E7002D00F095813A7802F0DF02A5EB38
:10C8F000070B502A4FEA8B0B3D46AFD16A782B2AA3
:10C9000000F068812D2A40F0E5800120AA78B15C12
:10C910004A1E182A05F1020700F2E5807A78B25C17
:10C920001039013752B90BE001EB810102EB4102F2
:10C93000A2F1100117F8012FB25C0AB1192AF3DD38
:10C9400000B149428B44C9F80070002B8AD0B8F17D
:10C95000000F0CBF06240024204605B0BDE8F08F70
:10C96000DDF80C9047F8048B019BFF1ABB10404682
:10C97000C9F8103004F0BCF8DAF80050C0EBC7007A
:10C98000A84255DCC0F22A81DAF808305B45C0F2D3
:10C990001881DAF804309B4580F2A780A3EB0B0BDB
:10C9A000AB4570DA0BF1FF34002C40F08581264650
:10C9B0006311019A04F01F0452F823200123A340BD
:10C9C0001342A5EB0B055946484600F08481FFF75A
:10C9D000A9FEDAF80C40DAF804B0022C00F0398134
:10C9E000032C00F09281012C00F08B8112247DE059
:10C9F000374901222046FFF773F90346002840F02B
:10CA000081806278B15C651C00297DD0302A2C467B
:10CA100040F07D8114F8013F302BFBD0F25CB2FA7C
:10CA200082F34FF001085B09002A7FF4FAAE67E059
:10CA3000441B2146484604F0BBFC064678B1621E02
:10CA400053110199012651F8231002F01F0306FA31
:10CA500003F30B4203D0B24200F334810226214695
:10CA60004846FFF75FFEDAF80830A3445B45C0F2A2
:10CA7000A880DAF804305B4540F3DC80A3EB0B0BB5
:10CA80005D4500F30A81DAF80C20022A44D0032A1B
:10CA900000F02B81012A42D1AB4540D1BBF1010FFF
:10CAA00008D00BF1FF31484604F082FC002836D054
:10CAB000DAF8043002990B60019B0122C9F81020BA
:10CAC0001A600E9B6224C3F8009045E7582D0020A1
:10CAD000E8260020B15C4A1E182A05F101074FF034
:10CAE00000007FF61BAF2F46B8E601240E9BC3F86B
:10CAF0000090029B2046C3F800B005B0BDE8F08F5F
:10CB0000274694E62278254602F0DF02502A00F0FC
:10CB1000E880C9F800501AE70F9A002ACAD0009896
:10CB2000494603F035FF50240E9A00232046136037
:10CB300005B0BDE8F08FD9F808309E4280F2EA8057
:10CB400009EB8602731C0121022CC9F81030DDF8B4
:10CB50000480516100F0CE80002B40F3008108EB8F
:10CB6000830409F11801D9F814308C424FEA5303B9
:10CB700040F2158140460A6843EAC27340F8043B1C
:10CB800051F8043B8C424FEA5303F4D8A4EB09025A
:10CB9000193A08F10401900822F0030241F820300C
:10CBA0000A4403B10432A2EB08039B104245C9F8C2
:10CBB000103000F0D780DAF808300BF1010B5B453C
:10CBC00065DA0098494603F0E3FE0E9A0023A32499
:10CBD0001360C1E6002099E6AB463AE62C1A4946B6
:10CBE0000098224604F03CF9DAF80830ABEB040B6D
:10CBF0009B458146E5DCDAF804309B45BFF675AF0E
:10CC0000A3EB0B0B00F11402AB450192BFF63BAF57
:10CC1000C8E67A78B15C7D1C2F4600293FF419AE36
:10CC200017F8012FB15C0029FAD10EE68C1C4FF0E9
:10CC30000008EAE50124002E3FF458AFDAF80C3082
:10CC4000022B06D0032B08D0012B2DD044F010046A
:10CC50004CE70F9BC3F101030F930F9B002BF5D003
:10CC6000019AD9F81060904602EB8600002104E09A
:10CC700042F8041B90427FF65EAF13685F1CF7D04A
:10CC80000133022C136035D015F01F056ED121241D
:10CC90002CE7019F4FF0000864E60BF1FF34002EF3
:10CCA0003FF482AE012683E6B207CFD5019B1B6815
:10CCB0001E43F307D4D4C9E72146484604F078FB65
:10CCC000064675E6A11E484604F072FB00283FF4B4
:10CCD000C5AE0326C3E6FFF725FD0224DAF804B04B
:10CCE000A9E74FF0000B012308E60F9A002A7FF412
:10CCF000E1AE14E7DAF80030013BAB4243D0222426
:10CD0000F4E646F002060224D0E70224A5E74FF03D
:10CD1000010886E5D9F804100098013103F00EFEF1
:10CD20000746002841D0D9F8103002339A0009F1A3
:10CD30000C010C30F2F776FE4946009803F028FE0D
:10CD40003B69012107EB8302022C0B443B6107F195
:10CD500014085161B946CDD09E4295DAFCE6002315
:10CD6000C9F810300023C9F8143024E708EB860610
:10CD7000C5F1200556F8040C03F0BAFEA84286DA85
:10CD8000D9F81030E8E66B1105F01F0558F823209C
:10CD90000123AB40134214BF21242224A6E6C8F885
:10CDA0000030002BDBD04246FCE6064B06483A46F4
:10CDB000842105F0EFF8034B03484A46E42105F0CF
:10CDC000E9F800BFFC270020102800200139036883
:10CDD00011F8012F03F1010CA2B100B502E011F826
:10CDE000012F5AB11CF8013BA3F1410EBEF1190FFE
:10CDF00098BF20339342F2D0002000BDC0F800C09D
:10CE0000012000BDC0F800C0012070472DE9F04F9F
:10CE10000B6815465A1105EB820213F01F0385B00B
:10CE20000CBF904602F10408009382460CBF131F0A
:10CE300013460268002048F8040C5178002900F0DD
:10CE4000B3801C469C46CDF804A00B46654E864632
:10CE50000132814682464746214610E0202B00F2EF
:10CE60009D80504508DDA44502D2BEF1070F68DD64
:10CE700065455DD34FF0080E12F8013FCBB116F8AF
:10CE80000380B8F1000FE9D00EF1010EBEF1080FDA
:10CE900000F1010041DCDCF800304FEA031B08F030
:10CEA0000F0848EA0B03CCF8003012F8013F002BC2
:10CEB000E5D1B8460B46002876D0A44502D2BEF193
:10CEC000070F79DD65455AD2291F624652F8040BD7
:10CED00041F8040F9A42F9D9A3EB0C02591C22F035
:10CEE00003020CF1010C8C4588BF0022291D0A4465
:10CEF0000020114604329A420860FAD958F8041CFE
:10CF000019B106E053F8042D1AB99D42FAD1012354
:10CF10002B60052005B0BDE8F08F6545ACD24CF81C
:10CF2000049C4FF0000BACF1040C4FF0010EB6E77F
:10CF3000ACF104044CF8049C8246A4464FF0000E69
:10CF40009AE7CEF1080E4FEA8E0ECDE902C7DCF863
:10CF50000030E046CEF1200B9446D8F8042002FAC7
:10CF60000BF71F4322FA0EF3C8F8007048F8043F8D
:10CF7000A045F2D36246039FDDF808C078E7009A27
:10CF800058F8041C002ABBD0C2F120024FF0FF3039
:10CF900020FA02F2114048F8041CB1E7292BDDF811
:10CFA00004A0B8460B4603D0042005B0BDE8F08FBE
:10CFB0000132CAF800207EE7CEF10802DCF800104A
:10CFC0009200C2F1200E66460846776807FA0EF115
:10CFD000014327FA02F0316046F8040FA642F4D369
:10CFE00070E700BF582D002082B049B15AB16BB133
:10CFF00013780B601278101E18BF012002B0704722
:10D0000001A9002AF3D1104602B070476FF0010069
:10D01000F4E700BF2DE9F04F2DED028BD1B00C46A7
:10D02000079190460993824604F0C4FC036811936B
:10D030001846FFF757F908221090002120A8FEF7A4
:10D040000BFEA389180603D52369002B01F06E801F
:10D0500000239FED728BCDE92533CDE9143327AA48
:10D060000D932492174612931393059345462C462D
:10D070006C4BD3F8CC61FEF7A5FE20AA03460092C4
:10D080001AA922465046B047002800F09880C0F206
:10D090008E801A9A252A034601D01C44E8E7B4EB97
:10D0A0000508064640F08F8000234FF0FF328DF8D0
:10D0B0005F309B46069301342378049201349946ED
:10D0C000A9F120035A2B00F2AF80DFE813F0FE0233
:10D0D000AD00AD00FA02AD00AD00AD00DD02AD0067
:10D0E000AD00A802B702AD00B302C002AD00BC02A1
:10D0F0005B005B005B005B005B005B005B005B0058
:10D100005B00AD00AD00AD00AD00AD00AD00AD0009
:10D110002101AD009C01AC03210121012101AD00E1
:10D12000AD00AD00AD00A803AD00AD000803AD003B
:10D13000AD00AD007302AD006103AD00AD00980716
:10D14000AD00AD00AD00AD00AD00AD00AD00AD0077
:10D150002101AD009C018701210121012101ED0385
:10D1600087016C00AD000804AD00F8033D04130412
:10D170006C00AD0073026A008303AD00AD00FB07D5
:10D18000AD006A00A9F13003002214F8019B02EB04
:10D19000820203EB4202A9F13003092BF5D9069272
:10D1A0008EE723788AE723784BF0200B86E7082266
:10D1B000002120A8FEF750FD01231C4458E7B4EBE2
:10D1C0000508064610D02599269B013143440729BE
:10D1D000C7E900582693259117DC0837059B43447F
:10D1E0000593002E7FF460AF269B002B41F0038354
:10D1F000079B9B8903F04003002B41F0CF860598E5
:10D2000051B0BDEC028BBDE8F08F079924AA5046BF
:10D2100004F0AEF90028EBD127AFDFE700000000F3
:10D220000000000050A70020B9F1000FDCD000235F
:10D23000CDE90B3301228DF8DC908DF85F30089337
:10D240000A9204930E9337AD0292269A1BF0840340
:10D25000904600F005819DF85F1009B3DDF894C099
:10D2600000260CF1010101200132786007290DF13F
:10D270005F00CDE92512386000F33E8408377EB1A7
:10D28000DDF894C00CF1010118A8023238600729BA
:10D290004FF00200CDE92512786000F320840837B2
:10D2A000802B00F06583049B0A995E1A002E00F320
:10D2B000E8801BF4807F40F021810A9B7B601A4448
:10D2C000259B3D600133072B2692259300F3BC83F9
:10D2D00008371BF0040F05D0069B02995D1A002D3C
:10D2E00000F31884DDE9053102988142ACBF5B1878
:10D2F0001B180593002A40F0778300232593089B91
:10D300001BB108995046FFF701F927AF2546AEE655
:10D31000099B073323F00703B3EC028B9FEDA17B3E
:10D32000B0EEC86BB4EE476BF1EE10FA099300F360
:10D330003986B4EE488BF1EE10FA81F14685B9F1E9
:10D34000610F01F07A83B9F1410F01F07084049B01
:10D35000013301F07F82B9F1670F18EE903A4BF478
:10D36000807801F0F584B9F1470F01F0F1840023D2
:10D37000089318EE903A002BC1F20885B0EE487B76
:10D380000026A9F14103252B01F2DD81DFE813F02E
:10D39000A50CDB09DB09DB09700ADD0ADB09DB0907
:10D3A000DB09DB09DB09DB09DB09DB09DB09DB095D
:10D3B000DB09DB09DB09DB09DB09DB09DB09DB094D
:10D3C000DB09DB09DB09DB09DB09DB09DB09DB093D
:10D3D000A50CDB09DB09DB09700ADD0A1BF0200F55
:10D3E00040F0DE85099A1BF0100F52F8046B41F0F3
:10D3F0001C861BF0400F099201F08E8046F3C03866
:10D40000434636B21FE2B9F1430F03D01BF0100FB1
:10D4100000F065860822002122A8FEF71DFC099A6B
:10D4200037AD126822AB2946504604F021FD0A9020
:10D43000013001F0AE850A9B23EAE3730293099B56
:10D44000269A043309930023CDE90B338DF85F301E
:10D45000089304930E931BF0840390467FF4FBAE75
:10D460000699029E8E1B002E00F321849DF85F100A
:10D4700000297FF4F3AE049B0A995E1A002E7FF711
:10D4800018AF4A49259B0F91102E27DD39464FF0E2
:10D49000100837462E462546079C04E0103F102F03
:10D4A00001F1080116DD013340481032072BC1E9B4
:10D4B0000008CDE92532F1DD24AA2146504604F0CA
:10D4C00057F8002840F09882103F102FDDE92532F0
:10D4D00027A9E8DC2C4635463E460F4601330F9916
:10D4E00039603244072BCDE925327E6000F3648435
:10D4F0001BF4807F07F108073FF4DFAEB9F1650F39
:10D5000040F3AC82B5EE408BF1EE10FA40F052835E
:10D51000259B27493960013301320121072B2692CF
:10D520002593796000F37F870837199B0D998B420B
:10D5300080F2EB84109B11991A44C7E90013259BD4
:10D5400026920133072B259300F3D38508370D9BD3
:10D550005D1E002D7FF7BDAE1449259B0F91102D48
:10D5600040F39787A146DDF81C8010260C4604E0A6
:10D570000837103D102D40F38B8701331032072BF5
:10D58000C7E90046CDE92532F2DD24AA41465046DE
:10D5900003F0EEFF002840F02F82DDE9253227AFAF
:10D5A000E7E700BFFFFFFFFFFFFFEF7F749E002054
:10D5B00094230020DDF8248058F8045B00238DF8C4
:10D5C0005F30002D00F0A185B9F1530F00F03787CF
:10D5D0001BF010030B9340F03287049B002BC1F229
:10D5E000FC801A460B99284604F0C4FB9DF85F3076
:10D5F0000890002801F04884089A521B0A9222EAF7
:10D60000E27202920BB1013202920B9BCDF82480A0
:10D6100004930E930C9308934FF0730915E6099B3E
:10D6200053F8042B0692002A80F27584069A099317
:10D630005242069223784BF0040B3FE52B238DF8E2
:10D640005F3023783AE523784BF0800B36E52146AE
:10D6500011F8019BB9F12A0F01F09084A9F1300370
:10D66000092B98BF002201F2DD8211F8019B02EB29
:10D67000820203EB4202A9F13003092BF5D942EAF9
:10D68000E27304930C461BE5504604F093F943689B
:10D6900013931846FEF726FE15900646504604F0F2
:10D6A00089F9826823781492002E3FF407AD002A8E
:10D6B0003FF404AD1278002A3FF400AD4BF4806BC8
:10D6C000FCE423784BF0010BF8E49DF85F2023780D
:10D6D000002A7FF4F3AC20228DF85F20EEE41BF0EB
:10D6E000200F4BF0100000F02884099B073323F033
:10D6F00007031A46596852F8083B099200228DF830
:10D700005F20049A002A18DB53EA010220F4906B90
:10D7100015D1049A9AB910F001031A46029300F049
:10D72000738630238DF83F31049B0A92CDE90B3389
:10D730000E9308930DF23F1587E520F4806B50ADF2
:10D7400003F00702DB0843EA4173C908303253EAA9
:10D750000106284605F8012DF2D11BF0010F00F05B
:10D760001582302A00F012823023049905F8013C1A
:10D77000023850AB1B1A99424FF00002B8BF19464D
:10D78000CDE90B2208920A93054602910E925CE5C0
:10D790001BF0200F4BF0100121D1099B1A1D099B92
:10D7A00004981B684FF0000840458DF85F801E46C6
:10D7B00059DB21F0800B002B40F08C85099200286A
:10D7C00040F0E983CDE90B000A900E90029008909A
:10D7D00050AD3AE51BF0200F00F0BE835946099B7F
:10D7E000073323F0070200238DF85F30049BD2F843
:10D7F000048052F8086B0992002B35DB56EA0803C7
:10D8000021F0800B31D1049B002B40F0C483CDE983
:10D810000B330A930E930293089350AD15E52378CA
:10D820004BF0080B4AE41BF0200F4BF0100300F004
:10D830007A83099A073222F007029B46536852F80E
:10D84000086B09929846002BC0F2C282049A002A03
:10D850000BDB56EA08032BF0800B06D1002A00F000
:10D860004187302607E009928B460A2E78F10003A3
:10D8700080F0BF823036049A9DF85F308DF83F61AA
:10D88000012AB8BF0122029201220A920DF23F152D
:10D89000002B01F06D83029B013302930023CDE93D
:10D8A0000B3308930E93D0E42378682B03BF63787F
:10D8B0004BF4007B01344BF0400BFFF7FFBB099AA0
:10D8C0001BF0200F02F1040300F088831268059911
:10D8D0001160C917516009932546FFF7C8BB23782B
:10D8E0006C2B03BF63784BF0200B01344BF0100B13
:10D8F000FFF7E4BB099A049E52F8041B002047F688
:10D9000030038642ADF860308DF85F000B46C0F200
:10D91000DB832BF0800545F0020B002940F0D68315
:10D92000002E00F0E686099230230122CDE90A217B
:10D930000E918DF83F3102960DF23F154FF07809A8
:10D940008E4608910C91A5E31BF0200F40F0258333
:10D95000099A1BF0100F52F8043B41F05E831BF054
:10D96000400F00F0E9859BB2099258460021C5E6B8
:10D97000069B02995E1A002E7FF795AC8B49259B7A
:10D980000F91102E24DD38464FF010082F4619460F
:10D990002546864C04E0103E102E00F1080013DDF1
:10D9A000013110320729C0E90048CDE92512F2DD26
:10D9B000079924AA504603F0DBFDE8B9103E102E6B
:10D9C000DDE9251227A8EBDC2C460B463D46074631
:10D9D00001330F9939603244072BCDE925327E603F
:10D9E00000F3638508375EE4079924AA504603F0E4
:10D9F000BFFD00283FF481AC089B002B3FF4F8AB3F
:10DA000008995046FEF782FD079B9B8903F040036F
:10DA1000FFF7F2BB109B11991A44C7E90013259B2D
:10DA200026920133072B259300F3068707F108019F
:10DA30000028C1F21E810D980D6001330244072BAE
:10DA4000CDE92532486046DD079924AA504603F007
:10DA50008FFD0028D0D1269A27AF3AE40D98259B58
:10DA6000012802F1010203F1010307F1080140F36B
:10DA700064810120072BCDE925323D60786000F3F9
:10DA80002C821098119E01330244072BC1E90060DB
:10DA9000CDE9253200F32D8208310D98B5EE408B8B
:10DAA000F1EE10FA00F1FF3600F05F81013301352D
:10DAB0003244072BCDE925320D604E6000F34981D9
:10DAC00008311298486001330244072B1CA8CDE9A5
:10DAD00025320860B8DC01F10807FFF7FABB0799A7
:10DAE0000F9324AA504603F043FD002884D1269AC0
:10DAF0000F9B27AFFFF7D4BB07990F9324AA50467B
:10DB000003F036FD00287FF477AF269A0F9B27AFEE
:10DB1000FFF7B5BB102D259B41F3D580A046DDF85E
:10DB20001C90234C102604E0103D102D07F108072F
:10DB300015DD01331032072BC7E90046CDE9253248
:10DB4000F2DD24AA4946504603F012FD00287FF476
:10DB500053AF103D102DDDE9253227AFE9DC21461A
:10DB60004446884601332A44072BC7E90085CDE99E
:10DB700025327FF7B7AB079924AA504603F0F8FC8B
:10DB800000287FF439AF269AFFF7ACBB049950AA5E
:10DB9000521B91424FF00003B8BF1146CDE90B3341
:10DBA00008930A9202910E93FFF74FBB749E0020D8
:10DBB000D44900201998002840F300840B9B0D994C
:10DBC0008B42A8BF0B46002B98460ADD1A44C7E9D2
:10DBD0000053259B26920133072B259300F3B4872E
:10DBE00008370B9EB8F1000FA8BFA6EB0806002E61
:10DBF00000F3AB820B9B1BF4806F03EB050940F035
:10DC0000CA82199B0D998B4203DB1BF0010F00F0B8
:10DC10007D85109911980A44C7E90001259926923B
:10DC200001310729259100F39B8708370D996E185C
:10DC3000A6EB0906CD1AAE42A8BF2E46002E0BDD7C
:10DC4000259BC7F8009001333244072B7E60269253
:10DC5000259300F3D3870837002EA8BFAD1B002DF6
:10DC60007FF737ABB949259B0F91102D40F31184F5
:10DC7000A146DDF81C8010260C4604E00837103D54
:10DC8000102D40F3058401331032072BC7E90046FD
:10DC9000CDE92532F2DD24AA4146504603F068FC66
:10DCA00000287FF4A9AEDDE9253227AFE7E7259903
:10DCB000102E404640F361870F943A46A846079CD1
:10DCC000A34D1F4604E0103E102E02F1080216DD9F
:10DCD0000131103010230729CDE92510156053605C
:10DCE000F1DD24AA2146504603F042FC00287FF4CF
:10DCF00083AE103E102EDDE9251027AAE8DC3B4656
:10DD00000F9C17462A464546904601F1010C3218F1
:10DD1000BCF1070FCDE925C2C7F800807E6000F393
:10DD200036839DF85F100837002940F0F880002BFB
:10DD30003FF4B9AA0B46FFF7A5BA1BF0010F7FF419
:10DD400098AE0120072BCDE925323D6078607FF742
:10DD5000B8AE079924AA504603F00AFC00287FF4C5
:10DD60004BAEDDE9253227A9ABE60D9801287FF7F8
:10DD7000A8AE112875480F9040F3B783A046079FBF
:10DD80001025044604E00831103E102E40F3AC8309
:10DD900001331032072BC1E90045CDE92532F2DD10
:10DDA00024AA3946504603F0E3FB00287FF424AE52
:10DDB000DDE9253227A9E7E7079924AA504603F0B1
:10DDC000D7FB00287FF418AE269A27AFFFF771BA69
:10DDD0002D238DF85F30049B764268EB4808002BBA
:10DDE000FFF643AD0A2E78F100032BF0800BFFF411
:10DDF00041AD0294CDF8289050A9DDF850900897D5
:10DE00004FF0000C0BF4806426E016EB0803514839
:10DE100043F10003A0FB032020F0030202EB900279
:10DE20009B1AF31A4B484FF0CC32B646474602FBDA
:10DE300003F268F1000800FB0822A3FB0063BEF1B7
:10DE40000A0F13444FEA560677F10007294646EABF
:10DE5000C3764FEA53082DD33E4D16EB080343F12A
:10DE60000003A5FB032020F0030202EB90029B1AA3
:10DE7000F31AA3FB053268F1000005FB00225B08E2
:10DE800043EAC27303EB8303A6EB430330330CF185
:10DE9000010C01F8013C4D1E002CB6D099F8003061
:10DEA0006345B2D1BCF1FF0FAFD00A2E78F1000369
:10DEB00080F0B3830499029CCDF8509050AB5A1B6C
:10DEC0009142B8BF1146DDF82890089F9DF85F3059
:10DED000CDF834C00A920291DAE4079924AA504698
:10DEE00003F046FB00287FF487ADDDE9253227A942
:10DEF000C7E5079924AA504603F03AFB00287FF4AF
:10DF00007BADDDE9253227A9C7E51BF0010F3FF402
:10DF1000E0A9FFF70FBB09932378FFF7CFB81E46A0
:10DF20000023FFF79EB9099A0432099909920E68F5
:10DF30004FEAE6789B46434685E4099B1A1D099BF8
:10DF400009921B680021FFF7D9BB00BF749E002017
:10DF5000D4490020CDCCCCCC099A1BF0100052F84B
:10DF6000043B41F057801BF0400100F0A8818DF880
:10DF70005F009BB204994FF0000841451E46C0F275
:10DF8000A9812BF0800B002B40F0A481049B099207
:10DF9000002B3FF43CAC00266CE45846FFF7A5BBD1
:10DFA0005B4646E4B5EEC08BF1EE10FA2BF0800B29
:10DFB00000F11E839DF85F30B9F1470FCCBFA44D2F
:10DFC000A44D002B40F052870322CDE90B33089378
:10DFD0000A9204930E930292FFF737B91BF0100FC9
:10DFE00040F07C821BF0400F40F0A7831BF4007FC1
:10DFF00000F07482099A0599126811706BE4964ECC
:10E000001BF0200F00F07D81099B073323F00703ED
:10E010001A46586852F8083B09921BF0010140F07B
:10E020005C81049A8DF85F10002AC0F28B8153EA5C
:10E0300000022BF4906B00F0948103F00F02B25CAD
:10E040008DF83F211B0943EA0073020953EA1010BF
:10E050000DF23F150BD003F00F001B09305C05F8E3
:10E06000010D43EA0273120953EA0200F3D1049A44
:10E0700050AB4FF0000E5B1B9A42CDE90BEEB8BFE0
:10E080001A460A930292CDF820E0CDF838E0002934
:10E090003FF4DBA8029BDDE925C2023302931BF0AB
:10E0A00084039046614604D1069E0298361A002EDB
:10E0B00006DCBEF1000F3FF4E5A80226FFF7D1B859
:10E0C0000223F5E5654E9BE74BF0020B0992634E88
:10E0D00003F00F020221B25C4FF07809B0E7099B10
:10E0E0001B688DF8DC30012302930A9337ADFFF7EC
:10E0F000A6B9079924AA504603F03AFA00287FF4FB
:10E100007BAC269A27AFFFF722BA049B0895062B13
:10E1100028BF062302930A932B460495CDE90B33BF
:10E120004F4DCDF824800E93FFF78FB84021504615
:10E13000FBF7E0FD079B18601861002800F060877E
:10E14000079A40235361FEF783BF102E259B40F3AF
:10E150002E874448DDF81C800F9039464FF0100997
:10E16000074604E00831103E102E40F32B820133A5
:10E170001032072BC1E90079CDE92532F2DD24AA5E
:10E180004146504603F0F4F900287FF435ACDDE950
:10E19000253227A9E7E70D9BDDF83880CDF83CB0A4
:10E1A000EB1804930C9BDDF81CB00B94002B4E462F
:10E1B0003946DDF85090159F0E9531DDB8F1000F0E
:10E1C00040F32B8108F1FF382598139B01303A4426
:10E1D0000728C1E900372692259000F39F80083177
:10E1E000049B99F800009D1B8542A8BF0546002DA1
:10E1F0000CDD259801302A440728C1E900652692E4
:10E20000259000F35E8199F800000831002DACBF25
:10E21000441B0446002C14DC06440C9B002BCDDC74
:10E22000B8F1000FCEDCDDE90D35EB189E42CDF8DC
:10E2300050900B9CDDF83CB0B1460F4628BF994684
:10E24000DFE4102C2598074B2BDD10250A9310E0F6
:10E25000802800207C280020A02800208C28002076
:10E26000B4280020749E0020103C102C01F10801FD
:10E2700016DD0130AE4B10320728C1E90035CDE97B
:10E280002502F1DD24AA5946504603F071F9002811
:10E290007FF4B2AB103C102CDDE9250227A9E8DCA5
:10E2A0000A9B0B60013022440728CDE925024C600F
:10E2B00000F3588399F8000008310644ADE71BF4D9
:10E2C000007840F0328204998DF85F8000291E4664
:10E2D000BFF657AE0992FFF7C8BA53EA000237D02B
:10E2E00030228DF8602000228DF85F20049A8DF88E
:10E2F0006190002A23DB2BF4906242F0020B022192
:10E300009BE6099A1BF0100F52F8043B099214D1B6
:10E310001BF0400F0DD09BB200207EE624AA594688
:10E32000504603F025F900287FF466AB269A27A90A
:10E3300056E71BF4007F40F0F58100206DE64BF0BE
:10E34000020B022103F00F022BF4806BB25C77E624
:10E35000049B00218B428DF85F10C0F241812BF4A9
:10E36000906B049A002A00F0CB80012A33788DF854
:10E370003F31B8BF0122002302920122CDE90B33C5
:10E3800008930A920E930DF23F15FEF75EBF0799B0
:10E390000F9324AA504603F0EBF800287FF42CAB2F
:10E3A0009DF85F10269A0F9B002900F0AC801E4656
:10E3B000DDF894C0034627AFFEF753BF259B5D49A8
:10E3C0003960013301320121072B269225937960B0
:10E3D00000F37C81083700287FF41CAB0D990BF00B
:10E3E00001030B433EF475AF109B11991A44C7E922
:10E3F0000013259B26920133072B259300F31C82E3
:10E4000007F10801FFF717BB049B0A93CDE90B3313
:10E410000E93089350ADFEF718BF0C9B013B09F11A
:10E42000FF390C93D0E6079924AA504603F0A0F8D0
:10E4300000287FF4E1AA269A27AFFFF776B80822D2
:10E44000002122A81B95FDF707FC049B002B7DDB18
:10E4500000260294CDF82080344698460EE037A975
:10E46000504603F005FD411C204400F094844045D3
:10E4700009DC06F1040600F0008504461B9A925957
:10E4800022AB002AEBD10A94DDF82080029C6AE0DE
:10E490004C4601330F9939602A44072B7D60CDE942
:10E4A00025327EF715AFFFF7CFBA079924AA504659
:10E4B00003F05EF800287FF49FAA269A27AFFEF7A4
:10E4C000F2BE24AA5946504603F052F800287FF4C1
:10E4D00093AA99F80000269A27A997E6099A059920
:10E4E00012681160FFF7F7B9444601330F980860CE
:10E4F0003244072BCDE925324E607FF7E1AA28E4AC
:10E50000049BFFF784B9002B00F00981DDF894C06B
:10E510000B4627AFFEF7B6BE1BF4007F16BF46F3CF
:10E52000C0184FEAE67876B24346FFF78CB900BFD1
:10E53000749E0020942300201BF4007100F0F980E9
:10E54000DBB2099258460021FFF7D8B822AB0093FE
:10E5500000231BAA1946504603F0B2FC0A90013072
:10E5600000F019841B950A9B002B00F09F80632B01
:10E5700000F34C810023089337AD0822002122A824
:10E58000FDF76AFB0A9E22AB00931BAA334629467D
:10E59000504603F095FC864240F042850A9A0023DB
:10E5A000AB5422EAE27202929DF85F20049312B10A
:10E5B000029A01320292CDE90B33CDF824800E93FA
:10E5C000FEF743BE0F4601330F9939603244072BE3
:10E5D000CDE925327E6000F323810837FFF70ABBBF
:10E5E00033788DF83F312BF4806B0DF23F153EE50B
:10E5F0002D238DF85F30B9F1470F4FF000030893DA
:10E60000049340F3E6800322964D0A92CDE90B3342
:10E610000E9304230293FEF718BE159A1399AD1AB0
:10E620002846FDF799FB99F801300BB109F1010972
:10E630008D4A16EB080343F10003A2FB030727F002
:10E64000030000EB97001B1AF31A4FF0CC3168F16E
:10E65000000803FB01F102FB0811A3FB0230014497
:10E660005B0843EAC1764FEA510816EB080343F111
:10E670000003A2FB031020F0030101EB90015B1AE1
:10E68000F31AA3FB023168F100005B0802FB0012E1
:10E6900043EAC27303EB8303A6EB4303303305F86D
:10E6A000013C4FF0010C013DFFF7F8BB9DF85F30D6
:10E6B000CDF82480003B18BF012302930A9B0493EA
:10E6C000CDE90B330E930893FEF7BFBD079924AA3B
:10E6D000504602F04DFF00287FF48EA91998269A23
:10E6E00027AF78E69DF85F3002920A9250ADFFF7AF
:10E6F000CFB8049B0992CDE90A330E930C93029391
:10E7000050AD4FF078099E460893C3E46E18A6EB0F
:10E710000906CD1AAE42A8BF2E46FFF79DBA27AF15
:10E72000FEF7C1BDDBB2002077E48DF85F10DBB2ED
:10E7300020E409925846FEF7E1BF099A059912684C
:10E740001180FFF7C8B822AB01931BAB0093B0EE6A
:10E75000470B049A19AB022150468DED027B03F062
:10E76000D1FD9DED027B05461BF0010F40F0558267
:10E77000229B5A1B199B0D92D81C0B93C0F201824D
:10E7800004999942C0F20B819A4200F392820B9B4A
:10E790000A931BF4806F03D00B9B002B00F32D8397
:10E7A0000A9B23EAE373C34602934FF067090023F1
:10E7B0000E930C930BF00201002E00F0CA804FF074
:10E7C0002D0E8DF85FE0029B01330293002304932A
:10E7D0005DE40322254D0A9218E72846FDF782FDE5
:10E7E0009DF85F300A9020EAE0720292002B3EF41E
:10E7F0000CAFFEF708BF079C24AA2146504602F042
:10E80000B7FEA38903F04003FEF7F6BC591C50463F
:10E81000FBF770FA0546002800F0F6830890ACE696
:10E82000079924AA504602F0A3FE00287FF4E4A82A
:10E83000269A27AFFFF7DEB9079924AA504602F0BF
:10E8400097FE00287FF4D8A8DDE92532199827A97A
:10E85000FFF7EEB800230893062304934BF4807867
:10E86000FEF787BD80280020CDCCCCCC7C280020B2
:10E87000049B01330D93022122AB01931BAB009348
:10E88000B0EE470B19AB0D9A50468DED027B03F0AD
:10E8900039FD0D9B29F0200CBCF1460F9DED027B4C
:10E8A000054600EB030100F09880B5EE407BF1EEE9
:10E8B00010FA00F0D882229B994288BF4FF0450C95
:10E8C00040F2CF8230205A1C22921870229B8B4239
:10E8D000F9D35B1B0D93BCF1470F199B0B9356D0DB
:10E8E000BCF1460F00F08F800B9B8DF87090013BC0
:10E8F000002B1993C0F24C812B22092B8DF871202B
:10E9000000F34F8130228DF872200DF17302303305
:10E9100002F8013B1CABD31A12930D9B129A012BE8
:10E920001A440A9240F341820A9B109A13440A93B4
:10E930000A9A2BF4806343F4807B22EAE27200237C
:10E94000CDE90B330E93029234E7049B0D93032120
:10E9500092E79DF85FE0BEF1000F7FF434AF0496BC
:10E96000FFF795BB24AA5946504602F001FE002845
:10E970007FF442A899F80000269A27A906444CE49F
:10E98000199B0B934B1BBCF1470F0D933BD10B9B7A
:10E990000333C0F2F680049B0B9A93420FDA0B9B71
:10E9A000013BA9F10209002B8DF870901993A3DAAD
:10E9B0000B9B2D22C3F101038DF87120A2E70D9B63
:10E9C0000B9A934200F375811BF0010F0B9B00F033
:10E9D000B282109A13440A93DBE62B78302B00F0B6
:10E9E0006182199B1944B5EE407BF1EE10FAC7D055
:10E9F000229B8B42FFF466AF5B1B0D93BCF1470F6C
:10EA0000199B0B93C3D00B99049A0BF001030029B7
:10EA100043EA020340F3CF82002B40F01A820B9BA3
:10EA20000A934FF066091BF4806F40F0E8810A9B5F
:10EA300023EAE373C3460293B9E647F63003ADF821
:10EA40006030049B632B4BF0020B00F35C8118EEEB
:10EA5000903A002BC0F23B81B0EE480B19A803F0AE
:10EA600055FAB4EE007B20EE077BB5EE407BF1EE6D
:10EA700010FA40F0408201230026199337AD089622
:10EA8000AE480499B3EE004B2B4606E0B5EE407B52
:10EA9000F1EE10FA00F00F82114627EE047BFDEE36
:10EAA000C76B4A1E16EE90CA10F80CE0B8EEE65B93
:10EAB0009C4637EE457B03F801EB0029E6D1B6EE24
:10EAC000005BB4EEC57BF1EE10FA08DCB4EE457BDA
:10EAD000F1EE10FA1ED116EE902AD2071AD5CDF813
:10EAE00088C013F8011C90F80FC08C451A460AD153
:10EAF0004FF0300E02F801EC229A511E229112F8CA
:10EB0000011C6145F6D0392916BF0131817AC9B29D
:10EB100002F8011C199A5B1B0D93B9F1610F02F108
:10EB2000FF33199300F01F8250214FF04109002B51
:10EB30008DF87010C0F20E822B22092B8DF87120F7
:10EB40002FDC0DF17202E2E6079924AA504602F08A
:10EB50000FFD00287EF450AF269A27AFFFF741B88B
:10EB6000079924AA504602F003FD00287EF444AF22
:10EB7000199B269A27AFFFF759B8DFF8CC81FFF72A
:10EB8000C4B80B9BA9F10209013B8DF87090199351
:10EB90000B9A2D238DF87130C2F101030832BFF6B4
:10EBA000B1AE0DF17F0CDFF8A4E162461046AEFB7A
:10EBB0000312D20802EB8201A3EB41013031632B37
:10EBC00000F8011C134600F1FF32EFDC303302F88D
:10EBD000013C831E634580F0C8810DF1710213F87A
:10EBE000011B02F8011F6345F9D103F5A0736B44C3
:10EBF000CC3B1B1A1CAA9B1A12938EE6079924AAD7
:10EC0000504602F0B5FC00287EF4F6AE199D0D9B2F
:10EC1000269A5D1B27AFFFF71FB8049B4FF0470CE8
:10EC2000E918E0E600230C460493FEF749BA45F6DE
:10EC30003003ADF86030049B632B4BF0020B62DCB9
:10EC400018EE903A002B42DBB0EE480B19A803F007
:10EC50005DF9B4EE007B20EE077BB5EE407BF1EE74
:10EC600010FA01D10123199300263548089637ADD3
:10EC700007E74642103033480F9052DA102780469B
:10EC800003E00831103E102E4BDD01331032072B0C
:10EC9000C1E90087CDE92532F3DD079924AA504662
:10ECA00002F066FC00287EF4A7AEDDE9253227A934
:10ECB000E8E70D9B109A9A180B9B0A92002B79DDBE
:10ECC0004FF06709AFE6DFF88080FEF74BBF002307
:10ECD000089337AD2D26B1EE487BB0EE470B19A84F
:10ECE00003F014F9B4EE007B20EE077BB5EE407B19
:10ECF000F1EE10FA04BF01231993B9F1610F3FF44B
:10ED0000BFAE0F48BDE6049B5046591CFAF7F2FF10
:10ED10000546002800F03D8108904BF48078FEF70E
:10ED200028BB01330F9808603244072BCDE9253208
:10ED30004E6000F302810831FEF77DBE8C28002072
:10ED4000A0280020749E0020D4490020CDCCCCCC3B
:10ED5000049A002A00F0D480002BC0F22481B0EE87
:10ED6000487B002622AB01931BAB0093B0EE470B10
:10ED700019AB049A022150468DED027B03F0C2FAD2
:10ED800000239DED027B05460893EDE42D26B1EEB0
:10ED9000487BFEF7F6BA079B9B890022089243F056
:10EDA0004003079A9381FEF727BE1BF0010F3FF443
:10EDB000BFADB9E5C3F101031A4422EAE273C346C9
:10EDC0000A9202934FF06709F1E418EE903A13F0BB
:10EDD00000432BF0800B0B9300F09A802D238DF8CD
:10EDE0005F30B9F1470F4FF000030893049340F3ED
:10EDF000F8800322944D0A9208E44FF067091499B1
:10EE00000B78FF2B00F0F88000200B9A0E908446C0
:10EE100003E001300131FF2B09D0934207DAD21A07
:10EE20004B78002BF5D10B780CF1010CF3E7CDE911
:10EE30000B201491CDF838C00C9A0E9B15991344F1
:10EE40000A9A01FB03230A9323EAE373C34602935E
:10EE5000B0E4109B02EB01094B440A934FF06609A2
:10EE6000E1E55B1B0D93199B0B933DE5002303220A
:10EE700008930A920493FFF7C9BB049B029CDDF838
:10EE800020800A93FFF76FBBCDF824801BB3049B4F
:10EE90000A935A1C029204900E900C904FF0730942
:10EEA000FEF7D3B9B5EE407BF1EE10FA1ED1199BF7
:10EEB0000B93194466E5002A0491FFF62BAE0499E2
:10EEC000302001EB030C194601F8010B6145FBD121
:10EED0001A44531C1EE6049B0A930293089B0E934C
:10EEE0000C9304934FF07309FEF7AFB90D9BC3F178
:10EEF0000103199376E500265448089637ADC0E51E
:10EF0000934273DBB0EE487B0123049E049329E710
:10EF10009DF85F30B9F1470FCCBF4B4D4C4D002BE6
:10EF200040F08680032204930A920E930C93089378
:10EF30000292FEF78AB90A932BE4079924AA504655
:10EF400002F016FB00287EF457ADDDE9253227A933
:10EF5000FEF771BD2D238DF87130C2F10103083227
:10EF6000FFF61FAEEDE57021E1E502231293D4E434
:10EF7000CDE90B3308930E93FEF767B9099A6378CE
:10EF80000C4652F8041B099241EAE1710491FEF724
:10EF900095B8079A938943F0400393814FF0FF336C
:10EFA0000593FEF72CB92D26B1EE487BDAE6294908
:10EFB0000F91FFF708BBC34633B9012302934FF00B
:10EFC00066090A93FFF7F3BB109B03F10109049B49
:10EFD0004B440A9323EAE37302934FF06609FFF769
:10EFE000E6BB03221A4D0A92FFF710BB01232D2620
:10EFF0000493B1EE487BB5E600230E930C931BE718
:10F000000C23CAF80030C9E7079B08909B8943F09E
:10F010004003C6E65946FEF7C2BB5846FEF78FBF0F
:10F02000079B9B8943F04003BBE65B46FEF77DBF31
:10F03000002304930E930C93089303230A93042351
:10F040000293FEF702B900BF882800208C28002018
:10F0500084280020749E00202DE9F04FADF5357D09
:10F06000B1F90C504C6E02AFAE049346FB6205D46E
:10F0700045F4005524F400548D814C66A50401F13B
:10F080003282786489460822C4F3403107F1500087
:10F09000FCF7E2FDC4F3403EC7F834E0C7F818E0DF
:10F0A000C7F838E07646C7F840E0C7F824E09B4B45
:10F0B000D3F8CC41FCF786FE07F1500200920346DC
:10F0C0005A46786C07F14C01A0470028C0F2DC805A
:10F0D000FB6C002B00F0CE8001288344014600F039
:10F0E000E180252B58D00028E1D0ABEB0108D9F8FE
:10F0F00004301A464044002A00F1FF3408F1FF357D
:10F1000017DDD9F800306A781878904203F10103CE
:10F1100005F1010140F0AE80D9F80420C9F80030B3
:10F12000013A8C42C9F8042000F0C780002A0D463D
:10F13000E7DC786C494604F095F80028E1D03B6C98
:10F1400023B1B9F80C305A0640F194807B6B002B48
:10F1500001F0C9817B6BDE8818687EB10024051F31
:10F16000A046814655F8043F1868FAF7BBFD013404
:10F170002B68B442C3F80080F4D148464FF0FF3307
:10F180003B6408B1FAF7AEFD386C07F53377BD463E
:10F19000BDE8F08F0120014600249BF80050A246F4
:10F1A000A5F125030BF10102552B63D8DFE813F01D
:10F1B000930362006200620062008A0362006200E0
:10F1C000620062006200BA00BA00BA00BA00BA0077
:10F1D000BA00BA00BA00BA00BA0062006200620067
:10F1E0006200620062006200C40062009601400298
:10F1F000C400C400C40062006200620062009000AB
:10F2000062006200690262006200620078026200CD
:10F21000620062006200F400620062008302620029
:10F220006200620062006200C40062003D0184036B
:10F23000C400C400C4004F025B029000620063037C
:10F240001D012B0102010F01620062008D018A0085
:10F250006F0362006200F40062008A00FC69A3454B
:10F2600008D97D6C1BF8011D4A46284603F0ACFF07
:10F27000A345F7D17B6B002B86D03B6C01333FF469
:10F2800069AF7B6B18687CE74FF6FD73082200219D
:10F2900007F15000FB64FCF7DFFCFB6C002BE9D0AE
:10F2A0000BF1010B1E4AD25C110719D4252B3FF438
:10F2B00071AF0BF1FF38012019E702353544A5EB9A
:10F2C0000806F4E62507D5D19BF80150934667E779
:10F2D0002307CFD19BF8015044F0020493465FE727
:10F2E000D9F804207C6C0FE0D9F800300C491A786A
:10F2F0008A5C120703F101037FF5D9AED9F8042027
:10F30000013AC9E900320136002AEDDC49462046BF
:10F3100003F0A8FF0028E7D0C9E600BF50A70020EF
:10F32000592E002014F08F0FA4D10AEB8A0A05EBA6
:10F330004A0AAAF1300AC7E7D9F80430BA62002BAA
:10F340004FF0040840F3B082D9F80010A44D0B78B8
:10F35000EB5C1A0740F1E182D7F844B00A4608E0B6
:10F36000C9F800201378EB5C1B0706F1010640F199
:10F37000D482D9F80430013B002B02F10102C9F814
:10F380000430EDDC4946584603F06CFF00287FF45A
:10F39000D6AED9F80020E5E7D9F80430BA62002BE0
:10F3A00044F400741ADD8F4B7B621023BB634FF073
:10F3B0000308C9E7D9F80430BA62002B894B7B6295
:10F3C0004FF00803BB634FF00308BDDC6CE2D9F8D3
:10F3D0000430BA62002B44F40874E4DC786C4946CB
:10F3E00003F040FF0028DED0A9E614F08F037FF47D
:10F3F00041AF7D6B002D00F0E6879BF8015044F093
:10F4000080049346CCE6E106BA6200F10E81FA6A06
:10F4100052F8043BFA62220700F19887650741F130
:10F420004B80D7F828B01E8041E6D9F80430BA6284
:10F43000002B40F3F6875546012D38BF012514F007
:10F44000010340F06587E10600F19586FB6A22061C
:10F45000D3F8008040F17886B8F1000F3FF40AAF8E
:10F460002846FAF737FC834600283FF46FAE7B6BE3
:10F47000C8F80000DC889A88944280F06A8718688F
:10F480007B6B40F824800134DC80CDF80090786CF0
:10F4900059462B46012203F005FF0446002801F0DF
:10F4A0004980854207D9D8F800002146FAF704FFC1
:10F4B00008B1C8F80000FB6AD7F828B00433FB6233
:10F4C0003B6C013326443B64F1E5D9F80430BA6261
:10F4D000002B4FF002083FF737AFE5E1D9F80430D1
:10F4E000BA62002B44F0410440F392875546012D47
:10F4F00038BF012514F0100B40F05E86FB6A53F80C
:10F50000042B2006C7E90B3240F17A87002A3FF42A
:10F51000B1AE8020FAF7DEFB804600283FF416AE3D
:10F520003B6B18607B6BDC889A88944280F0CA86BB
:10F5300018683B6B40F824307B6BC7F81C800134A3
:10F54000DC8020233B62C7F83CB0D7F818B0002419
:10F5500007F5B47AFCF736FCA0423FF4F0ADD9E9E8
:10F56000002112F8010B0AF804000139BBF1030F66
:10F57000C9E9002104F1010402D13B6E042B05D03E
:10F580000822002107F16000FCF766FB07F1600329
:10F590000093786C23465246414602F03BFCB0F1A2
:10F5A000FF3F83463FF4CBAD002840F09681FB6BD4
:10F5B0002644013D6BB9C8F800303B6B3BB1FB6999
:10F5C000A8EB03043B6AB3EBA40F40F2638508F198
:10F5D0000408D9F80420002A0DDD95B10024B9E70C
:10F5E000592E0020C9F40100FB6B002BE5D0D9F89F
:10F5F0000420002AF2DC786C494603F033FE002830
:10F60000EBD0C7F818B0D7F83CB03B6B3BB1FB6907
:10F61000A8EB03013B6AB3EBA10F00F2C086BBF17C
:10F62000000F02D13B6C01333B64D7F828B03EE5B4
:10F63000D9F80430BA62002B44F0010440F3158776
:10F64000AE4B7B620A23BB634FF003087CE62507C1
:10F650007FF410AE9BF80150682D00F0518644F005
:10F66000040493469CE5D9F80430BA62002BA34BFE
:10F670007B624FF00003BB634FF003083FF764AEBB
:10F6800012E1D9F80430BA62002B44F0010440F3CF
:10F69000E3869B4B7B620823BB634FF0030853E672
:10F6A000D9F80430BA62002B40F3CD8644F001044F
:10F6B0004FF0020848E6114607F1680001F0F4FF38
:10F6C000D9F80430002B834640F3B486BAF1000F1A
:10F6D00008BF4FF0FF3A04F0100314F001053B633C
:10F6E00000F0548404F01003002B40F09085FB6A76
:10F6F00053F8042BC7E90A23230640F17986002A30
:10F700003FF4B8AD8020FAF7E5FA804600283FF4D0
:10F710001DADBB6A18607B6BDC889D88AC4280F0B5
:10F72000A3851868BB6A40F824307B6BC7F81C803F
:10F730000134DC8020233B62BD69FE630024C7F8EE
:10F7400014B0FCF73FFBA0423FF4F9ACD9E900321A
:10F7500007F5B47013F8011B0155013A032DC9E9EF
:10F76000003204F1010407F1580B03D1DBF800303B
:10F77000042B04D0082200215846FCF76DFACDF87E
:10F7800000B0786C234607F5B472414602F042FBA4
:10F79000461C05463FF4D3AC002840F0B580C8F8BD
:10F7A000000006460822002107F16000FCF754FA29
:10F7B000544B786C324607F14801D3F8C86107F121
:10F7C0006003B04701280CBF97F84860002607F196
:10F7D00068039B5D002B00F05186FB6B032D2344D7
:10F7E000FB6318D03B6B0AF1FF3A5BB9BB6A08F1C7
:10F7F00004083BB1FB69A8EB03043B6AB3EBA40F1D
:10F8000040F2B483D9F80430002B0FDDBAF1000FB9
:10F8100012D0002495E7DBF80030042BE2D13B6BDB
:10F82000002BE3D0D9F80430002BF2DC786C494689
:10F8300003F018FD0028E9D0FE6BD7F814B0BD61C5
:10F840003B6B002B7FF433ACC8F80030BB6A73B15C
:10F85000FB693A6AA8EB03018B1001339A4206D97F
:10F86000BC6A04312068FAF727FD00B120603B6CC8
:10F8700001333B641BE423077FF4FCAC9BF801508D
:10F880006C2D00F0358544F00104934688E4D9F8E6
:10F890000430BA62002B1A4B7B624FF00A03BB6341
:10F8A0004FF003083FF750AD786C494603F0DAFC9F
:10F8B00000283FF449AD42E4D9F80430BA62002B85
:10F8C0000E4BE9E75AEA040A7FF4D4AC9BF80150E6
:10F8D0001024934664E4934605E410F1020F00F00F
:10F8E00016830328264403D13A6E042A3FF47CAEE3
:10F8F000FB6B013D002B3FF460AE6AE68996010088
:10F90000C9F4010050A70020A81C00F01583D8F806
:10F910000060711C7FF446AF59E7A8F10308B8F105
:10F92000010F00F21786DFE808F001BB0AF1FF3390
:10F93000B3F5AE7F84BF6FF4AE720AEB020B07F52E
:10F94000B47398BF4FF0000BFB611D46C7F83CB085
:10F950004B46D7F838B0B14688BF40F25D1A44F440
:10F9600058644FF000081E4632681078A0F12B034F
:10F970004D2B61D8DFE813F07B0260007B02600052
:10F980006000A602A901A901A901A901A901A90173
:10F99000A9018102810260006000600060006000D7
:10F9A000600060004E004E004E004E004E004E00C3
:10F9B0006000600060006000600060006000600047
:10F9C0006000600060006000600060006000600037
:10F9D00060008902600060006000600060006000FC
:10F9E000600060004E004E004E004E004E004E0083
:10F9F0006000600060006000600060006000600007
:10FA000060006000600060006000600060006000F6
:10FA100060008902BBF10A0F0EDD24F4386405F89A
:10FA2000010B7368013B002B736040F36882013265
:10FA30003260BAF1010A97D13346E1054E46AA4633
:10FA4000C7F838B0994607D5FB699D4200F28A8312
:10FA5000FB699A453FF40EAC14F0100217D1BB6B52
:10FA6000F969786C7D6A8AF80020A847FB6AA206CB
:10FA700003F1040B00F14D83230740F14D84FB6A31
:10FA80001B6818703B6CC7F82CB001333B64FB69F2
:10FA9000D7F828B0AAEB030545442E44FFF707BB6F
:10FAA000786C01F087FF0368FB600AF1FF33B3F560
:10FAB000AE7F40F22A836FF4AE710AEB01037B60E4
:10FAC00040F25D1A002507F5B473C7E90455FB61E0
:10FAD000FD633D63BD609B4644F4F0642B46554690
:10FAE000D9F800100878A0F12B024E2A50D8DFE890
:10FAF00012F0B8014F00B8014F004F00D9019F002C
:10FB00009F009F009F009F009F009F009F009F00FD
:10FB10004F004F004F004F004F004F004F00AB0110
:10FB20009D009D009D004201A0014F004F00450136
:10FB30004F004F004F004F002E014F000D014F00AE
:10FB40004F004F0009014F004F004F00F600F20038
:10FB50004F004F004F004F004F004F004F00AB01D0
:10FB60009D009D009D004201A0014F004F004501F6
:10FB70004F004F004F004F002E014F000D014F006E
:10FB80004F004F0009014F004F004F00F600F200F8
:10FB9000A20569D5FA681278824265D13D60D7F82E
:10FBA0000CA03C6235464FF000084E4699460B4685
:10FBB00007E0336093F800E09AF8000086451AD118
:10FBC00001351AF8010F4446013308F101080028F5
:10FBD00000F088827068013800287060E9DC786C79
:10FBE000314603F03FFB30B933689AF8000093F8D0
:10FBF00000E08645E4D032462E464D469146FA68EE
:10FC0000FD6023467D6C3C6A3C62924608EB020430
:10FC1000984614F8011D4A46284603F0D5FAA24535
:10FC2000F7D13C6AFD68A6EB08061EE021051BD54E
:10FC3000FA6BD21818D1134624F4C074FA630BF887
:10FC4000010B013DD9F80420013A002A06F1010612
:10FC5000C9F8042040F34681D9F800200132C9F8E0
:10FC60000020002D7FF43CAF1D46FB6B3A6B013B3F
:10FC7000002A00F09380012B7FF6F0AA6B1E062B62
:10FC800024F4807440F2188314F010037FF4CDAC98
:10FC90008BF8003004F4C063B3F5806F40F0AB80A4
:10FCA000BB683A6B934200F0AA809A1AC7F814B066
:10FCB000796907F2BB23994224BF07F2BA237B611B
:10FCC0007869A84901F014FE99E0A74B24F4386440
:10FCD00033F91BB0A3E6072BC6D10823AFE704F422
:10FCE0001862B2F5807FBFD13A6B012ABCD13022B5
:10FCF0000BF8012B24F48074002244F40064013DCD
:10FD00003A639CE7062BAFD1072398E72105ABD5D3
:10FD100004F4A062B2F5806F04D06105A4D53A6BFB
:10FD2000002A38D03A6BB968521A04F400710029DD
:10FD3000396908BF11467A69396108BF5A4624F407
:10FD400078647A61002244F4C0743A6377E7FA6B0E
:10FD5000002A40F0B7813A6B2AB904F4E062B2F5A8
:10FD6000E06F00F0B783012B02D0042B7FF47CAF4F
:10FD70000133DBB263E72205CAD559E7002B40F017
:10FD80009A813A6B002A40F0D78104F4E062B2F520
:10FD9000E06F00F09A831D46FB6B013B012B7FF661
:10FDA0005DAA6B1E062B40F23D8200233B63E305F8
:10FDB0007FF56AAF650500F19B831BF8011C65297F
:10FDC0000BF1FF3506F1FF380BD0452909D0786CCF
:10FDD0004A4603F0F9F91BF8021CA6F10208ABF140
:10FDE0000205786C4A4603F0EFF914F0100340F076
:10FDF0009E812B7046463B69002B40F0EB82786C6D
:10FE0000F9690022FBF7EAFBFB6AE00753F8045BA1
:10FE1000FB6200F15E81A10700F15B81B4EE400B53
:10FE2000F1EE10FA80F1C982B7EEC00B85ED000A41
:10FE300051E1220503D5FA6BD2183FF4FCAE022B38
:10FE40007FF412AF0323FAE6210503D5FA6BD2182B
:10FE50003FF4F1AEFA6B012A7FF406AF0222FA6397
:10FE6000EDE622067FF500AF24F08004E7E62306E6
:10FE70007FF5E2AD24F08004D1E53B4B33F91BB0B4
:10FE8000BBF1080F3FF7C9ADD6E504F4C063B3F585
:10FE9000007F7FF4D1AD24F4007444F4A0644FF0EB
:10FEA000100BBCE5E2057FF5C3AE3A6B01323A6355
:10FEB0007A6824F08004002A3FF4C3AE7A68013ADD
:10FEC0007A60BFE623057FF5AAADBBF1000F03D131
:10FED00044F400744FF0080B610540F11D8124F4D7
:10FEE000B0649CE5786C3B62494603F0BBF93B6A21
:10FEF00000287FF4B9AE002D7FF4F2ADB4E6786C43
:10FF0000314603F0AFF900283FF493AD94E5D9F8FA
:10FF10000420002A3FF71EAB786C494603F0A2F993
:10FF200000283FF417ABC7F818B0D7F83CB0002C46
:10FF30003FF46BABFFF703B9D9F80430002B3FF760
:10FF400000AC786C494603F08DF900283FF4F9AB1A
:10FF5000FE6BD7F814B0BD61002C3FF471ACFFF715
:10FF6000EEB800BFBC280020B0490020F869D900D5
:10FF70001E46FAF7A1F9F86100283FF4E7A8BA6A2B
:10FF8000730000EB040810603B623BE404F01003D4
:10FF9000002B40F01881FB6A14F08004D3F8008035
:10FFA00000F02282B8F1000F3FF464A92020F9F795
:10FFB00091FE054600283FF4C9A87B6BC8F80000F5
:10FFC000DC889A88944280F0628118687B6B40F8E4
:10FFD00024800134DC802022D9F8003007F1680049
:10FFE0001978415C00293FF445A9FE632C46184668
:10FFF0001646D9F80410431C0139C9E900312946D5
:02000004600298
:10000000007801F8010BB8F1000F02D00D1BB542CA
:1000100026D20D46BAF1010A0BD0D9F804100029F6
:100020002BDDD9F8000007F168030178595C00293D
:10003000DFD12C1B3246FE6B3FF41CA9FB6A043354
:10004000FB6200232B70B8F1000F03D0611C8A42C1
:1000500000F2958126443B6C01333B64FFF727B8DF
:10006000760020463146FAF727F9044600283FF487
:100070006DA80544C8F80000CCE7786C494603F049
:10008000F1F80028CDD0A5423246FE6B3FF457A8C8
:100090002C1BD3E7F869D900FAF70EF9F8610028AC
:1000A0003FF454A83B6A3A6B5B0000EB0408106015
:1000B0003B62FFF78CBA032B3FF45AAE052B3FF49B
:1000C00057AED1E5FA6B022A7FF44DAE0322FA63F4
:1000D000B5E585ED000B3B6CD7F828B001333B64E8
:1000E000FEF7E5BF5846F9683C6AC7F820904246DB
:1000F000B1462E463D6801F01FFC3B6BBB6024F40B
:1001000020743B6A8346013D9CE500237B60D9E473
:10011000FB6A1B681860B5E4FB6B24F460741BB1C8
:10012000013BFB630AF1010A08F1010879E4D7F801
:1001300028B04646FEF7BBBFFB6B013B012B7FF6A9
:100140008DA824F480749FE5CDF80090786C2B4640
:100150004146012203F0A6F8044600287FF4ABA92B
:10016000FEF7EDBF15F8011C786C4A4603F02CF839
:1001700005F1FF3A6CE4D7F844801C460AE0C9F860
:100180000010404649461C44ED1A03F06BF8002865
:1001900040F08D81D9E900239D4202EB0301EEDCA2
:1001A0005B1B2A44C9F804302C44C9F80020D7F856
:1001B00028B02644FEF77BBF0023C7E907333B6323
:1001C0009846FFF7C0B9D9F8001007F168020B781C
:1001D000D35C002B3FF44EA87C6C0A4604E01378F5
:1001E00007F16801CB5CD3B1D9F804300135013295
:1001F000013B5545C9E9002311D0002BEFDC4946EE
:10020000204603F02FF850B9D9F80020E7E7002383
:10021000C7E90733BB6207F14C08FFF78DBA2E44DC
:10022000FEF745BF022D40F272810023032D3B6390
:100230003FF4BDAD2B1FDBB2DD43D7F844A0FC6318
:100240005D445C46984614F8011D4A46504602F04B
:10025000BBFFAC42F7D1013E0BF1FF3BFC6BA6EBC1
:100260000806ABEB080BA2E54FF6F6739D423EF68F
:100270006DAF7B6B08351868A900FAF71DF80028E8
:100280003EF464AF7B6B9D801860FFF74BBA4FF66E
:10029000F6739A423EF65EAF02F108037A6BFB6397
:1002A00010689900FAF708F800283EF453AF7A6B0B
:1002B000FB6B9380106089E6022D40F22881032DAC
:1002C000B8D1E1E44FF6F6739A423EF63FAF7B6B4E
:1002D00002F1080A18684FEA8A01F9F7EDFF0028D1
:1002E0003EF434AF7B6BA3F804A01860FFF721B98C
:1002F0009BF8025044F002040BF1020BFEF750BFD2
:100300009BF8025044F008040BF1020BFEF748BFC3
:1003100044F04004FFF7EEB865073BD414F0010247
:100320007FF4F6AEA4077FF5F3AE884B796A786C5C
:100330009942BB6BF96900F0F98001F049FC0B466A
:10034000FA6A1168C1E90003FFF79CBB1E70FFF752
:100350006CB94FF6F6739A423EF6FCAE7B6B02F137
:10036000080A18684FEA8A01F9F7A6FF00283EF448
:10037000F1AE7B6BA3F804A01860FFF781B8D8F842
:100380000000F9F799FF00283FF464AEC8F80000B8
:10039000264460E6FB6A1B681880FFF773BB3C6B62
:1003A0002068F9F789FF00283FF439A92060BBF1E4
:1003B000000F7FF43AA9FFF735B96548FCF74AF812
:1003C00085ED000A87E682B0CDE9023302AB7B639C
:1003D000FFF713B87969786C0A2300220131FBF723
:1003E000A5F93B69C21A63E445462246A046F3E5F7
:1003F0003B6BD7F82880BB62C7E90733FFF79CB98E
:10040000D7F83080C7F830B0C7E907BBFFF79BB813
:10041000786C494602F026FF00283FF467A8FEF7F3
:100420008EBE786C494602F01DFF00283FF403A8F9
:10043000FEF785BE786C494602F014FF00283FF4B1
:1004400045A9FEF77CBE786C494602F00BFF0028F8
:100450003FF42CA9FEF773BE786C494602F002FF08
:1004600000283FF416A9FEF76ABE786C494602F0F0
:10047000F9FE00283FF4E4A8FEF761BEFE6BD7F852
:1004800014B0BD612346002C3FF4DAA907F5B4721D
:10049000D7F844A014191D46013D14F8011D4A4621
:1004A000504602F091FE002DF6D1FFF7C9B9002C9D
:1004B0007FF47DAEFEF743BEE00711D4A1070FD550
:1004C000F2171E605A60FFF7B0B824F4F0640123FD
:1004D000FFF7B5BB012224F4F064FA63FFF7AFBB6A
:1004E0001E60FFF7A2B84FF0FF333B64FEF74CBE2F
:1004F000FC69A3457EF6BEAE7D6C1BF8011D4A4625
:10050000284602F061FEA345F7D1FEF7B3BEFB69B2
:100510009B457EF6AFAEFC691BF8011D786C4A4620
:1005200002F052FEA345F7D1FEF7A4BE01F01CFC79
:100530000B4605E73B6C002B3EF40CAEB9F80C30D3
:100540005B067EF59AAEFEF705BE00BFC9F401005A
:100550005C270020BAF1000F08BF4FF0FF3A04F00B
:10056000100314F001083B6200F0C480002B40F03F
:100570004681FB6A220653F804BBFB6240F14581C9
:10058000BBF1000F3EF476AE8020F9F7A3FB804666
:1005900000283EF4DBAD7A6BCBF80000D38894885A
:1005A000A342C0F05E814FF6F6718C423EF6CEADAE
:1005B0007A6BFB6308341068A100F9F77DFE002810
:1005C0003EF4C4AD7A6BFB6B948010607A6B40F89C
:1005D00023B00133D380C6462022D9F80010097811
:1005E000695C11F0080168D1C7F81CA0C7F83CB0DD
:1005F0008A46B3463A637646FBF7E4FB50453EF441
:100600009EADD9E9003213F8011B013AC9E9003265
:10061000BB6907F5B470032B00F80A100AF1010456
:1006200007F1600A03D1DAF80020042A04D0082276
:1006300000215046FBF710FBCDF800A02346786C54
:1006400007F5B472414601F0E5FB431CB8613EF486
:1006500076AD002840F02081C8F8000001F03CFC95
:10066000002840F05481A344FB69013BFB613B6AD5
:10067000002B40F03581FB6B08F10408002B00F0E3
:100680002F813B6BA8EB060AB3EBAA0F40F22E8139
:100690003C6AD9F80420002A40F31281D9F80020DE
:1006A0001278AA5C100703D4FB69002B40F01A8172
:1006B000B6463A6B5E46D7F83CB03B6A002B7EF4F8
:1006C000B4AFC8F80030BBF1000F3EF4ABAFA8EBFD
:1006D0000E018B1001339A427EF6A4AFDBF80000C6
:1006E0000431F9F7E9FD00283EF49CAFCBF8000097
:1006F000FEF798BF3B6A002B40F08D80FB6A14F038
:100700008004D3F800B000F0A080BBF1000F3EF4ED
:10071000B1AD2020F9F7DEFA024600283EF416AD0E
:100720007B6BCBF80000B3F806809C88A045C0F036
:10073000DB804FF6F6739C423EF60CAD7B6BFA63A2
:1007400008341868A100F9F7B7FD00283EF402AD9F
:100750007B6BFA6B9C8018607B6B40F828B008F1CB
:100760000108A3F806802024D9F800000178695C0C
:100770000B0778D45B46FE63D346904626469A46DE
:10078000D9F8041014460139421CC9F80410C9F8FC
:100790000020027804F8012BBAF1000F03D0A4EB7B
:1007A0000802B24262D2BBF1010B0AD0D9F8042090
:1007B000002A6ADDD9F800000178695C0907224641
:1007C000DED523463446FE6BA3EB08010E44D34628
:1007D0000131FA6A0432FA6200221A70BBF1000F8A
:1007E0003FF479ACA142BFF476ACDBF80000F9F736
:1007F00063FD00283FF46FACCBF800006BE40022EF
:100800009646934607F14C08E7E6D846D7F820B05D
:100810005A46DE46E1E6D9F800301978695C0907E6
:100820003EF503AFD9F8042008F101080133013A7D
:10083000D045C9E9003205D0002A09DD1A78AA5C42
:100840001207EFD54644FEF7F0BE5A46A3468BE7A3
:10085000786C494602F006FD0028F3D1D9F8003043
:10086000ECE71068B2E613460121B2E77600404695
:1008700031463A63F9F720FD804600283EF466AC25
:100880003A6BCAF8000084188DE7786C494602F08C
:10089000E9FC00288ED094E7BB6902333FF4F9AE3F
:1008A000D8F8000001F018FB88BBBB69032BA344F8
:1008B0007FF4DAAEDAF80030042B7FF4D5AED6E65A
:1008C000786C494602F0CEFC00283FF4E7AEB6460D
:1008D0003A6B5E46D7F83CB0002C7EF430ACECE6C8
:1008E0000024D6E6A24687E6186835E73046D900E8
:1008F0001C46F9F7E1FC064600283EF427ACFB6BEA
:100900001860630000EB0A083C6A3B63C1E6B64628
:100910003A6B07F5B4735E461D19D7F83CB0FA631D
:10092000F246013C15F8011D786C4A4602F04CFC79
:10093000002CF6D1FA6BD646BFE600BF30B5436C4B
:1009400083B005460C4653B153F8240088B10268C1
:1009500043F824200023C0E9033303B030BD212233
:10096000042101F0FFFB034668640028ECD100205D
:10097000F3E7012101FA04F35A1D9200284601937E
:1009800001F0F0FB0028F2D0019B44608360E1E7B6
:1009900031B1436C4A6853F82200086043F82210D2
:1009A000704700BF2DE9F0410E6917460D461C4601
:1009B00001F114024FF0000E11688BB207FB0343E4
:1009C0004FEA134C090C07FB01CC0EF1010E9BB250
:1009D00003EB0C43764542F8043B4FEA1C44EBDC46
:1009E0003CB1AB68B34207DD05EB860301365C61C1
:1009F0002E612846BDE8F081696801318046FFF725
:100A00009DFF0746B0B12A69023205F10C01920040
:100A10000C30EFF707F8D8F844306A6853F8221022
:100A2000296043F822503D4605EB860301365C61A0
:100A30002E61DEE7024B03483A46BA2101F0AAFADA
:100A4000FC270020C42800202DE9F843092B089C2E
:100A50001E460546884617463CDD224B06F1080235
:100A6000A3FB02325208012300215B009A4201F1EC
:100A70000101FADC2846FFF761FF014660B301235C
:100A8000092F4461036113DC08F10A040927BE42FF
:100A90000BDDF61B264414F8013B0A22303B2846A6
:100AA000FFF780FFB4420146F5D10846BDE8F88360
:100AB00008F10904A146B84414F8013B0A22303B6E
:100AC0002846FFF76FFF44450146F5D109EB0704BF
:100AD000083CDCE70021CDE70A46034B0348D3215D
:100AE00001F058FA398EE338FC270020C428002092
:100AF000B0F5803F034636BF030400201020B3F159
:100B0000807F3CBF1B020830B3F1805F06D3B3F196
:100B1000804F0FD29A0012D4033070471A01B2F1FD
:100B2000804F00F1040006D29B0108D45B00F3D48F
:100B3000202070471A46002AFBDB01307047023044
:100B4000704700BF0368590708D0DA071FD4990718
:100B50002AD55B0803600122104670479AB282B919
:100B60001B0CDAB2B2B11022190701D104321B09F1
:100B7000990714D0D90701D401325B0803601046ED
:100B80007047DAB24AB11A0717D10422EFE7002200
:100B90001046704718221B0AE6E70822FBE75907B0
:100BA00007D502329B08E9E79B0802220360104642
:100BB0007047DB0804D12022CEE7DB080322DDE703
:100BC0000332DBE738B5436C04460D464BB1586839
:100BD000B0B102685A6000220123C0E903234561D5
:100BE00038BD2122042101F0BDFA034660640028CB
:100BF000EDD1094B0948002240F2451101F0CAF934
:100C00001C220121204601F0ADFA0028F1D001227A
:100C10000223C0E90123DEE7FC270020C4280020CE
:100C20002DE9F04F0F691569AF4285B00E46904629
:100C300005DB2A4643463D46884617461E46D8F8F9
:100C40000830D8F80410EC19A342B8BF0131FFF7FF
:100C500075FE8446002800F09C80143000EB840E62
:100C6000704505D20346002143F8041B9E45FBD87E
:100C7000143606EB870296427CD208F1140707EB84
:100C80008505A5EB080308F11508A845A3F1150390
:100C9000CDE902E44FEA930A8CBF00240124914677
:100CA000E34605E0090C34D1B14500F104005ED9FA
:100CB00056F8041B8AB2002AF4D0CDE90090B84659
:100CC0008646002358F8041BDEF800001FFA81F95D
:100CD0004FEA114C81B202FB0911000C194402FBCE
:100CE0000C0000EB114089B241EA004145454EF845
:100CF000041B4FEA1043E5D8DDE90090002C4FEAD1
:100D00008A0208BF00220244536056F8041C090CF2
:100D1000CAD00368CDF800908846BC4686460022BB
:100D20001946BCF8009008FB092909EB11499BB250
:100D300043EA09434EF8043B5CF8043BDEF800103C
:100D40001B0C8AB208FB032303EB194365454FEAEA
:100D50001342E6D8002C4FEA8A02DDF8009008BF63
:100D600000220244B145536000F10400A0D8DDE93F
:100D700002E4DC46002C02DC05E0013C03D05EF816
:100D8000043D002BF9D06046CCF8104005B0BDE81A
:100D9000F08F034B034862464FF4B17101F0FAF84B
:100DA000FC270020C4280020F8B512F003031446E5
:100DB00007462FD10E46A4102AD03D6C002D32D00C
:100DC00004F0010364103BB92868B8B1054604F08B
:100DD00001036410002BF7D02A4631463846FFF74E
:100DE0001FFF36B17B6C716853F82120326043F8E5
:100DF000216074B1064628680028E7D12A462946B2
:100E00003846FFF70DFF0023286003600546DEE744
:100E10003046F8BD013B0F4A52F823200023FFF76C
:100E2000C1FD0646C7E701213846FFF787FD0546A5
:100E300040B1012340F27122C0E90432002338643A
:100E40000360BDE7044B05482A4640F2451101F016
:100E5000A1F800BFE49D0020FC270020C42800204A
:100E60002DE9F0470D4691462E69AB68496806EBBF
:100E70006216741C9C4207464FEA621804DD5B0050
:100E80009C4201F10101FADC3846FFF757FD844628
:100E900000284FD0B8F1000F00F114000BDD08F16D
:100EA00005010CEB81010346002243F8042B8B4221
:100EB000FBD100EB8800296905F1140319F01F0824
:100EC00003EB810E2ED0C8F1200902464FF0000A34
:100ED000196801FA08F141EA0A0142F8041B53F8C3
:100EE000041B9E4521FA09FAF2D8AEEB0503153B27
:100EF00023F0030305F11502964538BF00230433A0
:100F000040F803A0BAF1000F00D134467B6C6A6848
:100F1000CCF8104053F822102960604643F8225064
:100F2000BDE8F087043853F8042B40F8042F9E45A1
:100F3000F9D8EAE7034B044862464FF4EF7101F039
:100F400029F800BFFC270020C428002003690A6993
:100F500000B5B3EB020E12D100F1140C14310CEBFE
:100F6000820301EB820101E09C4508D253F8040D95
:100F700051F8042D9042F7D003D24FF0FF3E704657
:100F800000BD4FF0010E704600BD00BF2DE9F04FCF
:100F900017460A693B69A2EB0308B8F1000F83B05A
:100FA0000C4615D1143107F1140505EB830501EB4F
:100FB000830302E0994280F0858053F8046D55F870
:100FC000042D9642F6D080F08A804FF0010805E0AB
:100FD000FBDB3B464FF000080F461C467968FFF7E5
:100FE000ADFC002800F086803A692669C0F80C80C4
:100FF00007F1100107F11408834600F1140704F10A
:10100000140008EB820E944600EB86060023B946D6
:10101000C2460A46019450F8041B52F8045F8CB291
:101020001FFA85F8A8EB0408090C9844C1EB154198
:1010300001EB28411FFA88F848EA0144864249F842
:10104000044B4FEA2143E6D8A146019C301B1538DA
:10105000153420F00300A64238BF00200AEB00013F
:101060000431C4198E4562460846DC4698BF2346C3
:101070001AD9A7EB0A070434C61950F8045B13FA0F
:1010800085F82B442D0C05EB28459BB243EA054916
:101090008645C6F800904FEA2543EDD80EF1FF33A0
:1010A0005B1A23F003032344B9F1000F04D153F872
:1010B000041D013A0029FAD06046CCF8102003B094
:1010C000BDE8F08F0021FFF739FC844658B10122BA
:1010D0000023C0E90423604603B0BDE8F08F3B461F
:1010E00027461C467AE7074B0748624640F23721FD
:1010F00000F050FF0246034B034840F2452100F048
:1011000049FF00BFFC270020C428002082B08DEDDD
:10111000000B019A154B1340A3F15073002B06DD11
:1011200000221946104641EC100B02B070475B429A
:10113000B3F1A07F4FEA235209DA4FF400231341A1
:1011400000221946104641EC100B02B07047A2F184
:1011500014031E2BDABF4FF00042DA4001220023B5
:101160001946104641EC100B02B070470000F07FAA
:10117000F8B5036900F114040F4604EB83010D1F59
:1011800051F8046C3046FFF7B3FCC0F120030A2885
:101190003B6034DDAC42A0F10B031AD251F8080CCD
:1011A0002BB3C3F1200C9E4020FA0CF21643A1F1A0
:1011B00008059840AC4246F07F5343F440131AD2DE
:1011C00051F80C1C21FA0CF10843024643EC102B99
:1011D000F8BD0B280AD006FA03F141F07F53002036
:1011E00043F44013024643EC102BF8BD002046F0B8
:1011F0007F5343F44013024643EC102BF8BDAC423E
:1012000038BF51F8081CC0F10B0C00F1150026FA8C
:101210000CFE34BF21FA0CF1002106FA00F04EF06A
:101220007F53084343F44013024643EC102BF8BDB0
:101230002DE9F043894683B0012157EC106B9046AD
:10124000FFF77CFB0446002846D0C7F30A55C7F3D6
:1012500013030DB143F480130193331E15D101A87C
:10126000FFF770FC019B636101212030216115B300
:10127000A5F233450544C0F13500C9F80050C8F85F
:101280000000204603B0BDE8F08368460093FFF7F6
:1012900059FCDDE9002328B1C0F1200103FA01F176
:1012A0000A43C340002B0CBF012102216261A361EC
:1012B0002161002DDCD104EB8103A0F23240C9F89A
:1012C00000001869FFF714FCC0EB4110C8F80000DB
:1012D000204603B0BDE8F083034B0448224640F2A9
:1012E0000F3100F057FE00BFFC270020C42800206B
:1012F000F0B583B00E4669460746FFF739FF01A9EE
:10130000304655EC104BB0EE407BFFF731FF3369B0
:101310003A69D21ADDE900315B1A03EB4213002B64
:1013200009DD17EE902A02EB035545EC174B87EECB
:10133000000B03B0F0BD10EE902A51EC100BC3EB84
:10134000033302EB035141EC100B87EE000B03B0AB
:10135000F0BD00BF0139491101F1010C116902F121
:10136000140303EB81018B4200EB8C0C16D210B5F9
:10137000A0F1040E53F8044B4EF8044F9942F9D8EB
:10138000891A153921F0030104300844844504D931
:10139000002340F8043B8445FBD810BD844505D9A3
:1013A000002340F8043B8445FBD87047704700BFDA
:1013B00003694A11934200F1140009DA00EB830338
:1013C00002E053F8042D82B98342FAD80020704716
:1013D00000EB8203F8DD11F01F01F5D050F822C0B8
:1013E0002CFA01F28A409445EED00120704700BFEC
:1013F0002DE9F8430746884616464FF00009756800
:10140000013D11D4B468A389012B08D9B4F90E3079
:1014100001332146384602D0C04749EA0009013D60
:101420006B1C04F16804EED13668002EE7D1484603
:10143000BDE8F8832DE9F0471D464A4B16460C4699
:1014400082460A46114612F801EB13F80EC01CF052
:10145000080CF7D1BEF12D0F5AD0BEF12B0F03BFF0
:1014600092F800E063468A1C634645B9BEF1300F2E
:101470005CD00A253C4F4FF00509A8460AE0102D24
:101480004BD04FF0FF37B7FBF5F705FB07F96FEAD5
:101490000909A8460021084605E02CD008FB00C039
:1014A000012112F801EBAEF1300CBCF1090F06D9A5
:1014B000AEF1410CBCF1190F0BD8AEF1370C6545FC
:1014C00010DDB1F1FF3FECD0B842E6D94FF0FF316B
:1014D000E7E7AEF1610CBCF1190F03D8AEF1570C80
:1014E0006545EEDC4D1C0BD003B140420EB169B92D
:1014F0003460BDE8F087CC45D0DD4FF0FF31D0E758
:101500002223CAF800300846002EF2D0541EEFE71E
:1015100092F800E001238A1CA7E7BEF1300F11D03A
:101520004FF00F096FF07047A846B3E7117801F04C
:10153000DF0158290BD008254FF007096FF06047ED
:10154000A846A7E7117801F0DF015829E8D14FF04C
:10155000100892F801E04FF00F0902326FF0704767
:10156000454697E7592E002099999919FFF762BFD0
:101570002DE9F0411546926802B32C68074688466B
:10158000083401E00834C9B16B68581E002B1146BD
:10159000686013DD54F8046C002EF3D0334654F821
:1015A000082C4146384603F043F8431C07D0AA688C
:1015B000921B1146AA6008340029E5D100200023BF
:1015C000C5E90133BDE8F08149B1FF2A02D80A70AC
:1015D000012070478A2303604FF0FF3070470846B0
:1015E000704700BF70B5002941D006460C4610B1C7
:1015F000436B002B3ED0FAF74FFA636EB4F90C2020
:10160000DD0730D4900538D52146304600F09EF8ED
:10161000E36A054633B1E169304698470028B8BF10
:101620004FF0FF35A3891A0639D4216B41B104F17B
:101630004003994202D03046FAF768FF0023236343
:10164000616C21B13046FAF761FF00236364636E79
:101650000022DB07A2811ED5A06DFAF739FEFAF74A
:1016600021FA284670BD002ACED1FAF71BFA0025D0
:10167000284670BDFAF7F2F9BDE7A06DFAF72AFE29
:10168000B4F90C30002BBFD1636ED907EDD4A06D37
:10169000FAF722FEE9E7A06DFAF71EFEDCE7216902
:1016A0003046FAF733FFC0E730B591F800C0BCF11F
:1016B0005E0F864626D00023481C1C46002263F39A
:1016C000070263F30F2263F3174263F31F620EF501
:1016D0008071734643F8042B8B42FBD1BCF1000FA1
:1016E0000ED084F001010EF80C10451C15F8013CD9
:1016F0002D2B0FD05D2B0BD01BB19C462846F2E75B
:10170000013830BD012391F801C0881C1C46D5E783
:10171000284630BD44785D2CEFD0A445EDDC0EF1B9
:1017200001020230624402F8011BA2EB0E03013BEE
:101730009C42F8DCA4EB0C03013BA445A8BF0023AA
:101740000CF1010C02359C44D0E700BFB1F90C202C
:101750002DE9F041804610070C4650D4496842F408
:1017600000630029A38164DDA66A002E44D0002115
:1017700012F48052D8F80050C8F8001065D1E16921
:1017800001234046B047411C02466CD0B4F90C30EE
:10179000A66A5B0705D56368D21A236B0BB1E36BAE
:1017A000D21A0023E1694046B047471CB4F90C3017
:1017B0004DD1D8F800101D2940D8304ACA40D6076C
:1017C0003CD52269226023F40062A281D9044FF043
:1017D0000002626003D5D8F80030002B41D0216BA5
:1017E000C8F8005041B104F14003994202D040468C
:1017F000FAF78CFE002323630020BDE8F0810E6918
:10180000002EF9D00D680E6092070CBF4B690023C3
:10181000AD1B8B600AE02B463246E169676A4046A1
:10182000B8470028A5EB0005064406DD002DF2DCD4
:10183000E2E7E16B002997DCDEE7A38943F0400390
:10184000A3814FF0FF30BDE8F081226DA1E722694E
:10185000226023F40062A281DB044FF00002626088
:10186000BDD52065BBE7D8F80030002B8ED01D2BEE
:1018700001D0162BE1D1C8F80050BDE7010040208F
:1018800000B5034683B008B1426B52B3B1F90C0006
:1018900098B14A6ED20701D4820512D5184600913C
:1018A000FFF754FF00994A6E0346D00702D48A8995
:1018B00092050ED5184603B000BD0346184603B086
:1018C00000BD886D01930091FAF704FDDDE9001376
:1018D000E4E7886D0093FAF7FFFC009B184603B01D
:1018E00000BDCDE90001FAF7B9F8DDE90031CDE737
:1018F0000EB410B59DB06FF000411FAB049107917D
:101900000B4953F8042BDFF82CC0029000240690FA
:101910000868019302A9CDF814C01B94FBF77AFB69
:10192000029B1C701DB0BDE8104003B0704700BFA3
:10193000B8A900200802FFFF84460843830713D19B
:10194000032A0B4610D918681946A0F1013323EA7F
:10195000000313F0803F01F1040305D1043A032A88
:101960004CF8040BEFD81946013960460AB300B5AC
:1019700011F8013F00F8013B02F1FF3E53B17246FE
:101980008446A2B111F8013F00F8013B02F1FF3E8D
:10199000002BF4D1BEF1000F06D06244014601F8DD
:1019A000013B9142FBD17044BCF1000F00D0604676
:1019B00000BD70470048704728A900202DE9F0417C
:1019C000274C88B0266805460F4690461C466BB3E8
:1019D00007AA3B460192CDF800802A4630460321F3
:1019E00000F090FC079A3B689042C3F1000335D2A7
:1019F0000246214612F801CB01F801CB079E964220
:101A0000F8D81B1A13449D420ADDA5EB030C8C4445
:101A10000A46302002F8010B6245FBD12944C91A5D
:101A200000230B70204608B0BDE8F081D6E91224EF
:101A300000F123039A42CBDC00F124022146304618
:101A40008DED040B0392F8F741FC04460028E9D021
:101A5000039A9DED040BC6E91220B9E72146D2E7AF
:101A6000B8A900202DE9F04F85B089460092574A69
:101A700003901E460D46294615F8014B135D13F0E1
:101A80000803F8D12D2C75D02B2C0CBF0293029398
:101A90004FF0FF3308BF2C78019308BF8D1C6FF007
:101AA000004A2EB9302C73D00A27B0463E4604E0D7
:101AB000102E67D037464FEAE67801983A464346FB
:101AC0005146F7F743FF002393468E4602461946D8
:101AD0001846A44610E08E4508BF82423BD000FB6A
:101AE00008F307FB0133A0FB07010B44201843EB6D
:101AF000E471012315F801CBACF13004092C05D9B0
:101B0000ACF14104192C0DD8ACF13704A64211DD1B
:101B1000B3F1FF3FEED082427EEB0103DBD24FF008
:101B2000FF33E7E7ACF16104192C03D8ACF157049B
:101B3000A642EDDC5A1C13D0029A12B1404261EB6E
:101B40004101009A22B1002B37D1009BC3F80090CD
:101B500005B0BDE8F08FA345C1DA4FF0FF33C9E708
:101B6000039A22231360009B53B3019805F1FF39B8
:101B70005146EAE7019301232C7802938D1C4FF024
:101B8000004A8EE7302C0CD037464FF0000894E71F
:101B90002B7803F0DF03582B08D00827B0463E46C9
:101BA0008BE72B7803F0DF03582BEDD110276C78EF
:101BB0004FF0000802353E467FE701908A46D4E7A1
:101BC0000198514605B0BDE8F08F00BF592E0020A6
:101BD000FFF748BF2DE9F04F85B08B460192604A70
:101BE00003901E460D46294615F8014B135D13F070
:101BF0000803F8D12D2C7ED02B2C03BF2C78029318
:101C00008D1C02936EB9302C00F086804FF00A09CB
:101C1000B246DFF850814FF0050C4FF099374E4631
:101C200017E0102E6CD04FEAE67A324653464FF05A
:101C3000FF304FF0FF31F7F789FE324607468846FE
:101C400053464FF0FF304FF0FF31F7F77FFEB146BC
:101C5000944600221046114610E0414508BFB842A4
:101C600039D000FB0AF209FB0121A0FB0902114453
:101C7000181841EBE371012215F8014BA4F1300370
:101C8000092B05D9A4F14103192B0CD8A4F1370372
:101C90009E4210DD541CEFD0874278EB0102DCD26B
:101CA0004FF0FF32E8E7A4F16103192B03D8A4F148
:101CB00057039E42EEDC531C12D0029B13B14042EC
:101CC00061EB4101019B1BB192B9019BC3F800B0CC
:101CD00005B0BDE8F08F6345C3DD4FF0FF32CBE7C1
:101CE000039922230B60019B10461146002BEFD075
:101CF00005F1FF3BE9E701232C7802938D1C81E776
:101D0000302C19D04FF00F0C4FF0FF376FF07048A8
:101D1000B1464FF0000A9CE72B7803F0DF03582B05
:101D20000FD04FF00809B2464FF0070C4FF0FF37C5
:101D30006FF060484E468CE72B7803F0DF03582B9A
:101D4000E0D14FF010096C784FF00F0C02354FF0D6
:101D5000FF376FF070484FF0000A4E4679E700BF3A
:101D6000592E002099999919FFF734BF00000000FF
:101D70000000000001F0FF01102A2BDB10F0070F1C
:101D800008D010F8013B013A8B422DD010F0070F1C
:101D900042B3F6D1F0B441EA012141EA014122F017
:101DA00007047FF000070023F0E80256083C85EAAC
:101DB000010586EA010685FA47F5A3FA87F586FA52
:101DC00047F6A5FA87F68EB9EED1F0BC01F0FF0117
:101DD00002F0070232B110F8013B013A83EA010335
:101DE00013B1F8D10020704701387047002D06BFAD
:101DF00035460338073815F0010F07D1013015F4C7
:101E0000807F02BF013015F4C03F0130F0BC0138C3
:101E1000704700BF30B583B00446069858B11248E9
:101E2000D0F8CC517AB1069800902046A847431CC0
:101E300012D003B030BD04F1F40006900A48D0F887
:101E4000CC51002AEFD1069B009311460123074A8B
:101E50002046A847431CECD1069900228A230A6039
:101E6000236003B030BD00BF50A700205C270020D6
:101E700030B5044687B05BB110480193D0F8C85123
:101E800071B12046A847421C019B10D007B030BD5D
:101E900000F5827309480193D0F8C8510029F0D1A8
:101EA0000A46204603A9A847421C019BEED1002107
:101EB0008A221960226007B030BD00BF50A7002001
:101EC00010B582B0049CCDE900344FF0FF3302F02E
:101ED00035FD02B010BD00BF002100F001B800BF09
:101EE00010B500F00DF9044601F022F91A38C0B21D
:101EF000022806D9A4F1090004288CBF0020012083
:101F000010BD012010BD00BF000000004DF804BD51
:101F100083B08DED000B019ADFF870C022F0004312
:101F200000216345016025D8DDF800C053EA0C0CA0
:101F300020D0DFF85CC002EA0C0CBCF1000F0AD123
:101F40009FED107B20EE077B8DED007B019A6FF0FB
:101F5000350122F00043DDE900BC6FF31E5242F070
:101F60007F5C1B154CF4001CA3F2FE33CDE900BCD2
:101F70000B4403609DED000B03B05DF804BB70479C
:101F8000AFF300800000000000005043FFFFEF7F30
:101F90000000F07F00B50B4C2468864685B0E068F1
:101FA0009C460C4652B108490094CDE90112734693
:101FB0000649624601F0F2F8EEF796F904490A463E
:101FC000F2E700BFB8A90020282900203829002006
:101FD0005C2700200229C0F30722C3B224D00329C2
:101FE00003D082F0800283F0800302F15001C9B275
:101FF0001F290BD902F13001C9B2242934D84FF27C
:10200000A641884226D94FF0FF3070474CF6D37175
:102010008842F8D8A13B4FF0FE00B03A304912FB9D
:10202000003231F8120070479E2B0FD92333DBB2F8
:1020300080219F2A94BF703A503201EB4201CAB20C
:1020400002F15001C9B21F29D4D8DFE77E3BDBB2D1
:102050007F21EEE7A13B4FF0FE00D03A214912FB71
:10206000003231F812007047A13A072ACBD8DFE8D6
:1020700002F031281E18130F0B04C02BC3D81A4AC4
:10208000A13B32F813007047F12BBCD8174A19E076
:10209000D82BB8D8164A15E0F62BB4D803F5405023
:1020A0007047F32BAFD803F53E5020307047114AEC
:1020B0001A4412F8A12C002AA5D003F57E40603006
:1020C00070470D4AA13B32F81300002808BF4FF0BB
:1020D000FF307047094AA13B32F81300704700BF38
:1020E00084320020D07F002044320020A031002024
:1020F00030310020D4300020183000205C2F002028
:1021000038B50546B9B101F2122412492046F9F753
:10211000E9FE28B928460121BDE83840FFF75ABF3B
:102120000D492046F9F7DEFE38B928460221BDE800
:102130003840FFF74FBF094CE7E709492046F9F758
:10214000D1FE28B928460321BDE83840FFF742BF39
:10215000284638BD682900206C29002062A900208B
:102160007429002010B5A1FB021482B074BBF7F7EC
:10217000C1FD034670B350F8042C22F00302043A68
:10218000242A10D8132A16D91B2AC0E900441AD9C8
:10219000242AC0E902440ABFC0E9044400F1100146
:1021A00000F1180108E021460190F9F755FD019B67
:1021B000184602B010BD014600221846C1E90022AF
:1021C0008A6002B010BD00F10801F5E7F9F772FE70
:1021D0000C2303600023184602B010BD2DE9F04F18
:1021E00003690C69A34283B0C0F28880013C01F10D
:1021F000140500F1140855F8243058F82420013350
:1022000008EB84069A4200964FEA840B05EB84079C
:10221000B2FBF3F63AD300230191C64629469C4609
:1022200051F8042BDEF800901FFA82FA06FB0A33FD
:102230004FEA134A120C06FB02A29BB21FFA89FA5C
:10224000AAEB030363441FFA82FCCCEB234C0CEB98
:10225000194C9BB243EA0C438F424EF8043B4FEAC1
:102260002C4C4FEA1243DBD258F80B3001996BB972
:10227000009B043B984504D307E0984504F1FF34E4
:1022800003D21A68043B002AF7D004618146FEF7A6
:102290005DFE00282EDB01364146002255F8040B76
:1022A000D1F800C01FFA80FE1FFA8CF3A3EB0E03D7
:1022B0001344020CC2EB234202EB1C429BB243EAE2
:1022C0000243AF4241F8043B4FEA2242E6D258F8BB
:1022D000242008EB84036AB9043B984504D307E043
:1022E000984504F1FF3403D21A68043B002AF7D062
:1022F000C9F81040304603B0BDE8F08F002003B0AD
:10230000BDE8F08F2DE9F04F93B08DED000B0491F7
:10231000816B1C9D069257EC106B0446089341B1EB
:10232000C26B4A60012393408B60FEF731FB0023B0
:10233000A363B7F10008B4BF012300232B60A34BB4
:10234000BCBF28F00048CDF8048033EA080300F051
:1023500092809DED007BB5EE407BF1EE10FA0DD141
:10236000089A012313601D9B13B11D9A984B1360AB
:10237000984B0293029813B0BDE8F08F10AAB0EE0C
:10238000470B11A920468DED027BFEF751FF5FEA56
:1023900018539DED027B109A834640F08280119B7A
:1023A000134403F23241202940F3E281C1F140019C
:1023B00008FA01F803F2124126FA01F148EA010194
:1023C00006EE101AB8EE466B013B16EE901A4FF06F
:1023D0000108A1F1F8719FED772BB7EE081B9FED77
:1023E000775B9FED784B06EE901A03EE903A36EE4F
:1023F000416BB8EEE33BA6EE025BB0EE456BA3EE9D
:10240000046BFDEEC65BB5EEC06BF1EE10FACDEDE0
:10241000055A00F1C0800599D21A162902F1FF3A37
:1024200000F2A4806C4B03EBC10393ED006BB4EEA0
:10243000C67BF1EE10FA00F1A281002A40F3C084BD
:102440000027CDE90A178A4400230993049B092B2E
:102450003DD8052BC4BF043B0493049BA3F10203A6
:10246000CCBF00250125032B33D8DFE813F0FA0198
:10247000F701ED019201089AC8F3130842F20F73B5
:1024800058EA060813601BD11D9B002B00F0428602
:10249000524B029308331D9A0298136013B0BDE8A3
:1024A000F08F17EE901AB0EE476BC1F3130141F0B5
:1024B0007F51A3F2FF3341F440114FF000088AE747
:1024C0001D9B002B40F06181454B029352E7002396
:1024D00004930025E563294620468DED067BFEF733
:1024E0002DFA9DED067B0290002800F0B485119A2C
:1024F000029BA363002A75DB05990E2972DC364B1B
:1025000003EBC10393ED003B87EE036BBDEEC66B9F
:10251000029916EE103A303301F8013B4FF0FF39C3
:10252000B8EEC65BA5EE437B0123B2EE044B11E08F
:1025300087EE036BBDEEC66B013316EE102A4B45DA
:1025400002F13002B8EEC65B01F8012BA5EE437B29
:1025500000F0A38427EE047BB5EE407BF1EE10FA89
:10256000E6D1059B013304930D46ECE001230B9368
:10257000059BBAF1000FBABFC2F101074FF0000A84
:102580000027002B80F2F180059BFF1A5B42099324
:1025900000230A935AE7B8EEE55BB4EE465BF1EE32
:1025A00010FA3FF438AF05990139059133E700BFC0
:1025B000AFF3008061436F63A787D23FB3C8608BDE
:1025C000288AC63FFB799F501344D33F0000F07F19
:1025D0009523002094230020A80200207C290020BD
:1025E000882900204FF0FF390695CDF83090B8F1DA
:1025F000000F00F0E984DDF8248002F2334201216B
:1026000020469244BD18FEF7DDFA0646002F40F042
:102610009F82099B002B00F09383B8F1000F40F0DC
:1026200077835946099A2046FEF7BEFB012383466D
:10263000099301212046FEF7C5FA0A9B8046002B2C
:1026400040F04582049B012B40F3AA8201205044B4
:1026500010F01F0000F008811B2800F3D582C0F1A4
:102660001C00054407448244002D05DD59462A46D6
:102670002046FEF7F5FB8346BAF1000F05DD414623
:1026800052462046FEF7ECFB80460B9B002B40F0A9
:102690000082B9F1000F40F3D781099B002B40F075
:1026A0002481059B01330493029F012507E05946CD
:1026B00000230A222046FEF775F90135834641467C
:1026C0005846FFF78BFD4D4500F1300A07F801AB86
:1026D000EDDB029BB9F1000F03F1010209F1FF39B3
:1026E0004FF00003D8BF4FF00009914400935946C2
:1026F00001222046FEF7B4FB41468346FEF726FC46
:10270000002840F32083029A02E0914500F02683DE
:102710004D4609F1FF3915F8013C392BF5D001334D
:1027200089F8003041462046FEF732F95EB1009B41
:102730002BB1B34203D019462046FEF729F93146A2
:102740002046FEF725F959462046FEF721F90023D9
:102750002B70089B049A1A601D9B002B3FF40AAE55
:1027600002981D6013B0BDE8F08F9A440A936BE69F
:10277000C1F1200106FA01F106EE101A22E6059BCE
:10278000013B059300230B93F2E6AC4B029303331A
:1027900081E601230D93DDE90523134403F10109CB
:1027A0004E46012E0C93B8BF0126172E40F39C8491
:1027B000012204235B0003F11400B042114602F130
:1027C0000102F7D9E16320468DED0E7BFEF7B6F8E6
:1027D0000290002800F03F84B9F10E0F9DED0E7BB2
:1027E000A06346D8002D44D00599002940F3F1821A
:1027F000934B01F00F0203EBC203CD0593ED006B89
:102800004FEA211340F18A838E4A92ED085B03F070
:102810000F03032187EE054B002B00F0FB81894A53
:1028200001E05B100832D80703D45B100832DE07E2
:10283000F7D592ED005B5B1001F1010126EE056B0F
:1028400000F0E8810832F2E701230D93069B002B8C
:1028500040F38B81069E0C96B146A6E700230D93AC
:1028600099E700230D93F1E71C20054407448244B7
:10287000FAE6119A002AC0F24081059B0E2B00F364
:102880003C816F4B059A03EBC20393ED003B069B23
:10289000002B80F2ED82B9F1000F00F3E98240F0E5
:1028A0008682B1EE046B23EE066BB4EEC67BF1EECE
:1028B00010FA494640F27C82029D312305F8013B23
:1028C0002046FEF765F8059B023304933BE731464B
:1028D00000230A222046FEF765F80C9B002B0646D3
:1028E00040F3FA83DDF830900595002F05DD314681
:1028F0003A462046FEF7B4FA06460A9B002B40F003
:10290000F6823746029D6B1E4B440A93009B03F0F0
:1029100001030C9341465846FFF760FC31460B908B
:1029200000F1300A5846FEF711FB414681463A460F
:102930002046FEF72BFBC3680146002B36D10990D9
:102940005846FEF703FB099906902046FEF720F84B
:10295000069A002A5AD1049B1BB90C9B002B00F04D
:10296000A483B9F1000F43DB0A9BA9469D4209F8F5
:1029700001AB00F0D782594600230A222046FEF719
:1029800011F8BE42834631464FF000034FF00A0271
:10299000204635D0FEF706F83946064600230A22BF
:1029A0002046FDF7FFFF4D460746B3E72046FDF7FB
:1029B000EFFFB9F1000F08DB009B03F00102049B5D
:1029C00049EA030952EA09022ED15946012220465A
:1029D000FEF746FA41468346FEF7B8FA002840F370
:1029E0004183BAF1390F00F024830B9B03F1310AC4
:1029F00005F801AB059B0096013304933E4691E632
:102A0000FDF7D0FF4D460646074683E7B9F1000FB4
:102A1000C0F28483049B49EA03090C9B53EA090929
:102A200000F07C83002A9FDDBAF1390F00F00183AA
:102A30000AF1010305F8013BDCE700BF882900200B
:102A4000A802002080020020049B022B7FF725AE05
:102A5000B9F1000F40F0008241464B460522204666
:102A6000FDF7A0FF014680465846FEF76FFA48453D
:102A700040F3F281029D312305F8013B4146204697
:102A8000FDF786FF059B02330493002E7FF457AEBB
:102A900059E641465846FEF759FA0028BFF6F9AD07
:102AA000594600230A222046059DFDF77BFF099B1E
:102AB000013D8346002B7FF40AAF0C9B002B40F3B3
:102AC000FE82059BDDF8309004930595ECE51A46EF
:102AD00001462046FEF768F9049B012B804640F32F
:102AE000F98100230A93D8F8103008EB83031869A2
:102AF000FDF7FEFFC0F12000A9E50D9B73B9002F83
:102B000067D1099B002B74D11D461E4691E5119A91
:102B1000002A03DB05990E297FF7B4AE049B012B35
:102B20007FF765AD099B09F1FF384345C0F2778116
:102B3000B9F1000FA3EB080880F2BE82A7EB0903EE
:102B4000012120460D93FEF73DF83D460D9F0646B8
:102B5000BAF1000F7FF75DAD57453B46A8BF53461E
:102B6000ED1AFF1AAAEB030A53E50021E1632046A0
:102B70008DED067BFDF7E2FE9DED067B02900028C1
:102B800000F06982029BA363002D40F09F81119A9F
:102B9000AA42C0F27C8201230C93994606936CE60C
:102BA000009B002B7FF452AD019BC3F31303002B5A
:102BB0007FF44CAD019B23F000431B0D1B05002B44
:102BC0003FF444AD012301350AF1010A0A93184686
:102BD0003DE5BAF1000F00F0FE8157453B46099EE6
:102BE000A8BF5346FD1AAAEB030A2F46002E3FF456
:102BF00020AD5946099A2046FEF7D6F800238346B1
:102C000009933D461E4614E51C283FF42DADC0F146
:102C10003C002AE684EE065B0B9B3BB1B7EE006BF3
:102C2000B4EEC65BF1EE10FA00F1E081B1EE0C4BB0
:102C300006EE901AB8EEE66BA6EE054B14EE901A6F
:102C400053EC142BA1F15073B9F1000F00F09B80ED
:102C5000DDF814C0484643EC142BB64B029DFDEE44
:102C6000C53B03EBC00212ED022B13EE902A02F1DA
:102C7000300E0D9A691CB8EEE36B0E4635EE466BCE
:102C8000002A00F05B81B6EE003B83EE025B35EE7E
:102C9000445BB4EEC65BF1EE10FA85F800E000F399
:102CA0002782B7EE001BB2EE043B002518E0013589
:102CB0008542BFF62CAF26EE036B25EE035BFDEEDF
:102CC000C64B14EE902AB8EEE42B303236EE426B4F
:102CD000B4EEC56BF1EE10FA01F8012B00F1DF81C3
:102CE00031EE464BB4EEC54BF1EE10FADFD5029A49
:102CF0000CF1010C02E0914200F097810D4611F8B1
:102D0000013D392BF7D001330B70CDF810C01AE517
:102D1000314642462046FEF747F85A4601460646E7
:102D20002046FDF77DFF59460D902046FDF730FE09
:102D3000099BDDF834B0B3EB080309937FF471AC61
:102D40000123099375E403D11AF0010F7FF4DBAC82
:102D50004D4619F8013D302BFAD0E3E4059B029A69
:102D60000233049331231370DCE406EE901AB1EEC3
:102D70000C4BB8EEE66BA5EE064B14EE901A53EC36
:102D8000142BA1F1507343EC142BB1EE046B35EE10
:102D9000466BB4EEC46BF1EE10FA00F35681B1EE5F
:102DA000444BB4EEC46BF1EE10FA7FF562AD002136
:102DB0002046FDF7EDFD069B029D5B420493C2E4B5
:102DC000059B0A939A460023C2F101070B93FFF774
:102DD0003BBB00F00781059A564B524202F00F01AF
:102DE00003EBC10393ED005B131127EE055B00F0CD
:102DF0007981514A022101E05B100832DD0703D4DA
:102E00005B100832D807F7D592ED006B5B1001F12B
:102E1000010125EE065B3FF4FFAE0832F2E7099BA5
:102E20000A9AA8EB03031A44012120460A92FDF7EF
:102E3000C9FECA4407EB09050646CDF82480002FD9
:102E40003FF4EFAB57453B46A8BF5346ED1AFF1A78
:102E5000AAEB030AFFF7E5BB41462046FDF798FDC4
:102E6000069B029D5B420493002E7FF468AC6AE4EB
:102E7000029B5E1C87EE036BBDEEC66B029A16EEDC
:102E8000103AB9F1010F03F13003B8EEC65B3146D9
:102E90001370A3EE457B7FF447AB37EE077BB4EEB0
:102EA000C37B059BF1EE10FA03F1010304939C46EA
:102EB00008DCB4EE437BF1EE10FA05D116EE103AC1
:102EC000DB0701D5029A19E70D463CE40C95A946AB
:102ED000069589E4009B002B7FF403AEDDE9001228
:102EE000C2F31303002B00F0C4800A91FBE5716864
:102EF0002046FDF723FD0546002800F004813369D4
:102F000002339A0006F10C010C30ECF78BFD2946D8
:102F100001222046FDF7A4FF0746F3E40221B0EEAC
:102F2000474B79E4059B009601333E460493FFF737
:102F3000DEBB00BFA802002080020020029A24EE1F
:102F4000022B012882F800E014D0B2EE043B029A72
:102F5000151826EE036BFDEEC65B15EE902A303297
:102F600001F8012BA942B8EEE54B36EE446BF0D1E7
:102F7000711E0144B6EE005B32EE054BB4EEC64B5B
:102F8000F1EE10FA3FF5B3AE35EE425BB4EEC65B40
:102F9000F1EE10FA0DDC119A002AFFF6B0AD059A99
:102FA0000E2A3FF7ACAD059A03EBC20393ED003B4D
:102FB00060E70D46013915F8013C302BF9D00CF1D2
:102FC00001030493FFF7BFBB109ADDF82480C2F120
:102FD0003602FFF714BB099E002E7FF40AAE3D4671
:102FE000FFF727BB0221B0EE475B15E6B9F1000FF2
:102FF0003FF4BBAE0C9800287FF73BACB2EE043B2D
:10300000B1EE0C4B013106EE901A25EE035B059BE9
:10301000B8EEE66BA5EE064B14EE901A03F1FF3CFA
:1030200053EC142BA1F1507315E60CF1010C312374
:103030006AE6A946392309F8013B059B009601334E
:10304000029A04933E46FFF763BB029D312305F8C5
:10305000013B002134E4334B3348002240F2AF11EE
:10306000FEF798FF7FF4C4AC1AF0010F7FF4B9ACFF
:10307000BEE4019B23F000431B0D1B05002B3FF416
:1030800031AD012301350AF1010A0A932BE50D9BAD
:10309000002B33D101230C93994606932FE50CF1B5
:1030A000010304930D46FFF74EBBBAF1390FC0D0B0
:1030B00091453FF79AAC9BE44A46FFF7A0BA049AC1
:1030C000022A05DC059A049299460595FFF7ECBAA9
:1030D0000595DDF83090BBE4049A0595022AF8DCEA
:1030E000994602E4022197E50021E163FFF76BBBFB
:1030F0000CF1010304930D46FFF725BB0D9B0693CE
:1031000099460C930EE5074B07482A4640F2EF21FB
:10311000FEF740FF054B0293FFF72CB9002A3FF75B
:1031200054AC65E4FC2700208C2900207C29002079
:10313000184B98422BD870B50446174D4FF0000E2F
:1031400040F6F90003E003F1010E70451ADB0EEBC7
:10315000000303EBD37323F0010101EB630105EBE3
:10316000410C5B109CF80120BCF80260BCF804C064
:1031700042EA062294446445E5D8944204D2581E9B
:103180007045E4DAFF2070BD15F8110070BDFF2016
:10319000704700BFEF010E00F44900200EB400B5E7
:1031A00082B003ABDFF81CC053F8042B0193014637
:1031B000DCF8000000F0C8F802B05DF804EB03B0E2
:1031C000704700BFB8A900204B1C46D000B5B2F82C
:1031D0000CC0D2F804E0CBB2116B2CF0200C83B001
:1031E000A2F80CC0C9B1516B71450ADD1168481EC7
:1031F000106001F8013C516801315160184603B07C
:1032000000BD11460193009201F074FADDE900233C
:103210000028EBD04FF0FF33F0E71169106829B1B7
:10322000814203D210F8011C994210D01146C2E924
:103230000E0E02F1400C03205063C2F830C001F8BA
:10324000423F0120C2E90010184603B000BD01381A
:103250000EF10101C2E90001D0E74FF0FF3318463B
:10326000704700BF00B50B46096B83B081B103F115
:103270004002914203D00193F9F748F9019BDA6BC0
:103280005A60002018631AB19A6B1A6003B000BD2F
:1032900099891A69002041F02001586099814FF006
:1032A000FF30F2E72DE9F04F83B0824602FB03F0D6
:1032B0000C9CA0B30E46D4E90015A84200938146A9
:1032C00021D9002704F14008CB4601922A46304616
:1032D000ECF7A8FB2368226B2B44C4E900371146A6
:1032E0005046FAB1424501D0F9F710F9E36B276374
:1032F0002E446360B3B1ABEB050BA16B21605B4562
:103300001D46E3D3D9464A463046ECF78BFBD4E959
:103310000032A2EB09024B44C4E90032009803B02A
:10332000BDE8F08FA389019A09EB0500A0EB0B0023
:1033300043F02003B0FBF2F02269A3810023C4E92B
:10334000002303B0BDE8F08F2DE9F04FC5B00DF1BB
:10335000500A8346049116460021082250461C4616
:103360000B93F8F779FCBBF1000F04D0DBF8343095
:10337000002B00F04987049B5A6EB3F90C30D0073C
:1033800040F14181990400F1A985049943F4005367
:1033900022F400528B814A66930401F1AE80049BB3
:1033A000B3F90C301D0740F1BD80049A1269002A60
:1033B00000F0B88003F01A020A2A00F0C28000234D
:1033C000CDE91933CDE90E331BAADFF86C980D93C4
:1033D000189217460793B0464546D9F8CC41F8F7FE
:1033E000F1FCCDF800A003462A4612A95846A04792
:1033F000002800F0C580C0F2BB80129A252A03463F
:1034000001D01D44E9E7B5EB0806044640F0BC8056
:10341000002319468DF8433008934FF0FF326B7844
:10342000059205F10108039108F101081946A1F17F
:1034300020035A2B00F2F280DFE813F0E603F000DD
:10344000F000DF03F000F000F000BF03F000F00038
:1034500007025302F00012020004F000F1035B00C7
:103460005B005B005B005B005B005B005B005B0084
:10347000F000F000F000F000F000F000F000F000CC
:10348000F000D8019F03F000F000F000F000F00021
:10349000F000F000F000F000F0001902F000F00081
:1034A000F000AA01F000FB02F000F000BA05F00005
:1034B000F000F000F000F000F000F000F000F0008C
:1034C000F000D8016801F000F000F00095036801F9
:1034D0006D00F0008B03F0007D036A0320036D0094
:1034E000F000AA016A005902F000F000FB05F000AC
:1034F0006A00A1F13003002218F8011B02EB8202DE
:1035000003EB4202A1F13003092BF5D908928EE7B3
:1035100098F8003088E7039B43F02003039398F862
:10352000003081E7049D5846294601F01DF9002826
:1035300040F0F687B5F90C3003F01A020A2A7FF43E
:103540003EAF0499B1F90E20002AFFF638AF4A6E5B
:10355000D20702D49F0540F1908704992346324652
:10356000584601F015F80790079845B0BDE8F08F70
:10357000082200215046F8F76FFB01231D442CE779
:10358000B5EB0806044610D01A9B33441A93199BD6
:103590000133072BC7E90086199310DC0837079B16
:1035A00033440793002C7FF433AF1A9B002B40F079
:1035B0006E87049B0022B3F90C30199218E004992D
:1035C00018AA584601F024F878B91BAFE7E7049928
:1035D00018AA584601F01CF8002800F08380099BC7
:1035E0001BB109995846F8F791FF049BB3F90C30C9
:1035F000049A526ED0077FD55B0600F16687079864
:1036000045B0BDE8F08F9F0540F114819D047FF522
:10361000BCAE90047FF5C6AE00F071BF0029C4D0E7
:10362000002301228DF8AC108DF8433009930A92E3
:1036300005932BAD0692DDE919C0039C14F08406B6
:103640000146624626D1089B069C1C1B002C00F3F9
:10365000ED839DF8433003B300260C96013201231D
:1036600001317B60072A0DF14303CDE919213B604D
:1036700000F3868308370C9B63B1013211AB023132
:103680003B60072A4FF00203CDE919217B6000F36C
:103690006B830837802E00F0EE82059B0A981C1A77
:1036A000002C00F326830A9B3D6001321944072A4F
:1036B000CDE919217B6000F34C830837039B5C073D
:1036C00005D5089B069A9C1A002C00F36583DDE95A
:1036D000073206988242ACBF9B181B18079300293B
:1036E0007FF475AF00231993099B1BB109995846C4
:1036F000F8F70CFF1BAF6FE69A053FF57DAF049C12
:10370000A06DF8F7E9FDB4F90C3075E7039B980656
:1037100040F13C840B9B073323F00702536852F8B7
:10372000084B0B921E46002BC0F23882059A002AE5
:1037300007DB039B23F08003039354EA060300F0A6
:103740008C840A2C76F1000380F0F7803034059ADF
:103750009DF843308DF80F41012AB8BF012206922F
:10376000002B00F0AF83069B013300250693012355
:10377000CDE909530DF20F15DDE91921039B13F073
:103780008406084694463FF45EAF00230C9365E739
:103790000B9E00238DF8433056F8043B0993002B11
:1037A00000F05585532900F07284039B13F0100438
:1037B00040F06D84059A002AC0F2138509982146CD
:1037C000FEF7D8FA9DF84330099D002800F08B865B
:1037D000421B0A9222EAE2720692002B00F00E854A
:1037E0000132059406920B960994C5E7432903D04C
:1037F000039BDD0640F127840822002116A8F8F774
:103800002BFA0B9A2BAD126816AB29465846FEF7D9
:103810002FFB0A90013000F04F860A9B23EAE373E6
:1038200006930B9B04330B9300238DF843300993CD
:10383000059300E7049DA86DF8F74CFDB5F90C3031
:103840006A6E99043FF5A8AD9FE50B9B53F8042BD6
:103850000892002A80F23D83089A0B935242089204
:10386000039B43F00403039398F80030DCE5039BCB
:1038700043F010009B0640F14E830B9B073323F06F
:1038800007031A46596852F8083B0B9200228DF83C
:103890004320059A002AC0F2118320F4906203921B
:1038A00053EA010200F01E8344AD03F00702DB0877
:1038B00043EA4173C908303253EA0104284605F847
:1038C000012DF2D1039B13F0010340F09E82059A73
:1038D000099344AB5B1B9A42B8BF1A460A930692FF
:1038E000A9E62B238DF8433098F800309CE5039926
:1038F0008E0600F1A48003990B9A11F0100052F883
:10390000043B40F02783039911F0400100F0CA8482
:103910008DF843009BB205990026B1421C4606DB98
:10392000039921F080010391002B00F07B850A2C84
:1039300076F100030B92FFF409AF039B0997002077
:10394000CDF830B044A9DDF834B0069003F48067B8
:10395000CDF8288025E00690A319B54843F100036F
:10396000A0FB032C2CF0030202EB9C029B1AE31A2F
:103970004FF0CC32A046B64602FB03F266F10006D9
:1039800000FB0622A3FB0043B8F10A0F13444FEAE1
:1039900054047EF1000E294644EAC3744FEA5306EC
:1039A0002ED3069BA24A01330693A31943F10003C9
:1039B0001046A2FB032525F0030202EB95029B1A99
:1039C000E31AA3FB003266F1000500FB05225B0849
:1039D00043EAC27303EB8303A4EB4303303301F8E0
:1039E000013C4D1E002FB7D006989BF80030834253
:1039F000B1D1FF28AFD00A2C76F1000380F0AF845C
:103A000005999DF84330CDF834B044AA521B914239
:103A1000B8BF1146DDE90978DDF830B00A920691A9
:103A2000002B00F0EE83069B0133069300230993DD
:103A3000A2E6039B43F010019B0640F189820B9B99
:103A4000073323F0070200238DF84330059B5668A7
:103A500052F8084B0B92002BC0F2EE8221F080034B
:103A6000039354EA06037FF46CAE059B002B40F0F1
:103A7000DE840A930693099344ADDCE5059C0B991B
:103A80000398002247F630039442ADF844308DF895
:103A9000432051F8043BC0F2D28220F0800040F075
:103AA00002000390002B00F0E58303F00F0461484F
:103AB0001B09045D8DF80F410B9100F05685022122
:103AC00006910DF20F1503F00F011B09415C05F87B
:103AD000011D43EA0273120953EA0201F3D144AB18
:103AE0005A1B059B0A929342B8BF1346069A002AB6
:103AF00000F03985DDE91921039C023314F08406B6
:103B000006930846944600F0E98200230993B4E541
:103B1000039886063FF5B1AE03990B9ACD0652F88D
:103B2000043B00F114850398440640F1C8839BB21E
:103B30000B920021AAE603990B9A8C0602F104036A
:103B400040F1F081126807991160C91751600B9319
:103B500042E498F800306C2B00F08F82039A42F018
:103B60001002039260E498F80030682B00F07B822A
:103B7000039A42F04002039256E4039A940642F0FC
:103B8000100300F100820B9A04320B9903930C6826
:103B90000B92E6173346002BBFF6C8AD2D238DF8E8
:103BA0004330059B644266EB4606002BFFF6C9AD29
:103BB000039B23F080030393C3E55846FDF7FAFE09
:103BC00043680F931846F8F78DFB0E90044658464D
:103BD000FDF7F0FE826898F800300D92002C3FF45B
:103BE00023AC002A3FF420AC1278002A3FF41CAC2E
:103BF000039A42F48062039216E4039B43F00103AC
:103C0000039398F800300FE49DF8432098F80030B3
:103C1000002A7FF409AC20228DF8432004E4039BA2
:103C200043F08003039398F80030FFF7FDBB00BF1B
:103C3000CDCCCCCC8C28002050A70020404610F8DA
:103C4000011B2A2900F07784A1F13003092B98BFCA
:103C5000002200F2178410F8011B02EB820203EB32
:103C60004202A1F13003092BF5D942EAE273059330
:103C70008046FFF7DCBB089B06981C1A002C7FF7D8
:103C80000CAD102C40F3268438460C95AE4F049DA5
:103C9000102604E0103C102C00F1080015DD013264
:103CA0001031072AC0E90076CDE91921F2DD18AA02
:103CB0002946584600F0ACFC00287FF490AC103C3C
:103CC000102CDDE919211BA8E9DC0C9D3B460746B9
:103CD00001322144072ACDE919213B607C6000F3C1
:103CE000A482059B0A981C1A002C07F108077FF78D
:103CF000DAAC102C40F3ED8238461026924F04E0E7
:103D0000103C102C00F1080016DD01328E4B1031F2
:103D1000072AC0E90036CDE91921F1DD049918AA76
:103D2000584600F075FC00287FF459AC103C102C6C
:103D3000DDE919211BA8E8DC3B4607460132214496
:103D4000072ACDE919213B607C6000F3AA8008377F
:103D5000A9E4049918AA584600F05AFC00287FF4F8
:103D60003EAC1A991BAFA9E4049918AA584600F072
:103D70004FFC00287FF433ACDDE919211BAF89E447
:103D8000049918AA584600F043FC00287FF427AC99
:103D9000DDE919211BAF6EE4102C199B40F38183E0
:103DA0003A46049E694F102504E0103C102C02F1A5
:103DB000080215DD01331031072BC2E90075CDE98A
:103DC0001931F2DD18AA3146584600F021FC0028CE
:103DD0007FF405AC103C102CDDE919311BAAE9DC9D
:103DE0003E46174601332144072BC7E90064CDE95D
:103DF00019317FF76CAC049918AA584600F008FCFA
:103E000000287FF4ECAB1A9961E4302A00F00182BB
:103E10003023059A05F8013C023844AB1B1A9A423C
:103E2000B8BF1A460A9306920546EFE000230C93AA
:103E3000102C464E624623DD394610232F46049D42
:103E400004E0103C102C01F1080117DD01321030A4
:103E5000072AC1E90063CDE91920F2DD18AA294635
:103E6000584600F0D5FB00287FF4B9AB103C102C6D
:103E7000DDE919201BA94FF01003E7DC3D460F4692
:103E800001322118072ACDE919213E607C6000F338
:103E90007A819DF843600837002E36D00026FFF760
:103EA000DDBB049918AA584600F0B2FB00287FF445
:103EB00096ABDDE919211BAFFFF7F5BB20F480625B
:103EC0000392F1E4099301230A930DF20F15FFF712
:103ED000B2BB0B9398F80030FFF7A6BA92047FF5B7
:103EE00061AAF2E2059A002A7FF4DEAC10F001022A
:103EF000069200F0428130238DF80F31059B0A9223
:103F000009930DF20F15FFF796BB0C9B002B7FF466
:103F1000B4ABFFF7C2BB0B9B1A1D0B9B0B921B682C
:103F20000021B3E4039AD00600F18C81039A510674
:103F300000F19582039A920540F184810B9A0799CA
:103F40001268117003E600BF849E0020E44900203F
:103F50000B9B1A1D0B9B05981B680026B0428DF821
:103F600043601C4667DB21F080010391002B7FF446
:103F7000DEAC0B92002840F05A820A90069009901D
:103F800044ADFFF758BB0393FFF7C4BB039B0B9AE9
:103F9000D90652F8044B3FF5F8AD039B5E0640F19D
:103FA000768144F3C0360B9224B23346FFF7BBBB95
:103FB000AD48039B9D0640F1B5800B9B073323F072
:103FC00007031A465C6852F8083B0B92039A12F0FA
:103FD0000102069240F08C808DF84320059A002A59
:103FE000C0F2B780039A22F49062039253EA04026B
:103FF00040F0F380059A002A00F0F68103788DF8EE
:104000000F31012306920A930DF20F15DDE91921F4
:10401000039B13F084060846944600F0A1829DF8A5
:104020004330002B00F0AB82002309930C93FFF781
:1040300015BB8E48BDE70B920391FFF782BB40F0A2
:104040000200039031E50B9B1B688DF8AC30012317
:1040500006930A932BADFFF7E4BB002A00F0D4814E
:104060003024FFF774BB039B43F40073039308F100
:10407000010898F80030FFF7D7B9039B43F02003FD
:10408000039308F1010898F80030FFF7CDB9099BB8
:1040900013930822002116A8F7F7DEFD059B002BDD
:1040A000C0F219810024069725461F460EE02BA971
:1040B0005846FDF7DDFE411C284400F0FD81B84262
:1040C00009DC04F1040400F008820546139A125931
:1040D00016AB002AEBD1069F05950AE1089C069BCA
:1040E0000996E41A002C7FF7C8AA02230C939FE6D6
:1040F00053EA04025ED100238DF84330059B002B68
:10410000C0F22181039B23F49063039300F0878125
:1041100003788DF80F31069B0A93059B06930DF2E9
:104120000F1573E70B9A52F8043B0B92039AD406CF
:1041300008D4520602D59BB2002447E7039A96059D
:1041400000F18181002441E742F002020392022241
:104150000692039A22F48062039203F00F02825CBB
:104160008DF80F211B0943EA0473220953EA141442
:104170007FF4A7AC0DF20F15B1E4059B44ADCDE97A
:104180000933FFF758BA049918AA584600F040FAC4
:10419000064600287FF423AA9DF84330DDE9192163
:1041A000002B40F089800C9B1BAF002B7FF465AA8D
:1041B000FFF773BA30228DF8442000228DF8432097
:1041C000059A8DF84510002A039ABDDB22F490620F
:1041D00042F0020203920222069203F00F02825C76
:1041E000BEE7099D2846F8F77DF89DF843300A9010
:1041F00020EAE0720692002B7FF4F2AA099D059353
:104200000B960993FFF717BA5846F7F727FCFFF705
:10421000B2B8059A44AB5B1B9A42B8BF1A460A93E0
:10422000002306920993FFF706BA049918AA584684
:1042300000F0EEF900287FF4D2A9DDE919211BAFC7
:10424000FFF72BBA0B9A0799126811607FE4059B60
:10425000074D0B96062B28BF062306930A93099B4E
:104260000593FFF7E8B900BFA02800208C280020A4
:10427000B42800200B91002C00F0DC8030230122B8
:104280008DF80F310DF20F1523460A9232E4039B8D
:104290000B929D054ABF44F3C016E61764B233463D
:1042A000FFF741BA039810F4007600F0CF808DF844
:1042B0004310DBB2FFF72FBB1BAFFFF7CFB903985B
:1042C00010F4007100F0BB80DBB20B920021FFF70D
:1042D000DDBAAC4B32E516AB0093002313AA1946A6
:1042E0005846FDF7EDFD0590013000F0E580099B93
:1042F0001393059B002B7CD0632B00F3B680002327
:1043000009932BAD0822002116A8F7F7A5FC059C00
:1043100016AB009313AA234629465846FDF7D0FD55
:10432000844240F01681059900236B5421EAE17222
:1043300006929DF84320002A40F0B580CDE90A1688
:104340000592FFF778B903788DF80F31039B23F4BA
:1043500080630393069B0A930DF20F1556E60E9A9F
:104360000F99AD1A2846F7F7F7FC9BF801300BB10F
:104370000BF1010B844AA31943F10003A2FB030CC8
:104380002CF0030000EB9C001B1AE31A4FF0CC3119
:1043900066F1000603FB01F102FB0611A3FB0230EC
:1043A00001445B0843EAC1744E08A31943F10003BA
:1043B000A2FB031020F0030101EB90015B1AE31A4A
:1043C000A3FB023166F1000002FB00125B0843EA26
:1043D000C27303EB8303A4EB4303303305F8013CC2
:1043E0000120013DFFF701BB059B0A9344A8054648
:1043F0000CE69DF84330099D0B96003B18BF012346
:104400000693059B0A9301E69DF843303BB1059B5B
:10441000CDE90933012344AD0693FFF7ADB9059B00
:10442000FFF727BB059B0B92002B3FF422AB002428
:10443000FFF78CB9059B0A9344ADFFF75BBB03986C
:104440000B92FFF723BADBB20024BFE505998DF884
:10445000436000291C46BFF663AAFFF768BA0B9AAF
:10446000079912681180FFF772BB591C5846F5F77F
:1044700041FC054600B3099044E7886DF7F72CFF2F
:10448000FFF76BB8002380460593FEF7D0BF049971
:1044900018AA584600F0BCF800283FF48AA8FFF795
:1044A000A4B83A4E9EE4059A0A92069A0B960132F7
:1044B00006920593FFF760B90498B0F90C30426E8C
:1044C00043F04001D207818109D54FF0FF330793B4
:1044D000FFF795B82B4BFFF7FBBB069F09E7990544
:1044E000F3D4FFF70CB99BB1059B0B965A1C0692AF
:1044F0000A9305900990FFF73FB9D707E5D4049BCD
:104500009B899E05E1D4049B986DF7F7E5FEDCE7F7
:10451000059A0993CDE905320B960A92FFF78BB8FD
:10452000049A536ED807D0D493899905CDD4906D51
:10453000F7F7D2FEC9E70B9A98F8013052F8041B3E
:104540000B9241EAE17180460591FEF76DBF084686
:10455000E3E4049A938943F040039381FFF73FB863
:104560000996FFF770B8069350E5059B0122012BD1
:10457000B8BF01230DF20F150A92FFF7BBBA0993DA
:10458000FFF788B8849E0020CDCCCCCCE449002035
:10459000F0B50D46ADF2744D164689896A6E1B92D0
:1045A000EA89ADF8162021F00201EA69ADF814108D
:1045B00009921CA96A6A0291074606910B924FF470
:1045C0008061002218A80193049107910892F7F7DF
:1045D0007DFE3246019B02A93846FEF7B5FE061E57
:1045E00007DB02A93846FDF74BF9002818BF4FF04A
:1045F000FF36BDF814305B0603D5AB8943F04003AA
:10460000AB811898F7F764FE30460DF2744DF0BD9B
:10461000936810B514461BB918460023636010BD9B
:1046200000F0A0F90023A3600023636010BD00BF69
:104630002DE9F0438E681D46AE420B6883B00C46F0
:1046400090463AD8B1F90CC01CF4906F0FD13546A2
:10465000184641462A46F7F76DFAA3689E1B236861
:10466000A6602B440020236003B0BDE8F0834A69B4
:10467000096902EB42025E1A02EBD2726B1C521005
:104680003344934294BF17461F46934288BF1A464D
:104690001CF4806F814612D01146F5F72BFBF0B168
:1046A000324621690190EBF7BDF9A289019B22F402
:1046B000906242F08002A28105E02E46C8E7F5F73D
:1046C00005FE034638B123613344BE1BA660676113
:1046D00023602E46BCE721694846F7F717FFA389F8
:1046E0000C2243F04003C9F800204FF0FF30A381B3
:1046F000BAE700BF70B501F140030C46096B99425F
:1047000082B015D0636B01935D002A46F5F7DEFD9C
:10471000014630B3019B0190C6181A463046EBF7AC
:1047200081F901992660C4E90C15002002B070BD22
:104730004FF48061F5F7DEFA98B194F842304FF407
:104740008062C4E90C0280F8FF3394F8413080F8AD
:10475000FE3394F8402080F8FD2300F2FD332360FF
:10476000E3E74FF0FF30E1E710B5354B044618683A
:1047700082B00B4610B1426B002A53D0B3F90C2023
:10478000110711D51869C8B1B3F90C2012F0010155
:1047900026D059694FF0000C4942C3F808C099610E
:1047A00020B3002002B010BDD00640D5510723D45D
:1047B000186942F008029A810028E5D19A8902F42A
:1047C0002072B2F5007FDFD019462046019300F039
:1047D00045FA019BB3F90C20186912F00101D8D1F8
:1047E000940758BF596999600028DAD11106D9D5C4
:1047F00042F040029A811FE0196B61B103F1400061
:10480000814206D020460193F7F780FE019BB3F961
:104810000C200021196318690021C3E9000122F06E
:104820002402C6E70191F7F719F9019BA6E70921D0
:1048300042F0400221609A814FF0FF30B2E700BFA2
:10484000B8A900202DE9F04F8BB0DDE91589149F40
:1048500002901C46B8F1000F57D016680196002947
:10486000C34608BF4FF0FF370025884603919246A4
:1048700006E0019B53F8040B0193002837D06546EE
:10488000AF423ED9002C3CD0DBF800300493DBF87B
:1048900004300593019B02981A68D9F8C8615B46F9
:1048A00006A9B047431C33D000EB050CBC453AD8F1
:1048B000039B013C002BDCD000280DDD08F1FF320A
:1048C000019E06A900EB020E11F8013B02F8013F20
:1048D0007245F9D101968044019BDAF8002053F823
:1048E000040B01930432CAF800200028C7D10399B1
:1048F000D84609B1CAF800000022C8F800200CF11F
:10490000FF3528460BB0BDE8F08F00F58678A4E7A8
:10491000029B05468A21002228461960CBF8002018
:104920000BB0BDE8F08FD846DDF810A0DDF814B06C
:104930002846C8E900AB0BB0BDE8F08F00B585B0E4
:10494000DFF81CC0069800900798019003480068A3
:10495000CDF808C0FFF776FF05B000BDB8A900206C
:1049600050A700209368002B00F0B7802DE9F04F8E
:10497000B1F90CC01CF0080F83B00C4680461746F6
:104980002DD00B695BB31CF002033E6833D04FF0AF
:10499000000ADFF8C4B25546B9465D452B4652467B
:1049A00028BF5B464046B5B1E169676AB847002851
:1049B00040F38B80D9F808301B1A8244C9F80830BC
:1049C000002B79D02D1A5D452B46524628BF5B46F9
:1049D0004046002DE8D1D6E900A50836DDE721469E
:1049E0004046FFF7C1FE002874D1B4F90CC03E6800
:1049F0001CF00203CBD11CF0010A70D12368009790
:104A00005546002D54D01CF4007FD4F80890184669
:104A100000F0AB80A945CB4600F2E4801CF4906F17
:104A200034D021696269A3EB010902EB420202EB77
:104A3000D27209F1010352102B44934294BF934662
:104A40009B46934288BF1A461CF4806F00F0E980B1
:104A500011464046F5F74EF9002800F0F7804A4627
:104A600021690190EAF7DEFFA289019B22F490629E
:104A700042F08002A28103EB09002361ABEB090342
:104A8000C4F814B0A3602060A946AB4651465A460C
:104A9000F7F750F8A2682368A2EB0902A260009A17
:104AA00091685B44491B2360916029B1B4F90CC043
:104AB000D6E900A50836A4E7002003B0BDE8F08FD2
:104AC00021464046FCF7DCFE68B3B4F90C3043F0F5
:104AD0004003A3814FF0FF30EFE7002070471D46F1
:104AE0009A461846B946009365B3002831D052461D
:104AF000D4E904132068AA4228BF2A46884204D970
:104B0000A16803EB010B5A457CDC93426DDCE16943
:104B1000009A676A4046B847B0F1000BD5DDBAEBA2
:104B20000B0ACDD00120D9F80830A3EB0B03C9F84C
:104B30000830002BC0D0009BA5EB0B055B44009315
:104B4000002DD2D1756833460836002DFAD01B6887
:104B50000093009F2A460A213846FDF70BF90028EA
:104B600071D00130A0EB070AC1E722699A4221D334
:104B70006269AA421ED86FF00043AB4228BF2B46A1
:104B8000E16993FBF2F3676A02FB03F34046524686
:104B9000B847B0F1000998DD009A9368A3EB0903C8
:104BA000A5EB09059360002B86D0B4F90CC02368EF
:104BB000CA4426E7A94528BFA94618464A46514691
:104BC000F6F7B8FFA2682368A2EB09024B44A26083
:104BD0002360002AE0D121464046FCF751FE002820
:104BE000DAD072E7A946AB4650E700990192F6F792
:104BF000A1FF019AA3689B1AA36023681344236052
:104C000093468CE700995A46F6F794FF23685B4475
:104C1000236021464046FCF733FE00283FF47FAF77
:104C200053E74046F5F752FB034600287FF423AFD5
:104C300021694046F7F76AFCA3890C22C8F80020D6
:104C400023F0800343E76A1C924651E70C22B4F933
:104C50000C30C8F800203AE700FCFF7FB1F90C20C7
:104C6000930706D501F143030122C1E904320B6029
:104C7000704730B50B46B1F90E10002999B00446C3
:104C800032DB02AA009300F05BF80028009B29DBCE
:104C90004FF4806120460093039DF5F72BF8009BAD
:104CA000B3F90C20002839D005F4704142F080029D
:104CB00018601861B1F5005F4FF480609A81586107
:104CC0003AD1B3F90E100093204600F04DF8009B46
:104CD000B3F90C2080B322F0030242F001024FF43A
:104CE000006117E0B3F90C20019312F0800F0CBFA4
:104CF0004FF48061402120460091F4F7FBFF019BB7
:104D00000099B3F90C2048B1C3E9040142F08002D4
:104D1000186000210A439A8119B030BD9105FBD477
:104D200022F0030203F1430142F002020120C3E931
:104D300004109A811960EFE74FF40061EAE700BFC1
:104D400038B5084C00230546084611462360EBF7AA
:104D5000BDFA431C00D038BD2368002BFBD02B606C
:104D600038BD00BFE075012038B5074C002305466B
:104D700008462360EBF7B0FA431C00D038BD236827
:104D8000002BFBD02B6038BDE075012081F0004185
:104D900002E000BF83F0004330B54FEA41044FEA20
:104DA000430594EA050F08BF90EA020F1FBF54EABB
:104DB000000C55EA020C7FEA645C7FEA655C00F057
:104DC000E2804FEA5454D4EB5555B8BF6D420CDD28
:104DD0002C4480EA020281EA030382EA000083EAAB
:104DE000010180EA020281EA0303362D88BF30BD4B
:104DF00011F0004F4FEA01314FF4801C4CEA1131A1
:104E000002D0404261EB410113F0004F4FEA0333FF
:104E10004CEA133302D0524263EB430394EA050F8A
:104E200000F0A780A4F10104D5F1200E0DDB02FAF9
:104E30000EFC22FA05F2801841F1000103FA0EF28D
:104E4000801843FA05F359410EE0A5F120050EF153
:104E5000200E012A03FA0EFC28BF4CF0020C43FA84
:104E600005F3C01851EBE37101F0004507D54FF091
:104E7000000EDCF1000C7EEB00006EEB0101B1F5E1
:104E8000801F1BD3B1F5001F0CD349085FEA300027
:104E90004FEA3C0C04F101044FEA445212F5800F32
:104EA00080F09A80BCF1004F08BF5FEA500C50F1CF
:104EB000000041EB045141EA050130BD5FEA4C0CB2
:104EC000404141EB0101013C28BFB1F5801FE9D20F
:104ED00091F0000F04BF01460020B1FA81F308BF32
:104EE0002033A3F10B03B3F120020CDA0C3208DDFE
:104EF00002F1140CC2F10C0201FA0CF021FA02F1D9
:104F00000CE002F11402D8BFC2F1200C01FA02F148
:104F100020FA0CFCDCBF41EA0C019040E41AA2BF6D
:104F200001EB0451294330BD6FEA04041F3C1CDA35
:104F30000C340EDC04F11404C4F1200220FA04F055
:104F400001FA02F340EA030021FA04F345EA0301FF
:104F500030BDC4F10C04C4F1200220FA02F001FAC1
:104F600004F340EA0300294630BD21FA04F0294643
:104F700030BD94F0000F83F4801306BF81F48011DC
:104F80000134013D4EE77FEA645C18BF7FEA655C4F
:104F900029D094EA050F08BF90EA020F05D054EA21
:104FA000000C04BF1946104630BD91EA030F1EBF26
:104FB0000021002030BD5FEA545C05D1400049412A
:104FC00028BF41F0004130BD14F580043CBF01F51D
:104FD000801130BD01F0004545F0FE4141F4700103
:104FE0004FF0000030BD7FEA645C1ABF19461046DE
:104FF0007FEA655C1CBF0B46024650EA013406BFDF
:1050000052EA033591EA030F41F4002130BD00BF9D
:1050100090F0000F04BF0021704730B54FF480645A
:1050200004F132044FF000054FF0000150E700BFDB
:1050300090F0000F04BF0021704730B54FF480643A
:1050400004F1320410F0004548BF40424FF0000127
:105050003EE700BF42004FEAE2014FEA31014FEA6A
:1050600002701FBF12F07F4393F07F4F81F06051B9
:10507000704732F07F4208BF704793F07F4F04BF04
:1050800041F40021704730B54FF4607401F00045E1
:1050900021F000411CE700BF50EA010208BF704741
:1050A00030B54FF000050AE050EA010208BF704732
:1050B00030B511F0004502D5404261EB41014FF49B
:1050C000806404F132045FEA915C3FF4D8AE4FF0A3
:1050D00003025FEADC0C18BF03325FEADC0C18BF86
:1050E000033202EBDC02C2F1200300FA03FC20FAD7
:1050F00002F001FA03FE40EA0E0021FA02F1144424
:10510000BDE600BF41EC170BB5EEC07BF1EE10FA27
:1051100001D400F00BB808B581F0004100F006F8AA
:10512000404261EB410108BD000000009FED0B7B98
:1051300041EC160B9FED0B5B26EE077BBCEEC77BAD
:10514000B8EE474BA4EE456BFCEEC67B17EE101A8B
:1051500017EE900A704700BFAFF300800000000018
:105160000000F03D000000000000F0415FF800F09A
:10517000A11D00605FF800F04D1D00600000000000
:04518000000000002B
:04518400F8B500BFBB
:085188007CC4FE7F0100000061
:10519000000000000000000000000000000000000F
:1051A00000000000000000000000000000000000FF
:1051B00000000000000000000000000000000000EF
:1051C00000000000000000000000000000000000DF
:1051D00000000000000000000000000000000000CF
:1051E00000000000000000000000000000000000BF
:1051F00000000000000000000000000000000000AF
:10520000000000000000000000000000000000009E
:10521000000000000000000000000000000000008E
:10522000000000000000000000000000000000007E
:10523000000000000000000000000000000000006E
:10524000000000000000000000000000000000005E
:10525000000000000000000000000000000000004E
:10526000000000000000000000000000000000003E
:10527000000000000000000000000000000000002E
:10528000000000000000000000000000000000001E
:10529000000000000000000000000000000000000E
:1052A00000000000000000000000000000000000FE
:1052B00000000000000000000000000000000000EE
:1052C00000000000000000000000000000000000DE
:1052D00000000000000000000000000000000000CE
:1052E00000000000000000000000000000000000BE
:1052F00000000000000000000000000000000000AE
:10530000000000000000000000000000000000009D
:10531000000000000000000000000000000000008D
:10532000000000000000000000000000000000007D
:10533000000000000000000000000000000000006D
:10534000000000000000000000000000000000005D
:10535000000000000000000000000000000000004D
:10536000000000000000000000000000000000003D
:10537000000000000000000000000000000000002D
:10538000000000000000000000000000000000001D
:10539000000000000000000000000000000000000D
:1053A00000000000000000000000000000000000FD
:1053B00000000000000000000000000000000000ED
:1053C00000000000000000000000000000000000DD
:1053D00000000000000000000000000000000000CD
:1053E00000000000000000000000000000000000BD
:1053F00000000000000000000000000000000000AD
:10540000000000000000000000000000000000009C
:105410000080E03779C34143176E05B5B5B89346B0
:10542000F5F93FE9034F384D321D30F94877825A7C
:105430003CBF737FDD4F1575000000000000F03F9A
:10544000000000000000244000000000000059405F
:105450000000000000408F40000000000088C340B2
:1054600000000000006AF8400000000080842E4127
:1054700000000000D01263410000000084D7974173
:105480000000000065CDCD41000000205FA0024279
:10549000000000E876483742000000A2941A6D42EE
:1054A000000040E59C30A2420000901EC4BCD642E1
:1054B00000003426F56B0C430080E03779C341438C
:1054C00000A0D8855734764300C84E676DC1AB4302
:1054D000003D9160E458E143408CB5781DAF154420
:1054E00050EFE2D6E41A4B4492D54D06CFF08044FB
:1054F000F64AE1C7022DB544B49DD9794378EA4410
:10550000BC89D897B2D29C3C33A7A8D523F6493999
:105510003DA7F444FD0FA5329D978CCF08BA5B25BB
:10552000436FAC6428066811080000000100000009
:105530000C0000000100000010000000010000004D
:10554000140000000100000018000000010000002D
:105550000000000001000000030000000200000045
:1055600000000000781E0000A0280000F03C0000B1
:1055700040510000127A0000E4A2000024F4000070
:1055800048E8010090D0030020A10700FF00780147
:1055900080014302880187018C018B0192019101F6
:1055A0009501F601990198019A013D029E012002A0
:1055B000A801A701AD01AC01B001AF01B901B8016B
:1055C000BD01BC01BF01F701C601C401C901C7018A
:1055D000CC01CA01DD018E01F301F101F501F401F5
:1055E0003A02652C3C023B023E02662C420241021A
:1055F00053028101540286015602890157028A0131
:1056000059028F015B0290016002930163029401D1
:1056100068029701690296016B02622C6F029C017D
:1056200072029D0175029F017D02642C8002A60119
:105630008302A9018802AE01890244028A02B101F3
:105640008B02B2018C0245029202B7017B03FD037B
:105650007C03FE037D03FF03AC038603C203A303A5
:10566000CC038C03CD038E03CE038F03F203F90327
:10567000F803F703FB03FA03CF04C0047D1D632C7A
:10568000511F591F531F5B1F551F5D1F571F5F1F62
:10569000781FF81F791FF91FB31FBC1FCC1FC31F32
:1056A000E51FEC1FFC1FF31F4E21322184218321B3
:1056B000612C602C762C752C001900001DC900008F
:1056C0000000000074C00F40C00000000000000097
:1056D0000200000050851F4001000000340000005F
:1056E0000200000050851F40000000000100000083
:1056F0000200000054851F4001000000350000003A
:105700000200000054851F4000000000FF00400020
:10571000260018007C0000006100E01AE000E0179D
:10572000F800E007000101303201010639010110E3
:105730004A01012E7901010682010104A00101063E
:10574000B3010104CD010110DE010112F8010128AD
:10575000220201124602010AAD03DB03B103E0118C
:10576000C303E009D80301183004E0205004B0104E
:10577000600401228A040136C104010ED0040144F0
:105780006105D026001E0196A01E015A001F0808C0
:10579000101F0806201F0808301F0808401F0806B1
:1057A000601F0808701F4A02721F5604761F6402A9
:1057B0007A1F70027C1F7E02801F0808901F080855
:1057C000A01F0808B01F0802D01F0802E01F08022F
:1057D0007021F010D024E61A302CD02F672C01064F
:1057E000802C0164002D002641FFE01A1F1C1F1EA3
:1057F0001F1E1F1F1E1F1E1F1F1C1F1E1F1E1F1FC1
:105800001E1F1E1F456E746572696E672045460037
:105810004546206C6F6F70004546206572726F724E
:105820000000000053687574646F776E20776172B2
:105830006E696E6720726563656976656420696E5E
:105840002045460045786974696E6720454600002A
:10585000556E6B6E6F776E207375627374617465CD
:1058600020696E2045460000464C204D616E7561F2
:105870006C2049646C6500005265656C20696E207F
:105880006D616E75616C20636F6D6D616E6400009B
:105890005265656C206F7574206D616E75616C204A
:1058A000636F6D6D616E6400446F636B206D616E3C
:1058B00075616C20636F6D6D616E64004368656334
:1058C0006B205055206D616E75616C20636F6D6D3E
:1058D000616E64005265646F636B206D616E75610B
:1058E0006C20636F6D6D616E6400000050726F66B6
:1058F000696C6520636F6D6D616E64004F66666CE8
:105900006F6164205055204D616E75616C00000020
:10591000446F636B65642070726F66696C6500002C
:10592000556E6B6E6F776E206D616E75616C207356
:105930007562737461746500456E746572696E6733
:1059400020464C0057616974696E67206F6E20476E
:1059500050532074696D65004C616E646564206904
:105960006E20666C69676874206572726F720000E1
:10597000456E746572656420666C6967687420653D
:1059800072726F722073746174650000464C2065FA
:1059900072726F72206C6F6F700000004C656176E0
:1059A000696E6720666C69676874206572726F72D1
:1059B000206C6F6F7000000053687574646F776EB1
:1059C000207761726E696E672072656365697665BE
:1059D0006420696E20464C0045786974696E6720C2
:1059E000464C00005374617274696E6720436865A9
:1059F000636B505520466C696768742053746174FA
:105A000065000000436865636B50553A207265730A
:105A1000656E74205250555F53454E445F53544158
:105A200054555320726571756573740043686563DE
:105A30006B50553A2073656E74205250555F534534
:105A40004E445F53544154555320726571756573CC
:105A500074000000436865636B50553A20737461AD
:105A60007475732072656365697665640000000073
:105A7000436865636B50553A20726573656E6420A8
:105A800074696D656F75742C207265747279696EB6
:105A90006720726571756573740000005055206E43
:105AA0006F7420726573706F6E64696E6720746FB7
:105AB00020737461747573207265717565737400F9
:105AC0003B206F66666C6F6164696E6720616E640F
:105AD00020726573756D696E67206D65617375728F
:105AE000650000003B206F66666C6F6164696E67DD
:105AF0002C2066696E6973686564000043616E639B
:105B0000656C207265636569766564206475726989
:105B10006E67206F66666C6F61643B2066696E69B4
:105B20007368696E672063757272656E74206F6644
:105B3000666C6F6164000000446F636B6564207085
:105B4000726F66696C652063616E63656C6C656419
:105B500000000000446F636B65642070726F6669BB
:105B60006C653A20696E76616C69642073616D7052
:105B70006C65207261746520302C207265747572BA
:105B80006E696E6720746F20464C4D5F49444C45EA
:105B900000000000446F636B65642070726F66697B
:105BA0006C653A20696E76616C6964206475726117
:105BB00074696F6E20302C2072657475726E696E18
:105BC0006720746F20464C4D5F49444C45000000EF
:105BD000446F636B65642070726F66696C653A2010
:105BE000706572696F6420746F6F206C6F6E6720D0
:105BF000666F722073616D706C6520726174652CC4
:105C00002072657475726E696E6720746F20464CE1
:105C10004D5F49444C450000525055206E6F742032
:105C2000726573706F6E64696E6720746F20676F42
:105C30002D6D65617375726520636F6D6D616E6446
:105C40002C2072657475726E696E6720746F2046C1
:105C50004C4D5F49444C4500446F636B6564207054
:105C6000726F66696C6520706572696F6420636F1E
:105C70006D706C65746525730000000052505520EE
:105C8000646964206E6F7420636F6E6669726D2044
:105C90007374616E6462793B2061626F7274696EC5
:105CA0006720646F636B65642070726F66696C65F2
:105CB0002C2072657475726E696E6720746F204651
:105CC0004C4D5F49444C4500446F636B65642070E4
:105CD000726F66696C652061626F727465643A20E8
:105CE000525055206F66666C6F6164206661696C06
:105CF00065642C2072657475726E696E6720746FAE
:105D000020464C4D5F49444C4500000046696E6991
:105D10007368656420646F636B65642070726F667E
:105D2000696C652C2072657475726E696E6720747B
:105D30006F20464C4D5F49444C45000053656E64EE
:105D4000696E67205241000052412041434B0000E0
:105D500043616E6E6F7420706572666F726D206D38
:105D60006F74696F6E2C205241204E414B00000031
:105D70004E6576657220726563656976656420524A
:105D80004141636B000000004D6F74696F6E2063CA
:105D90006F6D6D616E646564207768696C65206DF8
:105DA0006F74696F6E206F6E676F696E67000000B9
:105DB0004D6F74696F6E20737461727420657272B6
:105DC0006F7200004D434220636F6D6D616E6465BC
:105DD00064206D6F74696F6E000000004D434220B7
:105DE0006E6576657220636F6E6669726D6564209C
:105DF0006D6F74696F6E0000436F6D6D616E6465E9
:105E000064206D6F74696F6E2073746F7000000092
:105E10004D4342204D6F74696F6E20746F6F6B201D
:105E20006C6F6E676572207468616E20657870654E
:105E300063746564000000004D43425245504F5268
:105E40005400000046696E697368656420636F6D75
:105E50006D616E646564206D616E75616C206D6F3F
:105E600074696F6E000000005A6570687972204195
:105E7000434B6564206D6F74696F6E20544D000054
:105E80004E656564656420746F20726573656E6429
:105E900020544D0050726F66696C6520626C6F63B0
:105EA0006B2025752028257520627974657329205B
:105EB00072656376642C2066697273742072656300
:105EC0006F726420656C61707365645F733D256CEF
:105ED000750000004E6F206D6F72652070726F66E6
:105EE000696C65207265636F726473005055206E33
:105EF0006F74207375636365737366756C20696E68
:105F00002073656E64696E672070726F66696C6578
:105F1000207265636F726400464C4120776169743A
:105F20002052412041636B00525055206E6F742007
:105F3000726573706F6E64696E6720746F20676F2F
:105F40002D6D65617375726520636F6D6D616E6433
:105F500000000000464C41207265656C206F75742E
:105F600000000000464C41207265656C20696E009F
:105F7000464C4120646F636B000000004E6F20644C
:105F80006F636B2120457863656564656420616C8F
:105F90006C6F7761626C65206E756D626572206FE3
:105FA00066207265646F636B20617474656D7074D4
:105FB00073000000464C41207374617274206D6F51
:105FC00074696F6E00000000464C4120766572696E
:105FD0006679206D6F74696F6E000000464C412039
:105FE0006D6F6E69746F72206D6F74696F6E0000F3
:105FF000436F6D6D616E646564206D6F74696F6E63
:106000002073746F7020696E206175746F6E6F6D90
:106010006F7573004D6F74696F6E20636F6D706C78
:106020006574650046696E69736865642070726F97
:1060300066696C65207265656C206F757400000080
:106040005363686564756C6564206477656C6C3A4D
:106050002025752073000000556E61626C65207408
:106060006F207363686564756C65206477656C6C1C
:106070000000000046696E69736865642070726F85
:1060800066696C65207265656C20696E00000000B1
:10609000556E6B6E6F776E206D6F74696F6E2066D4
:1060A000696E697368656420696E2070726F6669D5
:1060B0006C65206D6F6E69746F720000464C4120F4
:1060C0006477656C6C00000046696E69736865648E
:1060D000206477656C6C000050726F66696C652097
:1060E00066696E69736865642C204D434220696E51
:1060F000206C6F7720706F77657200004D434220EF
:106100006E6576657220706F7765726564206F6664
:10611000662061667465722070726F66696C6500D6
:1061200050726F66696C65206D6F74696F6E206365
:106130006F6D706C6574653B20636F6D6D616E642F
:10614000696E672052505520746F207374616E64BD
:10615000627920666F72206F66666C6F6164000002
:1061600052505520646964206E6F7420636F6E66B0
:1061700069726D207374616E6462793B2070726F16
:1061800066696C65206F66666C6F616420736B690D
:10619000707065642C2072657475726E696E67200C
:1061A000746F20464C4D5F49444C450050726F66F9
:1061B000696C65206F66666C6F6164206661696CEE
:1061C00065642C2072657475726E696E6720746FD9
:1061D00020464C4D5F49444C4500000050726F66AC
:1061E000696C6520616E64206F66666C6F61642007
:1061F000636F6D706C6574652C2072657475726E5A
:10620000696E6720746F20464C4D5F49444C4500D1
:10621000456E746572696E67204C5000436F6D6DFA
:10622000616E64696E67204D4342206C6F77207009
:106230006F7765720000000057616974696E6720AE
:106240006F6E204D4342204C502061636B00000074
:106250004C50206C6F6F70004C50206572726F72E2
:106260000000000053687574646F776E2077617268
:106270006E696E6720726563656976656420696E14
:10628000204C500045786974696E67204C500000BE
:10629000556E6B6E6F776E20737562737461746583
:1062A00020696E204C5000004D4342206D6F746990
:1062B0006F6E2066696E6973686564004D43423A8B
:1062C00020646F636B20636F6E646974696F6E2006
:1062D000617373756D65643A2025782C25782C25BB
:1062E000782C25782C25782C25782C25782C257849
:1062F000000000004D434241534349490000000063
:106300004D4342204661756C743A2025782C2578DF
:106310002C25782C25782C25782C25782C25782C64
:10632000257800004D434220646F636B20646574E0
:1063300065637465643A206572726F72207265637A
:10634000656976696E672065787065637465642039
:106350006661756C7420696E666F00004D43422063
:106360004661756C743A206572726F722072656353
:10637000656976696E6720706172616D65746572BA
:1063800073000000556E6B6E6F776E204D43422098
:106390004153434949206D65737361676520726598
:1063A00063656976656400004D434220696E206C28
:1063B0006F7720706F776572000000004D43424197
:1063C000434B00004D43422061636B656420636171
:1063D0006E63656C206D6F74696F6E004D43422073
:1063E00061636B65642072657472616374206163BC
:1063F000630000004D43422061636B656420646567
:10640000706C6F7920616363000000004D4342208F
:1064100061636B656420646F636B2061636300007C
:106420004D43422061636B6564207A65726F207210
:1064300065656C004D43422061636B656420746543
:106440006D70206C696D6974730000004D434220CB
:1064500061636B656420746F72717565206C696D22
:10646000697473004D43422061636B6564206375FA
:106470007272206C696D6974730000004D43422094
:1064800061636B65642069676E6F7265206C696D0E
:10649000697473004D43422061636B6564207573BA
:1064A00065206C696D69747300000000556E6B6E39
:1064B0006F776E204D43422061636B207265636588
:1064C00069766564000000005265656C20706F732A
:1064D0006974696F6E3A20256C64000052656369C7
:1064E00065766564204D43422062696E3A20756E80
:1064F00061626C6520746F207265616420706F73D7
:106500006974696F6E000000556E6B6E6F776E2058
:106510004D43422062696E207265636569766564E9
:10652000000000004D4342537472696E673A2000C8
:106530004D4342535452494E47000000556E6B6E16
:106540006F776E204D434220537472696E67206DE1
:10655000657373616765207265636569766564005C
:10656000556E6B6E6F776E206D6573736167652016
:10657000747970652066726F6D204D434200000093
:106580004572726F72207265676973746572696EA5
:106590006720454550524F4D20636F6E66696773A3
:1065A00000000000556E6B6E6F776E2050552041D5
:1065B00053434949206D6573736167652072656354
:1065C000656976656400000052505520696E206D43
:1065D0006561737572650000525055204E414B65E0
:1065E0006420676F2D6D65617375726520636F6DD3
:1065F0006D616E640000000052505520696E20737A
:1066000074616E6462790000525055204E414B65B2
:106610006420676F2D7374616E64627920636F6D9F
:106620006D616E64000000005250552061636B651F
:106630006420726573657400525055205253343192
:1066400020726567656E2073746172746564000002
:10665000525055204E414B656420525334312072C4
:106660006567656E202852533431206E6F7420693F
:106670006E204D454153555245207769746820522C
:1066800053343120656E61626C656429000000003E
:106690005250552061636B65642073746174757327
:1066A00020726174650000005250552052544320FE
:1066B000736574005250552052544320616C7265CA
:1066C000616479207365742C206E6F74207570641A
:1066D0006174656400000000556E6B6E6F776E200C
:1066E0005250552061636B207265636569766564FD
:1066F0000000000050726F66696C65207265636F00
:10670000726420636865636B73756D20696E766172
:106710006C696420286C656E3D2575292C20726596
:106720007175657374696E6720726573656E642038
:106730002825752F2575290050726F66696C6520B4
:106740007265636F726420636865636B73756D2037
:10675000696E76616C696420286C656E3D257529CB
:106760002061667465722025752072657472696592
:10677000732C2073656E64696E6720746F20677276
:106780006F756E6420616E797761790050726F6603
:10679000696C65207265636F726420746F6F206C22
:1067A0006172676520666F7220544D20627566665F
:1067B000657220286C656E3D25752C20746D5F75A3
:1067C0007365643D25752900444F434B000000006C
:1067D000556E6B6E6F776E2050552062696E207219
:1067E0006563656976656400556E6B6E6F776E20C4
:1067F000505520537472696E67206D6573736167BD
:10680000652072656365697665640000556E6B6E20
:106810006F776E206D65737361676520747970653D
:106820002066726F6D20505500000000456E746543
:1068300072696E67205341004D4342207065726655
:106840006F726D696E672066756C6C20726574720C
:10685000616374004D43422066756C6C20726574F0
:1068600072616374206170706561727320636F6D13
:10687000706C6574650000004D434220696E206CA9
:106880006F7720706F77657220666F722073616614
:106890006574790053656E64696E6720736166651F
:1068A0007479206D65737361676500005761697461
:1068B000696E67206F6E207361666574792061630D
:1068C0006B0000005341206C6F6F700053412065D6
:1068D00072726F720000000053687574646F776E97
:1068E000207761726E696E6720726563656976658F
:1068F0006420696E2053410045786974696E672091
:1069000053410000556E6B6E6F776E207375627326
:106910007461746520696E2053410000456E746592
:1069200072696E67205342005342206C6F6F700093
:1069300053656E64696E67206D6F64652072657162
:106940007565737420746F204F4243005342206575
:1069500072726F720000000053687574646F776E16
:10696000207761726E696E6720726563656976650E
:106970006420696E2053420045786974696E67200F
:1069800053420000556E6B6E6F776E2073756273A5
:106990007461746520696E20534200005374726103
:1069A000746F436F72655F524143485554532000E2
:1069B00076322E302E302D36372D67323038306417
:1069C00037652D6469727479000000002042756992
:1069D0006C643A20000000004F63742020332032A2
:1069E0003032360030343A32323A31310000000071
:1069F0004F7574206F6620626F756E6473206163DB
:106A000074696F6E20666C61672061636365737380
:106A1000000000004C6F526120706B742052535381
:106A2000493A00004C4F5241000000004661696C39
:106A3000656420746F206465636F646520525055EF
:106A40005061636B657400004D4342454550524FA1
:106A50004D00000053656E74204D43422045455063
:106A6000524F4D20617320544D0000005241434865
:106A700055545354455854005265656C3A200000F3
:106A80005374617274696E67204C6F526120666145
:106A9000696C6564210000005741524E3A204C6FEA
:106AA000526120496E697469616C697A74696F6EAC
:106AB000204661696C6564004572726F72206C6F6C
:106AC0006164696E672066726F6D20454550524F54
:106AD0004D2C2072656C6F6164656420646566612D
:106AE000756C7420636F6E66696775726174696F27
:106AF0006E00000052657472616374696E672025D0
:106B0000302E316620726576730000004465706C2B
:106B10006F79696E672025302E3166207265767335
:106B200000000000446F636B696E672025302E31D2
:106B300066207265767300005265656C20696E2070
:106B4000286E6F204C57292025302E316620726523
:106B500076730000556E6B6E6F776E206D6F746983
:106B60006F6E207479706520746F20737461727415
:106B7000000000005250555245504F525400000042
:106B800070726F66696C653A257520706572696F01
:106B9000643A2575207061636B65743A25752072BF
:106BA00065636F7264733A2025750000256C752C3F
:106BB0002025302E34662C2025302E34662C2025BE
:106BC000302E31660000000050726F66696C653AC5
:106BD00020000000205265656C3A2000556E61620D
:106BE0006C6520746F20627566666572697A6520CF
:106BF0005241434855545320454550524F4D000093
:106C000052414348555453454550524F4D000000A2
:106C100053656E742050494220454550524F4D20D7
:106C2000617320544D00000025732C202573000053
:106C3000524143485554535245504F52540000005E
:106C40007B2272616368757473223A7B2265706F70
:106C50006368223A256C752C226D6F6465223A2296
:106C60002573222C227375627374617465223A2530
:106C7000752C227265656C223A252E32662C2273A1
:106C80007263223A222573222C227270755F61672B
:106C9000655F73223A256C647D0000002C227270BF
:106CA00075223A00696E76616C6964206D6F746953
:106CB0006F6E20544D2073697A6500004D43422069
:106CC000544D205061636B657420257500000000F1
:106CD0002069676E6F7265643A206E6F7420696E0A
:106CE00020666C69676874206D6F64650000000041
:106CF0005443204465706C6F79204C656E677468EE
:106D000000000000536574206465706C6F795F76D5
:106D1000656C6F636974793A200000005443204425
:106D200065706C6F7920416363656C65726174692D
:106D30006F6E3A20000000004572726F722073651A
:106D40006E64696E67206465706C6F79206163633F
:106D500020746F204D434200544320526574726189
:106D60006374204C656E677468000000536574207E
:106D7000726574726163745F76656C6F6369747950
:106D80003A200000544320526574726163742041BC
:106D90006363656C65726174696F6E3A2000000010
:106DA0004572726F722073656E64696E67207265DA
:106DB00074726163742061636320746F204D434279
:106DC00000000000544320446F636B204C656E67E5
:106DD0007468000053657420646F636B5F76656C44
:106DE0006F636974793A2000544320446F636B20C9
:106DF000416363656C65726174696F6E3A2000006F
:106E00004572726F722073656E64696E6720646F7D
:106E1000636B2061636320746F204D434200000068
:106E200054432046756C6C20526574726163740023
:106E300054432046756C6C205265747261637420F3
:106E40006E6F7420696D706C656D656E746564003D
:106E500054432043616E63656C204D6F74696F6E9F
:106E6000000000005443205A65726F205265656C23
:106E70000000000043616E2774207A65726F2072F3
:106E800065656C2C206D6F74696F6E206F6E676F17
:106E9000696E670054432043656E746572204C65CB
:106EA00076656C2057696E640000000043616E27B0
:106EB000742063656E746572206C6576656C2077EE
:106EC000696E642C206D6F74696F6E206F6E676FD2
:106ED000696E67005443205365742054656D706576
:106EE000726174757265204C696D6974730000007D
:106EF0004572726F722073656E64696E6720746587
:106F00006D7065726174757265206C696D697473FA
:106F100020746F204D434200544320536574205425
:106F20006F72717565204C696D69747300000000A3
:106F30004572726F722073656E64696E6720746F3C
:106F400072717565206C696D69747320746F204D62
:106F500043420000544320536574204375727265A8
:106F60006E74204C696D6974730000004572726F15
:106F7000722073656E64696E672063757272206C2F
:106F8000696D69747320746F204D434200000000E6
:106F900054432049676E6F7265204C696D69747344
:106FA00000000000544320557365204C696D6974DE
:106FB00073000000544320476574204D4342204530
:106FC0004550524F4D0000004D6F74696F6E206F39
:106FD0006E676F696E672C207265717565737420BA
:106FE0004D434220454550524F4D206C61746572AF
:106FF000000000005365742070726F66696C655FF5
:1070000073697A653A20000053657420646F636B7E
:107010005F616D6F756E743A2000000053657420D7
:107020006477656C6C5F74696D653A2000000000E0
:1070300053657420646F636B5F6F76657273686FFE
:107040006F743A2000000000544320526574727936
:1070500020446F636B000000526574727920646F86
:10706000636B00003A206465706C6F793D0000002E
:1070700020726576732C20726574726163743D00B2
:1070800054432047657420505520537461747573C0
:1070900000000000476574205055207374617475BA
:1070A00073000000505520706F7765726564206F23
:1070B0006E000000505520706F7765726564206F18
:1070C0006666000054432050726F66696C6500006C
:1070D00050726F66696C65003A2073697A653D008D
:1070E00020646F636B3D0000206F7665723D000089
:1070F000206477656C6C3D0020726174653D000012
:107100002074696D653D00005443204F66666C6FC6
:1071100061642050552050726F66696C65000000F4
:1071200050552070726F66696C65206F66666C6F73
:10713000616400005365742070726570726F6669D7
:107140006C655F74696D653A200000004E657720BC
:107150006175746F207265646F636B20706172611A
:107160006D733A20000000002C200000536574204D
:107170006D6F74696F6E5F74696D656F75743A20B9
:107180000000000054432047657420524143487575
:10719000545320454550524F4D0000004D6F7469C7
:1071A0006F6E206F6E676F696E672C2072657175E8
:1071B00065737420524143487554532045455052DD
:1071C0004F4D206C617465720000000054432044F0
:1071D0006F636B65642050726F66696C65000000B8
:1071E0003A206C656E6774683D000000206F66662B
:1071F0006C6F61643D00000020524F50433D000021
:107200002054444C41533D00205453454E3D000012
:1072100020525334313D0000544320537461727442
:10722000205265616C2D54696D65204D434200000C
:1072300043616E6E6F742073746172742072656145
:107240006C2D74696D65204D4342206D6F64652C13
:10725000206D6F74696F6E206F6E676F696E670067
:1072600054432045786974205265616C2D54696DD2
:1072700065204D434200000043616E6E6F742065CF
:10728000786974207265616C2D74696D65204D4359
:1072900042206D6F64652C206D6F74696F6E206F76
:1072A0006E676F696E67000054432043616E6365CB
:1072B0006C204D6561737572650000005443205366
:1072C000657420446F636B6564204F66666C6F6104
:1072D0006420506572696F640000000052656A6541
:1072E000637465643A20706572696F64203C2000A5
:1072F00073206D696E0000005241206F7665722028
:107300004F4E00005241206F766572204F46460076
:10731000536574207270755F6261745F74656D701F
:107320003A20000054432052505520526573657432
:107330000000000054432052505520525334312055
:10734000526567656E00000052505520636F6E668F
:1073500069673A20524F50433D0000005365742046
:107360007270755F7374617475735F726174653A7E
:107370002000000053656E7420676F2D7374616E7A
:1073800064627920746F20525055000053656E740A
:1073900020676F2D6D65617375726520746F205263
:1073A00050553A206475726174696F6E3D0000003B
:1073B00054432045786974204572726F7200000052
:1073C000556E6B6E6F776E205443200052414348D8
:1073D000555453544341434B0000000044617465CD
:1073E0000000000054696D65000000004C6F6E00E5
:1073F0004C617400416C7400535A41005642415430
:107400000000000044696666000000005175616C70
:107410006974790025752F25752F257500000000EA
:1074200025753A25753A2575000000004D736700F3
:10743000496E7374000000004D6F64650000000029
:1074400041434B004E414B005341636B0000000031
:10745000524141636B000000544D41636B000000DA
:1074600047505300435243005374617465466C6146
:10747000673100005374617465466C6167320000C7
:107480005374617465466C61673300003C4352433A
:107490003E0000003C2F4352433E0A00494D52003B
:1074A0005357446174650000535756657273696F92
:1074B0006E0000005A50726F746F636F6C56657285
:1074C00073696F6E00000000530000005241434892
:1074D00055545300494D41636B0000004E41434BEE
:1074E00000000000544341636B00000053544152BC
:1074F00054000000454E440046494E45000000003F
:107500005741524E00000000435249540000000011
:10751000554E4B4E0000000053746174654D657309
:10752000733100003000000053746174654D657361
:107530007332000053746174654D657373330000DA
:107540005A65706879722D46494E453A2000000010
:107550005A65706879722D5741524E3A20000000EA
:107560005A65706879722D435249543A20000000E0
:107570005265736574206361757365642062792058
:107580007761746368646F67000000005374726110
:10759000746F436F726520756E61626C6520746FE5
:1075A000207374617274205344206361726400001C
:1075B00053747261746F436F726520737461727477
:1075C000656420534420636172640000544D20625E
:1075D0007566666572206173207265717565737476
:1075E00065640000436F7272656374696E6720742E
:1075F000696D6520647269667400000025753A251E
:10760000753A25752025752F25752F25752C205346
:107610005A413A202566000054432072656365692B
:1076200076656420746F6F20717569636B6C792166
:10763000204C617374205443206F766572777269B1
:107640007474656E00000000556E6B6E6F776E206F
:107650006D65737361676520746F20726F757465F3
:10766000000000004E756C6C2074656C65636F6D76
:107670006D616E640000000043757272656E742067
:107680006D6F64653A2025752C2073756273746183
:1076900074653A202575000042616420636F6D6D4A
:1076A000616E6420617420544320706F7369746943
:1076B0006F6E2025750000005A657068797220632E
:1076C0006F6D6D206C6F73732074696D656F757469
:1076D000000000004E4F4D3A200000004552523A43
:1076E000200000005363686564756C6520717565E2
:1076F00075652066756C6C002C2575002C25640062
:107700002C256600554E4B4E4F574E007B22696428
:10771000223A2225303458222C22766572223A22CF
:107720002573222C227374617465223A22257322F8
:107730002C227764745F6E223A25752C226275665E
:107740005F726563223A25752C2276696E223A258E
:107750002E31662C227635223A252E31662C226275
:1077600061745F76223A252E31662C226261745F45
:1077700064757479223A25752C226368675F6922E3
:107780003A252E31662C226261745F74223A252ECE
:1077900031662C227063625F74223A252E31662C8A
:1077A0002270756D705F69223A252E30662C226F2B
:1077B00070635F69223A252E30662C227473656EE1
:1077C0005F69223A252E30662C2274646C61735FE7
:1077D00069223A252E30662C226865617465725FD5
:1077E00069223A252E30662C226C6174223A252EAD
:1077F00036662C226C6F6E223A252E36662C22615C
:107800006C74223A252E31662C2273617473223AED
:1078100025752C2264617465223A256C752C2274BE
:10782000696D65223A256C757D0000005354414E08
:10783000444259004D454153555245004552524F1F
:10784000520000003100000045584641540000003D
:1078500044657669636520697320746F6F20736D6A
:10786000616C6C0D0A00000057726974696E6720C4
:1078700046415420000000002E0000005772697439
:10788000696E6720757063617365207461626C65F1
:107890000D0A000057726974696E6720726F6F7409
:1078A0000D0A0000466F726D617420646F6E650D85
:1078B0000A000000466F726D6174206661696C6534
:1078C000640D0A0042616420636C757374657220F4
:1078D000636F756E740D0A004361726420697320D2
:1078E000746F6F20736D616C6C2E0D0A00000000C8
:1078F000466F726D617420446F6E650D0A00000062
:10790000466F726D6174204661696C65640D0A0092
:107910006E660000696E697479000000616E000097
:1079200030313233343536373839616263646566F5
:107930006768696A6B6C6D6E6F707172737475765F
:107940007778797A000000004C435F434F4C4C41FC
:10795000544500004C435F4354595045000000001B
:107960004C435F4D4F4E4554415259004C435F4E7E
:10797000554D4552494300004C435F54494D450025
:107980004C435F4D455353414745530042616C6C36
:107990006F63207375636365656465640000000050
:1079A0002F566F6C756D65732F646174612F6A65F6
:1079B0006E6B696E732F776F726B73706163652F77
:1079C000474E552D746F6F6C636861696E2F6172DD
:1079D0006D2D31352F7372632F6E65776C69622D53
:1079E00063796777696E2F6E65776C69622F6C6952
:1079F00062632F7374646C69622F6764746F612DA6
:107A00006765746865782E6300000000494E460083
:107A1000696E66004E414E006E616E003031323349
:107A200034353637383961626364656600000000BA
:107A300030313233343536373839414243444546A4
:107A400000000000286E756C6C29000065256C64D0
:107A5000000000002F566F6C756D65732F646174A4
:107A6000612F6A656E6B696E732F776F726B7370BF
:107A70006163652F474E552D746F6F6C6368616944
:107A80006E2F61726D2D31352F7372632F6E657796
:107A90006C69622D63796777696E2F6E65776C69A3
:107AA000622F6C6962632F7374646C69622F6D70EE
:107AB0007265632E630000002C2066756E63746926
:107AC0006F6E3A2000000000617373657274696F15
:107AD0006E2022257322206661696C65643A2066F7
:107AE000696C6520222573222C206C696E65202527
:107AF00064257325730A00004A495300534A4953C9
:107B0000000000004555434A50000000496E666978
:107B10006E697479000000004E614E002F566F6C44
:107B2000756D65732F646174612F6A656E6B696E24
:107B3000732F776F726B73706163652F474E552D8E
:107B4000746F6F6C636861696E2F61726D2D313572
:107B50002F7372632F6E65776C69622D6379677717
:107B6000696E2F6E65776C69622F6C6962632F7323
:107B700074646C69622F64746F612E63000000008E
:107B80000000000000000000151D0000391C00006E
:107B90000000000000000000C91C0000A51C00003F
:107BA0000000000000000000051D00005D1C00003A
:107BB0000000000000000000E91C0000811C000023
:107BC0000000000000000000251D00000000000073
:107BD0000000000041E2000041E2000041E200003C
:107BE00041E2000041E2000041E2000041E2000009
:107BF00041E2000041E2000000000000000000003F
:107C00004D89000039890000FD820000FD880000D8
:107C10007D8900003D8800004587000000000000CD
:107C20000000000041E20000000000000000000031
:107C3000D13200001D300000D1260000D903000021
:107C4000F51600002124000029010000AD3C0000D1
:107C50004D2B00000000000000000000A1570100B3
:107C6000AD570100A557010049580100AD5F010063
:107C7000DD5E0100395F0100D55D0100B9590100E9
:107C8000E5630100D1560100355701007D60010018
:107C9000BD560100C1560100C9560100CD56010074
:107CA000D15901008561010001620100ED5C010014
:107CB000B5560100C5560100E562010011600100E2
:107CC000C157010000000000000000001165000025
:107CD00025EC000021EC00001DEC000059570000CD
:107CE000615700005D57000019EC00000000000023
:107CF00000000000D9C70000B5C9000009C200009B
:107D000061C3000029C20000C9C2000051C20000C6
:107D1000EDC300007DC3000005C2000000000000AC
:107D200000000000158A000089860000FD82000026
:107D30000186000029860000A18500001987000047
:107D4000A98B0000998C00000000000000000000DA
:107D50004D89000039890000FD820000FD88000087
:107D60007D8900003D88000045870000000000007C
:107D7000000000006D8A0000B98A0000258800001C
:107D800025890000C98900000187000011890000D1
:107D9000618300000D8B0000C9860000E5860000AD
:107DA00019830000058300004D84000075880000E1
:107DB00061870000FD83000025850000A984000084
:107DC0009D8300009D88000000000000000000006E
:107DD00041E20000B5C90000FD82000001830000FF
:107DE00041E2000041E2000041E20000000000002A
:107DF000000000009D7B0000B97B00000000000037
:107E0000000000004D380100D1380100E5380100C4
:107E1000ED3A0100A53A0100ED390100513A0100A7
:107E2000A1390100653B0100293B0100AD3C010087
:107E3000893D0100493801000000000000000000F9
:107E4000D1650100D56501003D640100CD690100E7
:107E5000FD740100356D0100712B01000566010004
:107E6000E1740100E5750100BD6D0100D95001000C
:107E7000416F0100616501006D6501003164010021
:107E80003564010039640100796501009D650100D8
:107E9000C16501004D6A0100E9650100316801001A
:107EA000996A0100596B0100000000000000000009
:107EB000F9BB0000ADBB0000FD8200005DB9000011
:107EC00099BB000031BD00006DBD0000D8399D2771
:107ED0000054EA2A00A4781F007B9A179C260020F1
:107EE000A4260020AC2600200000000000000000B6
:107EF0000000000000000000000000000000000082
:107F00000000000000000000000000000000000071
:107F100000000000000000001011121314151617C5
:107F20001819000000000000001A1B1C1D1E1F0075
:107F30000000000000000000000000000000000041
:107F40000000000000000000001A1B1C1D1E1F0086
:107F50000000000000000000000000000000000021
:107F60000000000000000000000000000000000011
:107F70000000000000000000000000000000000001
:107F800000000000000000000000000000000000F1
:107F900000000000000000000000000000000000E1
:107FA00000000000000000000000000000000000D1
:107FB00000000000000000000000000000000000C1
:107FC00000000000000000000000000000000000B1
:107FD00000000000000000000000000000000000A1
:107FE00000000000000000000020202020202020B1
:107FF0002020282828282820202020202020202059
:108000002020202020202020208810101010101068
:1080100010101010101010101004040404040404B4
:10802000040404101010101010104141414141414E
:108030000101010101010101010101010101010130
:108040000101010110101010101042424242424240
:108050000202020202020202020202020202020200
:1080600002020202101010102000000000000000A8
:108070000000000000000000000000000000000000
:1080800000000000000000000000000000000000F0
:1080900000000000000000000000000000000000E0
:1080A00000000000000000000000000000000000D0
:1080B00000000000000000000000000000000000C0
:1080C00000000000000000000000000000000000B0
:1080D00000000000000000000000000000000000A0
:1080E000000000000000000000000000003001302F
:1080F00002300CFF0EFFFB301AFF1BFF1FFF01FFBA
:108100009B309C30B40040FFA8003EFF3E203FFF64
:10811000FD30FE309D309E300330DD4E05300630A0
:108120000730FC30142010200FFF3CFF1C301620BD
:108130005CFF26202520182019201C201D2008FF68
:1081400009FF143015303BFF3DFF5BFF5DFF08303A
:1081500009300A300B300C300D300E300F3010303B
:1081600011300BFF1222B100D700F7001DFF602273
:108170001CFF1EFF662267221E2234224226402652
:10818000B000322033200321A50004FFA200A30089
:1081900005FF03FF06FF0AFF20FFA70006260526AE
:1081A000CB25CF25CE25C725C625A125A025B325BE
:1081B000B225BD25BC253B20123092219021912172
:1081C00093211330000000000000000000000000B8
:1081D0000000000000000000000008220B228622A0
:1081E0008722822283222A22292200000000000006
:1081F0000000000000000000000027222822AC0040
:10820000D221D421002203222922000000000000F4
:10821000000000000000000000000000000020221C
:10822000A522122302220722612252226A226B22F5
:108230001A223D221D2235222B222C220000000072
:10824000000000000000000000002B2130206F26FD
:108250006D266A2620202120B6002C220000000076
:108260000000EF25000000000000000000000000FA
:1082700000000001010101010101010101000000F4
:1082800000000000010101010101010101010101E2
:1082900001010101010101010101010101010000D0
:1082A00000000000000101010101010101010101C3
:1082B00001010101010101010101010101010100AF
:1082C00091039203930394039503960397039803F2
:1082D00099039A039B039C039D039E039F03A003A2
:1082E000A103A303A403A503A603A703A803A9034B
:1082F000000000000000000000000000000000007E
:10830000B103B203B303B403B503B603B703B803B1
:10831000B903BA03BB03BC03BD03BE03BF03C00361
:10832000C103C303C403C503C603C703C803C9030A
:108330001004110412041304140415040104160497
:108340001704180419041A041B041C041D041E0439
:108350001F042004210422042304240425042604E9
:108360002704280429042A042B042C042D042E0499
:108370002F040000000000000000000000000000CA
:1083800000000000000000000000000000000000ED
:108390003004310432043304340435045104360407
:1083A0003704380439043A043B043C043D043E04D9
:1083B0003F04400441044204430444044504460489
:1083C0004704480449044A044B044C044D044E0439
:1083D0004F040000002502250C2510251825142522
:1083E0001C252C25242534253C25012503250F2576
:1083F00013251B251725232533252B253B254B2509
:1084000020252F25282537253F251D2530252525E5
:10841000382542259C4E1655035A3F96C0541B6181
:108420002863F659229075841C83507AAA60E16310
:10843000256EED656684A682F59B93682757A16536
:1084400071629B5BD0597B86F498627DBE7D8E9B6A
:1084500016629F7CB788895BB55E0963976648683A
:10846000C7958D974F67E54E0A4F4D4F9D4F495029
:10847000F2563759D459015A095CDF600F617061B7
:1084800013660569BA704F757075FB79AD7DEF7D28
:10849000C3800E846388028B55907A903B53954E2F
:1084A000A54EDF57B280C190EF78004EF158A26E12
:1084B0003890327A28838B822F9C41517053BD545F
:1084C000E154E056FB59155FF298EB6DE4802D8581
:1084D00062967096A096FB970B54F353875BCF7010
:1084E000BD7FC28FE8966F535C9DBA7A114E937828
:1084F000FC81266E185604551D6B1A853B9CE55968
:10850000A953666DDC748F954256914E4B90F2964E
:108510004F830C99E153B655305B715F2066F3666B
:108520000468386CF36C296D5B74C8764E7A3498A5
:10853000F1825B88608AED92B26DAB75CA76C5999F
:10854000A660018B8A8DB2958E69AD538651125704
:1085500030584459B45BF65E2860A963F463BF6C7D
:10856000146F8E7014715971D5713F73017E7682CC
:10857000D182978560905B921B9D6958BC655A6C4F
:108580002575F9512E596559805FDC5FBC62FA652B
:108590002A6A276BB46B8B73C17F56892C9D0E9D05
:1085A000C49EA15C966C7B8304514B5CB661C68112
:1085B00076686172594EFA4F78536960296E4F7A26
:1085C000F3970B4E1653EE4E554F3D4FA14F734F41
:1085D000A052EF5309560F59C15AB65BE15BD179EE
:1085E00087669C67B6674C6BB36C6B70C2738D7992
:1085F000BE793C7A877BB182DB8204837783EF8309
:10860000D3836687B28A2956A88CE68F4E901E9730
:108610008A86C44FE85C116259723B75E581BD8260
:10862000FE86C08CC5961399D599CB4E1A4FE38917
:10863000DE564A58CA58FB5EEB5F2A60946062605F
:10864000D0611262D0623965419B6666B068776D11
:1086500070704C758676757DA582F9878B958E96A0
:108660009D8CF151BE521659B354B35B165D6861CF
:108670008269AF6D8D78CB845788728AA793B89A38
:108680006C6DA899D986A357FF67CE860E92835248
:1086900087560454D35EE162B9643C683868BB6BAA
:1086A0007273BA786B7A9A89D2896B8D038FED9049
:1086B000A39594966997665BB35C7D694D984E98D7
:1086C0009B63207B2B6A7F6AB6680D9C5F6F72523A
:1086D0009D557060EC623B6D076ED16E5B841089B6
:1086E000448F144E399CF6531B693A6A84972A6862
:1086F0005C51C37AB284DC918C935B56289D2268CE
:1087000005833184A57C0852C582E6747E4E834F72
:10871000A051D25B0A52D852E752FB5D9A552A58B3
:10872000E6598C5B985BDB5B725E795EA3601F61D0
:108730006361BE61DB636265D1675368FA683E6B53
:10874000536B576C226F976F456FB0741875E37653
:108750000B77FF7AA17B217CE97D367FF07F9D80BE
:1087600066829E83B389CC8AAB8C84905194939516
:108770009195A2956596D39728991882384E2B54D7
:10878000B85CCC5DA9734C763C77A95CEB7F0B8D14
:10879000C196119854985898014F0E4F71539C559B
:1087A0006856FA574759095BC45B905C0C5E7E5E65
:1087B000CC5FEE633A67D765E2651F67CB68C46834
:1087C0005F6A305EC56B176C7D6C7F754879635B43
:1087D000007A007DBD5F8F89188AB48C778DCC8E2E
:1087E0001D8FE2980E9A3C9B804E7D50005193590C
:1087F0009C5B2F628062EC643A6BA0729175477942
:10880000A97FFB87BC8A708BAC63CA83A09709548D
:108810000354AB555468586A708A27787567CD9EA3
:108820007453A25B1A8150860690184E454EC74E6F
:10883000114FCA533854AE5B135F256051653D67D5
:10884000426C726CE36C78700374767AAE7A087B53
:108850001A7DFE7C667DE7655B72BB53455CE85D17
:10886000D262E0621963206E5A86318ADD8DF892F9
:10887000016FA6795A9BA84EAB4EAC4E9B4FA04FB2
:10888000D1504751F67A7151F651545321537F53C9
:10889000EB53AC558358E15C375F4A5F2F60506003
:1088A0006D601F6359654B6AC16CC272ED72EF77E0
:1088B000F880058108824E85F790E193FF975799DC
:1088C0005A9AF04EDD512D5C81666D69405CF2660E
:1088D000756989735068817CC550E4524757FE5DC5
:1088E0002693A465236B3D6B34748179BD794B7BF2
:1088F000CA7DB982CC837F885F89398BD18FD19132
:108900001F5480925D4E3650E5533A53D77296739A
:10891000E977E682AF8EC699C899D29977511A61E4
:108920005E86B0557A7A7650D35B47908596324E04
:10893000DB6AE791515C485C98639F7A936C74970B
:10894000618FAA7A8A718896827C1768707E5168D6
:108950006C93F2521B54AB85138AA47FCD8EE190A9
:10896000665388884179C24FBE50115244515355C5
:108970002D57EA738B575159625F845F756076613A
:108980006761A961B2633A646C656F664268136E91
:1089900066753D7AFB7C4C7D997D4B7E6B7F0E83AB
:1089A0004A83CD86088A638A668BFD8E1A988F9DCE
:1089B000B882CE8FE89B87521F628364C06F9996FE
:1089C00041689150206B7A6C546F747A507D408866
:1089D000238A0867F64E3950265065507C5138522C
:1089E0006352A7550F570558CC5AFA5EB261F86129
:1089F000F36272631C69296A7D72AC722E731478FB
:108A00006F78797D0C77A9808B89198BE28CD28E57
:108A1000639075937A965598139A789E43519F5315
:108A2000B3537B5E265F1B6E906E8473FE73437D33
:108A30003782008AFA8A50964E4E0B50E4537C548B
:108A4000FA56D159645BF15DAB5E275F38624565CC
:108A5000AF67566ED072CA7CB488A180E180F08383
:108A60004E86878AE88D3792C7966798139F944EF3
:108A7000924E0D4F485349543E542F5A8C5FA15F7C
:108A80009F60A7688E6A5A7481789E8AA48A778BC1
:108A900090915E4EC99BA44E7C4FAF4F195016501B
:108AA00049516C519F52B952FE529A53E35311549B
:108AB0000E5489555157A2577D59545B5D5B8F5BAE
:108AC000E55DE75DF75D785E835E9A5EB75E185F91
:108AD00052604C619762D862A7633B650266436649
:108AE000F4666D6721689768CB695F6C2A6D696D64
:108AF0002F6E9D6E327587766C783F7AE07C057DAF
:108B0000187D5E7DB17D15800380AF80B18054817A
:108B10008F812A8252834C8861881B8BA28CFC8CAB
:108B2000CA90759171923F78FC92A4954D960598E4
:108B30009999D89A3B9D5B52AB52F7530854D5583C
:108B4000F762E06F6A8C5F8FB99E4B513B524A547B
:108B5000FD56407A7791609DD29E4473096F708173
:108B60001175FD5FDA60A89ADB72BC8F646B0398A5
:108B7000CA4EF0566457BE585A5A6860C7610F66AD
:108B800006663968B168F76DD5753A7D6E82429B8D
:108B90009B4E504FC95306556F5DE65DEE5DFB671A
:108BA000996C73740278508A9693DF885057A75E49
:108BB0002B63B550AC508D510067C9545E58BB59FA
:108BC000B05B695F4D62A1633D68736B086E7D7039
:108BD000C7918072157826786D798E65307DDC833B
:108BE000C188098F9B966452285750676A7FA18C71
:108BF000B45142572A963A588A69B480B2540E5DED
:108C0000FC579578FA9D5C4F4A528B543E64286617
:108C10001467F567847A567B227D2F935C68AD9B41
:108C2000397B19538A513752DF5BF662AE64E664D2
:108C30002D67BA6BA985D1969076D69B4C63069327
:108C4000AB9BBF765266094E9850C253715CE86088
:108C5000926463655F68E671CA732375977B827E51
:108C60009586838BDB8C78911099AC65AB668B6BAA
:108C7000D54ED44E3A4F7F4F3A52F853F253E35504
:108C8000DB56EB58CB59C959FF59505B4D5C025E1E
:108C90002B5ED75F1D6007632F655C5BAF65BD65AD
:108CA000E8659D67626B7B6B0F6C45734979C17991
:108CB000F87C197D2B7DA2800281F38196895E8AE2
:108CC000698A668A8C8AEE8AC78CDC8CCC96FC9882
:108CD0006F6B8B4E3C4F8D4F5051575BFA5B486129
:108CE00001634266216BCB6EBB6C3E72BD74D47562
:108CF000C1783A790C803380EA8194849E8F506CDD
:108D00007F9E0F5F588B2B9DFA7AF88E8D5BEB96CA
:108D1000034EF153F7573159C95AA45B89607F6EEE
:108D2000066FBE75EA8C9F5B0085E07B7250F4672E
:108D30009D82615C4A851E7E0E829951045C686347
:108D4000668D9C656E713E79177D05801D8BCA8E80
:108D50006E90C786AA901F50FA523A5C53677C7097
:108D600035724C91C8912B93E582C25B315FF960FB
:108D70003B4ED653885B4B6231678A6BE972E07376
:108D80002E7A6B81A38D529196991251D7536A54C2
:108D9000FF5B8863396AAC7D0097DA56CE5368541E
:108DA000975B315CDE5DEE4F0161FE62326DC07932
:108DB000CB79427D4D7ED27FED811F8290844688A3
:108DC0007289908B748E2F8F31904B916C91C696D7
:108DD0009C91C04E4F4F45514153935F0E62D467F3
:108DE000416C0B6E6373267ECD918392D4531959D7
:108DF000BF5BD16D5D792E7E9B7C7E589F71FA5151
:108E00005388F08FCA4FFB5C2566AC77E37A1C82EF
:108E1000FF99C651AA5FEC656F69896BF36D966E19
:108E2000646FFE76147DE15D759087910698E6513A
:108E30001D5240629166D9661A6EB65ED27D727F0F
:108E4000F866AF85F785F88AA952D95373598F5EB2
:108E5000905F5560E4926496B7501F51DD522053E5
:108E60004753EC53E8544655315517566859BE5987
:108E70003C5AB55B065C0F5C115C1A5C845E8A5ED2
:108E8000E05E705F7F628462DB628C63776307669B
:108E90000C662D6676667E67A2681F6A356ABC6CB2
:108EA000886D096E586E3C7126716771C7750177C0
:108EB0005D7801796579F079E07A117BA77C397D5D
:108EC0009680D6838B8449855D88F3881F8A3C8A87
:108ED000548A738A618CDE8CA49166927E93189476
:108EE0009C9698970A4E084E1E4E574E97517052B8
:108EF000CE573458CC58225B385EC560FE6461673B
:108F00005667446DB6727375637AB884728BB89184
:108F100020933156F457FE98ED620D69966BED7112
:108F2000547E77807282E689DF985587B18F3B5CEB
:108F3000384FE14FB54F0755205ADD5BE95BC35F02
:108F40004E612F63B0654B66EE689B69786DF16D7D
:108F50003375B9751F775E79E679337DE381AF822A
:108F6000AA85AA893A8AAB8E9B8F3290DD910797AA
:108F7000BA4EC14E03527558EC580B5C1A753D5CE5
:108F80004E810A8AC58F63966D97257BCF8A089894
:108F90006291F356A853179039548257255EA863FF
:108FA000346C8A7061778B7CE07F7088429054913A
:108FB000109318938F965E74C49A075D695D70650F
:108FC000A267A88DDB966E6349671969C5831798F8
:108FD000C096FE88846F7A64F85B164E2C705D75BF
:108FE0002F66C4513652E252D359815F2760106216
:108FF0003F6574651F667466F2681668636B056E7C
:1090000072721F75DB76BE7C5680F058FD887F89B2
:10901000A08A938ACB8A1D9092915297599789651D
:109020000E7A0681BB962D5EDC601A62A565146619
:109030009067F3774D7A4D7C3E7E0A81AC8C648DCF
:10904000E18D5F8EA9780752D962A5634264986268
:109050002D8A837AC07BAC8AEA96767D0C8249871A
:10906000D94E485143536053A35B025C165CDD5DEF
:1090700026624762B06413683468C96C456D176D29
:10908000D3675C6F4E717D71CB657F7AAD7BDA7D86
:109090004A7EA87F7A811B823982A6856E8ACE8C11
:1090A000F58D78907790AD9291928395AE9B4D52CD
:1090B0008455386F367168518579557EB381CE7C81
:1090C0004C565158A85CAA63FE66FD665A69D9726F
:1090D0008F758E750E795679DF79977C207D447D6A
:1090E0000786348A3B966190209FE7507552CC5397
:1090F000E2530950AA55EE584F593D728B5B645CA0
:109100001D53E360F3605C6383633F63BB63CD64C3
:10911000E965F966E35DCD69FD69156FE571894E15
:10912000E975F876937ADF7CCF7D9C7D61804983F9
:1091300058836C84BC84FB85C588708D01906D90CC
:1091400097931C97129ACF5097588E61D38135858B
:10915000088D2090C34F7450475273536F6049631A
:109160005F672C6EB38D1F90D74F5E5CCA8CCF6546
:109170009A7D525396887651C363585B6B5B0A5C49
:109180000D6451675C90D64E1A592A59706C518AF9
:109190003E551558A559F0605362C167358255692F
:1091A0004096C499289A534F0658FE5B1080B15CD4
:1091B0002F5E855F20604B613462FF66F06CDE6E6F
:1091C000CE807F81D4828B88B88C00902E908A9636
:1091D000DB9EDB9BE34EF05327592C7B8D914C9803
:1091E000F99DDD6E277053534455855B58629E622E
:1091F000D362A26CEF6F2274178A3894C16FFE8A13
:109200003883E751F886EA53E953464F5490B08FBC
:109210006A593181FD5DEA7ABF8FDA68378CF8725E
:10922000489C3D6AB08A394E585306566657C56207
:10923000A263E6654E6BE16D5B6EAD70ED77EF7A24
:10924000AA7BBB7D3D80C680CB86958A5B93E35627
:10925000C7583E5FAD659666806AB56B3775C78A3D
:109260002450E57730571B5F65607A66606CF47553
:109270001A7A6E7FF48118874590B399C97B5C7523
:10928000F97A517BC4841090E979927A3683E15A55
:1092900040772D4EF24E995BE05FBD623C66F16710
:1092A000E86C6B8677883B8A4E91F392D099176A67
:1092B00026702A73E7825784AF8C014E4651CB51FA
:1092C0008B55F55B165E335E815E145F355F6B5FB9
:1092D000B45FF2611163A2661D676E6F52723A75D8
:1092E0003A777480398178817687BF8ADC8A858D68
:1092F000F38D9A9277950298E59CC5525763F47660
:109300001567886CCD73C38CAE937396256D9C588E
:109310000E69CC69FD8F9A93DB751A905A580268D2
:10932000B463FB69434F2C6FD867BB8F2685B47D30
:1093300054933F69706F6A57F7582C5B2C7D2A72E3
:109340000A54E391B49DAD4E4E4F5C50755043525C
:109350009E8C485424589A5B1D5E955EAD5EF75E08
:109360001F5F8C60B5623A63D063AF68406C8778EA
:109370008E790B7AE07D4782028AE68A448E1390CA
:10938000B8902D91D8910E9FE56C5864E264756594
:10939000F46E84761B7B6990D193BA6EF254B95FF8
:1093A000A4644D8FED8F449278516B582959555CC8
:1093B000975EFB6D8F7E1C75BC8CE28E5B98B970DE
:1093C0001D4FBF6BB16F3075FB964E511054355821
:1093D0005758AC59605C925F97655C67216E7B76ED
:1093E000DF83ED8C1490FD904D9325783A78AA5246
:1093F000A65E1F577459126012505A51AC51CD518C
:1094000000521055545858585759955BF65C8B5D6F
:10941000BC6095622D6471674368BC68DF68D7766D
:10942000D86D6F6E9B6D6F70C871535FD87577790B
:10943000497B547B527BD67C717D30526384698535
:10944000E4850E8A048B468C0F8E03900F9019943E
:1094500076962D98309AD895CD50D5520C54025806
:109460000E5CA7619E641E6DB377E57AF480048478
:1094700053908592E05C079D3F53975FB35F9C6D6F
:1094800079726377BF79E47BD26BEC72AD8A036843
:10949000616AF851817A34694A5CF69CEB82C55B5B
:1094A00049911E7078566F5CC76066658C6C5A8CEB
:1094B000419013985154C7660D924859A390855115
:1094C0004D4EEA5199850E8B58707A634B936269C1
:1094D000B499047E777557536069DF8EE3965D6CAF
:1094E0008C4E3C5C105FE98F0253D18C8980798669
:1094F000FF5EE565734E655182593F5CEE97FB4E0A
:109500008A59CD5F8D8AE16FB0796279E75B7184AA
:109510002B73B171745EF55F7B639A64C371987C41
:10952000434EFC5E4B4EDC57A256A960C36F0D7DC7
:10953000FD803381BF81B28F9789A486F45D8A62F2
:10954000AD6487897767E26C3E6D36743478465A2D
:10955000757FAD82AC99F34FC35EDD629263576550
:109560006F67C3764C72CC80BA80298F4D910D50B5
:10957000F957925A856873696471FD72B78CF25815
:10958000E08C6A9619907F87E479E77729842F4FDA
:1095900065525A53CD62CF67CA6C7D76947B957CB9
:1095A00036828485EB8FDD66206F06721B7EAB836F
:1095B000C199A69EFD51B17B7278B87B8780487BAC
:1095C000E86A615E8C80517560756B5162928C6E39
:1095D0007A769791EA9A104F707F9C624F7BA5959F
:1095E000E99C7A565958E486BC96344F24524A5323
:1095F000CD53DB53065E2C6491657F673E6C4E6CE9
:109600004872AF72ED735475417E2C82E985A98C46
:10961000C47BC69169711298EF983D6369666A755B
:10962000E476D0784385EE862A53515326548359E5
:10963000875E7C5FB26049627962AB629065D46B91
:10964000CC6CB275AE769178D879CB7D777FA580DA
:10965000AB88B98ABB8C7F905E97DB980B6A387CAD
:1096600099503E5CAE5F8767D86B357409778E7F03
:109670003B9FCA67177A39538B75ED9A665F9D8158
:10968000F18398803C5FC55F6275467B3C9067685C
:10969000EB599B5A107D7E762C8BF54F6A5F196AC9
:1096A000376C026FE27468796888558A798CDF5E5E
:1096B000CF63C575D279D7822893F2929C84ED86C8
:1096C0002D9CC1546C5F8C655C6D1570A78CD38C20
:1096D0003B984F65F6740D4ED84EE0572B59665A9D
:1096E000CC5BA851035E9C5E166076627765A765C9
:1096F0006E666E6D3672267B50819A8199825C8B84
:10970000A08CE68C748D1C964496AE4FAB64666B51
:109710001E8261846A85E890015C5369A8987A8406
:1097200057850F4F6F52A95F455E0D678F7979811D
:1097300007898689F56D175F5562B86CCF4E6972DF
:10974000929B06523B547456B358A4616E621A71D0
:109750006E59897CDE7C1B7DF09687655E80194E94
:10976000754F75514058635E735E0A5FC467264E3D
:109770003D8589955B96737C0198FB50C158567660
:10978000A7782552A5771185867B4F5009594772D6
:10979000C77BE87DBA8FD48F4D90BF4FC952295AED
:1097A000015FAD97DD4F1782EA9203575563696BEE
:1097B0002B75DC88148F427ADF52935855610A6208
:1097C000AE66CD6B3F7CE9832350F84F055346547A
:1097D000315849599D5BF05CEF5C295D965EB16242
:1097E00067633E65B9650B67D56CE16CF9703278DB
:1097F0002B7EDE80B3820C84EC84028712892A8A55
:109800004A8CA690D292FD98F39C6C9D4F4EA14E2F
:109810008D5056524A57A8593D5ED85FD95F3F6276
:10982000B4661B67D067D2689251217DAA80A88157
:10983000008B8C8CBF8C7E92329620542C981753C0
:10984000D5505C53A858B264346767726677467A1D
:10985000E691C352A16C866B00584C5E54592C673C
:10986000FB7FE151C6766964E878549BBB9ECB5779
:10987000B95927669A67CE6BE954D969555E9C81C0
:109880009567AA9BFE67529C5D68A64EE34FC8533E
:10989000B9622B67AB6CC48FAD4F6D7EBF9E074E18
:1098A0006261806E2B6F138573542A67459BF35D4D
:1098B000957BAC5CC65B1C874A6ED184147A0881A8
:1098C00099598D7C116C2077D952225921715F7280
:1098D000DB772797619D0B697F5A185AA5510D5464
:1098E0007D540E66DF76F78F9892F49CEA595D728C
:1098F000C56E4D51C968BF7DEC7D6297BA9E786494
:10990000216A028384595F5BDB6B1B73F276B27D45
:109910001780998432512867D99EEE766267FF528C
:109920000599245C3B627E7CB08C4F55B6600B7D04
:10993000809501535F4EB6511C593A723680CE91D4
:10994000255FE2778453795F047DAC85338A8D8E01
:109950005697F367AE85539409610861B96C5276E6
:10996000ED8A388F2F55514F2A51C752CB53A55BE3
:109970007D5EA0608261D6630967DA67676E8C6D71
:109980003673377331755079D588988A4A9091909B
:10999000F590C4968D871559884E594F0E4E898A79
:1099A0003F8F1098AD507C5E9659B95BB85EDA6314
:1099B000FA63C164DC664A69D8690B6DB66E94714E
:1099C0002875AF7A8A7F00804984C9848189218B78
:1099D0000A8E65907D960A997E619162326B836CE6
:1099E000746DCC7FFC7FC06D857FBA87F888656712
:1099F000B1833C98F7961B6D617D3D846A91714EF1
:109A00007553505D046BEB6FCD852D86A789295268
:109A10000F54655C4E67A86806748374E275CF883E
:109A2000E188CC91E29678968B5F8773CB7A4E84EF
:109A3000A06365758952416D9C6E097459756B7888
:109A4000927C8696DC7A8D9FB64F6E61C5655C868A
:109A5000864EAE4EDA50214ECC51EE5B9965816850
:109A6000BC6D1F734276AD771C7AE77C6F82D28A19
:109A70007C90CF91759618989B52D17D2B5098531E
:109A80009767CB6DD0713374E8812A8FA396579C6A
:109A90009F9E60744158996D2F7D5E98E44E364FBD
:109AA0008B4FB751B152BA5D1C60B2733C79D3820F
:109AB0003492B796F6960A97979E629FA666746B45
:109AC0001752A352C870C288C95E4B609061236F61
:109AD00049713E7CF47D6F80EE8423902C93425438
:109AE0006F9BD36A8970C28CEF8D3297B452415A02
:109AF000CA5E045F17677C6994696A6D0F6F627252
:109B0000FC72ED7B01807E804B87CE906D51939EE1
:109B100084798B803293D68A2D508C54718A6A6BEB
:109B2000C48C0781D160A067F29D994E984E109C1D
:109B30006B8AC185688500697E6E977855810000C3
:109B40000A000100020003000400050006000700EF
:109B5000080009000A000B000C000D000E000F00A9
:109B60001000000020202020202020202020202065
:109B700020202020202020202020202020202020E5
:109B800020202020000000001F001C2000000000FA
:109B9000142100000200162400000000142500001B
:109BA0000200152800000000112900000000142AFE
:109BB00000000000182B00000000142C0000000022
:109BC000102D00000000142E000001000C300000D9
:109BD0000900143A00000100183C00000200143F84
:109BE00000000100034100001900155B00000000A7
:109BF000145C00000000115D00000000175E000012
:109C000000000F5F0000000017600000000003610B
:109C100000001900157B00000000187C0000000007
:109C2000117D00000000187E00000000007F000091
:109C300020001CA00000000014A10000000016A2DB
:109C40000000030019A60000000014A70000000097
:109C500017A80000000019A90000000006AA0000D3
:109C6000000013AB0000000018AC0000000001ADC4
:109C70000000000019AE0000000017AF0000000057
:109C800019B00000000018B1000000000EB2000082
:109C9000010017B40000000003B50000000014B676
:109CA0000000010017B8000000000EB9000000001D
:109CB00006BA0000000012BB000000000EBC00004D
:109CC000020014BF0000000003C00000160018D7F7
:109CD0000000000003D80000060004DF00000000C0
:109CE00003E00000160018F70000000003F8000071
:109CF0003F00043801000000033901000F0004494F
:109D000001000000034A01004200048D0100000030
:109D1000038E01000C00049B01000000039C010065
:109D20000D0004AA0100010003AC01000D0004BAFB
:109D30000100000006BB0100000003BC010001009F
:109D400004BE0100000003BF0100000006C00100C6
:109D5000030003C40100000007C50100000003C6A2
:109D60000100010007C80100000003C90100010053
:109D700007CB0100000003CC0100230004F0010028
:109D8000000003F10100000007F20100000003F3EE
:109D900001002D0004210200000003220200110036
:109DA000043402000500033A02001A0004550200C0
:109DB000000003560200010004580200000003598D
:109DC00002000000045A02000000035B02000100D0
:109DD000045D020002000360020001000462020050
:109DE0000000036302000000046402000000036539
:109DF0000200010004670200000003680200040082
:109E0000046D02000100036F0200000004700200F4
:109E100000000371020001000473020001000375D9
:109E200002000000047602000600037D020000002C
:109E3000047E020001000380020000000481020091
:109E40000000038202000100048402000200038774
:109E500002000500048D02000400039202000000CD
:109E60000493020000000694020000000495020022
:109E70000700039D02000100049F0200100005B0CE
:109E80000200110017C20200030005C602000B0009
:109E900017D202000D0005E00200040017E50200E1
:109EA000060005EC0200000017ED0200000005EEC0
:109EB0000200000017EF020010000B0003006F000B
:109EC000037003000300057403000000177503000E
:109ED0000000037603000100057A03000000037B05
:109EE00003000200147E03000000037F0300000053
:109EF0001784030001000386030000001487030099
:109F00000000038803000200038C03000000038E9E
:109F100003000100049003000000039103001000FF
:109F200003A303000C0004B00300000003B103000E
:109F3000200008D20300020003D50300200018F619
:109F40000300000003F70300040004FC030000000A
:109F500003FD030084001982040000000B83040049
:109F600004000A8804000100038A0400A5000331EC
:109F700005002500055905000000145A05000500DC
:109F8000046005000000036105002500048705004A
:109F90000100148905000000108A05000000198DD9
:109FA00005000100168F050000000B9105002C0034
:109FB00010BE050000000BBF0500000014C0050026
:109FC00000000BC10500010014C3050000000BC414
:109FD0000500010014C6050000000BC705000000C5
:109FE00006D005001A0006EF0500030014F3050073
:109FF0000100010006000500180606000200140911
:10A0000006000100160B06000000140C06000100FB
:10A01000190E060001000B1006000A00141B0600B2
:10A020000000011C06000000141D060002000620AE
:10A0300006001F000540060000000641060009005A
:10A040000B4B060014000C6006000900146A0600A1
:10A050000300066E060001000B700600000006718A
:10A060000600620014D40600000006D506000000B9
:10A070000BD60600060001DD0600000019DE060012
:10A0800000000BDF0600050005E5060001000BE7F8
:10A090000600010019E9060000000BEA06000300B3
:10A0A00006EE060001000CF00600090006FA0600A4
:10A0B000020019FD0600010006FF06000000140062
:10A0C00007000D00010F0700000006100700000048
:10A0D0000B1107000000061207001D000B300700DF
:10A0E0001A00064D070058000BA607000A0006B12B
:10A0F000070000000CC00700090006CA0700200086
:10A100000BEB0700080005F40700010019F6070033
:10A11000000014F70700020005FA070000000BFD1D
:10A120000700000016FE07000100060008001500E9
:10A130000B1608000300051A080000000B1B08009E
:10A1400008000524080000000B250800020005286F
:10A15000080000000B2908000400143008000E005D
:10A160000640080018000B5908000200145E0800A1
:10A170000000066008000A00067008001700178833
:10A180000800000006890800050001900800010091
:10A190000B980800070006A00800280005C9080061
:10A1A00000000BCA0800170001E2080000000BE3E2
:10A1B00008001F000903090000000604090035001B
:10A1C0000B3A09000000093B090000000B3C0900A4
:10A1D0000000063D09000000093E090002000B4195
:10A1E000090007000949090003000B4D09000000A0
:10A1F000094E090001000650090000000B5109003A
:10A2000006000658090009000B62090001001464E9
:10A21000090001000C660900090014700900000023
:10A22000057109000000067209000E000B8109008B
:10A230000000098209000100068509000700068F59
:10A240000900010006930900150006AA090006008E
:10A2500006B20900000006B6090003000BBC0900A5
:10A26000000006BD0900000009BE090002000BC184
:10A270000900030009C70900010009CB090001001A
:10A280000BCD0900000006CE0900000009D7090027
:10A29000000006DC0900010006DF090002000BE2F5
:10A2A000090001000CE60900090006F009000100A0
:10A2B00016F2090001000EF40900050019FA090060
:10A2C000000016FB0900000006FC0900000014FD58
:10A2D000090000000BFE090000000B010A0001004C
:10A2E00009030A00000006050A000500060F0A001F
:10A2F000010006130A001500062A0A0006000632AD
:10A300000A00010006350A00010006380A000100B3
:10A310000B3C0A000000093E0A0002000B410A0043
:10A3200001000B470A0001000B4B0A0002000B5111
:10A330000A00000006590A000300065E0A00000039
:10A340000C660A0009000B700A00010006720A0080
:10A3500002000B750A00000014760A0000000B8151
:10A360000A00010009830A00000006850A000800AF
:10A37000068F0A00020006930A00150006AA0A00CA
:10A38000060006B20A00010006B50A0004000BBC74
:10A390000A00000006BD0A00000009BE0A00020013
:10A3A0000BC10A0004000BC70A00010009C90A001A
:10A3B000000009CB0A0001000BCD0A00000006D006
:10A3C0000A00000006E00A0001000BE20A0001009A
:10A3D0000CE60A00090014F00A00000016F10A0059
:10A3E000000006F90A0000000BFA0A0005000B0144
:10A3F0000B00000009020B00010006050B0007001E
:10A40000060F0B00010006130B001500062A0B00B7
:10A41000060006320B00010006350B0004000B3C61
:10A420000B000000063D0B000000093E0B00000081
:10A430000B3F0B00000009400B0000000B410B001C
:10A44000030009470B000100094B0B0001000B4DF5
:10A450000B0000000B550B00010009570B0000001A
:10A46000065C0B000100065F0B0002000B620B0094
:10A4700001000C660B00090019700B00000006714A
:10A480000B0000000E720B0005000B820B00000099
:10A4900006830B00000006850B000500068E0B00EE
:10A4A000020006920B00030006990B000100069CB7
:10A4B0000B000000069E0B00010006A30B0001002C
:10A4C00006A80B00020006AE0B000B0009BE0B0035
:10A4D00001000BC00B00000009C10B00010009C600
:10A4E0000B00020009CA0B0002000BCD0B0000009C
:10A4F00006D00B00000009D70B0000000CE60B0093
:10A5000009000EF00B00020019F30B00050016F90C
:10A510000B00000019FA0B0000000B000C000000FB
:10A5200009010C0002000B040C00000006050C00E1
:10A530000700060E0C00020006120C001600062A88
:10A540000C000F000B3C0C000000063D0C0000004E
:10A550000B3E0C00020009410C0003000B460C00EE
:10A5600002000B4A0C0003000B550C0001000658BA
:10A570000C000200065D0C00000006600C000100EB
:10A580000B620C0001000C660C00090014770C0033
:10A5900000000E780C000600197F0C0000000680F9
:10A5A0000C0000000B810C00000009820C0001006F
:10A5B00014840C00000006850C000700068E0C00B9
:10A5C000020006920C00160006AA0C00090006B54F
:10A5D0000C0004000BBC0C00000006BD0C000000C9
:10A5E00009BE0C0000000BBF0C00000009C00C00ED
:10A5F00004000BC60C00000009C70C00010009CACA
:10A600000C0001000BCC0C00010009D50C0001006E
:10A6100006DD0C00010006E00C0001000BE20C005E
:10A6200001000CE60C00090006F10C00010009F322
:10A630000C0000000B000D00010009020D000100DC
:10A6400006040D000800060E0D00020006120D00A3
:10A6500028000B3B0D000100063D0D000000093EE7
:10A660000D0002000B410D00030009460D00020021
:10A67000094A0D0002000B4D0D000000064E0D00B2
:10A680000000194F0D00000006540D00020009578C
:10A690000D0000000E580D000600065F0D000200C0
:10A6A0000B620D0001000C660D0009000E700D001C
:10A6B000080019790D000000067A0D0005000B81D5
:10A6C0000D00000009820D00010006850D0011003B
:10A6D000069A0D00170006B30D00080006BD0D0018
:10A6E000000006C00D0006000BCA0D00000009CFD7
:10A6F0000D0002000BD20D0002000BD60D00000071
:10A7000009D80D0007000CE60D00090009F20D0044
:10A71000010014F40D00000006010E002F000B31A3
:10A720000E00000006320E0001000B340E00060081
:10A73000163F0E00000006400E00050005460E0004
:10A7400000000B470E000700144F0E0000000C50D5
:10A750000E000900145A0E00010006810E000100CF
:10A7600006840E00000006860E000400068C0E0013
:10A77000170006A50E00000006A70E0009000BB189
:10A780000E00000006B20E0001000BB40E0008001F
:10A7900006BD0E00000006C00E00040005C60E0037
:10A7A00000000BC80E0006000CD00E00090006DCED
:10A7B0000E00030006000F00000019010F00020048
:10A7C00014040F000E0019130F00000014140F00E2
:10A7D000000019150F0002000B180F000100191AD4
:10A7E0000F0005000C200F0009000E2A0F000900C1
:10A7F00019340F0000000B350F00000019360F0050
:10A8000000000B370F00000019380F0000000B3953
:10A810000F000000153A0F000000113B0F00000070
:10A82000153C0F000000113D0F000000093E0F0015
:10A83000010006400F00070006490F0023000B71BE
:10A840000F000D00097F0F0000000B800F000400B7
:10A8500014850F0000000B860F00010006880F0012
:10A8600004000B8D0F000A000B990F00230019BE86
:10A870000F0007000BC60F00000019C70F000500EE
:10A8800019CE0F00010014D00F00040019D50F00DD
:10A89000030014D90F000100060010002A00092B44
:10A8A000100001000B2D1000030009311000000002
:10A8B0000B32100005000938100000000B391000A1
:10A8C0000100093B100001000B3D10000100063F94
:10A8D000100000000C4010000900144A1000050090
:10A8E0000650100005000956100001000B5810001A
:10A8F0000100065A100003000B5E10000200066102
:10A90000100000000962100002000665100001003E
:10A91000096710000600066E100002000B7110009F
:10A920000300067510000C000B8210000000098364
:10A93000100001000B8510000100098710000500C0
:10A940000B8D10000000068E10000000098F100013
:10A9500000000C9010000900099A100002000B9DE5
:10A9600010000000199E1000010003A01000250037
:10A9700003C71000000003CD1000000003D010003A
:10A980002A0014FB1000000005FC1000000003FD6D
:10A9900010000200060011004801064A12000300E0
:10A9A000065012000600065812000000065A120057
:10A9B0000300066012002800068A120003000690B9
:10A9C0001200200006B21200030006B812000600B2
:10A9D00006C01200000006C21200030006C81200E2
:10A9E0000E0006D8120038000612130003000618E5
:10A9F000130042000B5D13000200146013000800F6
:10AA00000E6913001300068013000F001990130045
:10AA1000090003A01300550003F8130005001000FF
:10AA200014000000060114006B02196D16000000EE
:10AA3000146E16000000066F160010001C80160031
:10AA40000000068116001900159B16000000119CDD
:10AA50001600000006A016004A0014EB16000200C3
:10AA60000DEE1600020006F11600070006001700A2
:10AA700011000B1217000200091517000000061F35
:10AA8000170012000B3217000100093417000000F4
:10AA90001435170001000640170011000B52170073
:10AAA0000100066017000C00066E170002000B7212
:10AAB000170001000680170033000BB417000100D7
:10AAC00009B6170000000BB71700060009BE1700F3
:10AAD00007000BC61700000009C7170001000BC9CB
:10AAE00017000A0014D41700020005D71700000051
:10AAF00014D81700020016DB1700000006DC170050
:10AB000000000BDD170000000CE0170009000EF03C
:10AB100017000900140018000500100618000000B6
:10AB20001407180003000B0B18000200010E180098
:10AB300000000B0F180000000C1018000900062080
:10AB400018002200054318000000064418003400D5
:10AB50000680180004000B85180001000687180005
:10AB600021000BA91800000006AA1800000006B07A
:10AB700018004500060019001E000B2019000200F5
:10AB80000923190003000B271900010009291900E6
:10AB900002000930190001000B32190000000933CE
:10ABA000190005000B3919000200194019000000B6
:10ABB0001444190001000C46190009000650190040
:10ABC0001D00067019000400068019002B0006B055
:10ABD000190019000CD0190009000EDA1900000044
:10ABE00019DE1900210006001A0016000B171A00C2
:10ABF000010009191A0001000B1B1A000000141EA5
:10AC00001A00010006201A00340009551A0000003D
:10AC10000B561A00000009571A0000000B581A00C2
:10AC200006000B601A00000009611A0000000B62A8
:10AC30001A00000009631A0001000B651A000700E2
:10AC4000096D1A0005000B731A0009000B7F1A002A
:10AC500000000C801A0009000C901A00090014A0D2
:10AC60001A00060005A71A00000014A81A00050023
:10AC70000BB01A000D000ABE1A0000000BBF1A002C
:10AC80000F000B001B00030009041B000000060559
:10AC90001B002E000B341B00000009351B000000B8
:10ACA0000B361B000400093B1B0000000B3C1B0083
:10ACB0000000093D1B0004000B421B00000009437B
:10ACC0001B00010006451B0007000C501B0009007B
:10ACD000145A1B00060019611B0009000B6B1B00B6
:10ACE000080019741B000800147D1B0001000B8074
:10ACF0001B00010009821B00000006831B001D00D1
:10AD000009A11B0000000BA21B00030009A61B00E9
:10AD100001000BA81B00010009AA1B0000000BABDF
:10AD20001B00020006AE1B0001000CB01B00090056
:10AD300006BA1B002B000BE61B00000009E71B00F6
:10AD400000000BE81B00010009EA1B0002000BEDEC
:10AD50001B00000009EE1B0000000BEF1B000200AF
:10AD600009F21B00010014FC1B00030006001C007C
:10AD7000230009241C0007000B2C1C0007000934C9
:10AD80001C0001000B361C000100143B1C000400D9
:10AD90000C401C000900064D1C0002000C501C0059
:10ADA0000900065A1C001D0005781C000500147ED1
:10ADB0001C00010003801C00080003901C002A00F6
:10ADC00003BD1C00020014C01C0007000BD01C00B7
:10ADD000020014D31C0000000BD41C000C0009E17D
:10ADE0001C0000000BE21C00060006E91C0003002A
:10ADF0000BED1C00000006EE1C0005000BF41C000F
:10AE0000000006F51C00010009F71C0000000BF80B
:10AE10001C00010006FA1C00000004001D002B00AD
:10AE2000052C1D003E00046B1D000C0005781D0064
:10AE3000000003791D000000047A1D000200037D5C
:10AE40001D000000047E1D000F00038E1D00000089
:10AE5000048F1D000B00059B1D0024000BC01D006E
:10AE60003F0003001E00950004961E000400039B93
:10AE70001E000000049C1E000100039E1E00000036
:10AE8000049F1E00000003A01E00750003181F0091
:10AE9000050003201F00250003481F000500045083
:10AEA0001F00000003511F00000004521F0000009B
:10AEB00003531F00000004541F00000003551F002F
:10AEC000000004561F00000003571F000000035934
:10AED0001F000000035B1F000000035D1F00000057
:10AEE000035F1F001E0003801F00070007881F006C
:10AEF000070003901F00070007981F00070003A02A
:10AF00001F00070007A81F00070003B01F00010073
:10AF100004B21F00000003B31F00000004B41F00B0
:10AF2000000004B61F00010003B81F00030007BCA7
:10AF30001F00000017BD1F00000003BE1F0000001F
:10AF400017BF1F00020004C21F00000003C31F0040
:10AF5000000004C41F00000004C61F00010003C855
:10AF60001F00030007CC1F00000017CD1F000200C8
:10AF700003D01F00010004D21F00010004D61F00EF
:10AF8000010003D81F00030017DD1F00020003E0CB
:10AF90001F00010004E21F00020003E51F00000083
:10AFA00004E61F00010003E81F00040017ED1F0066
:10AFB000020004F21F00000003F31F00000004F46D
:10AFC0001F00000004F61F00010003F81F0003002B
:10AFD00007FC1F00000017FD1F0001001C002000DF
:10AFE0000A00010B200004001010200005001416B8
:10AFF000200001001318200000001219200000009A
:10B00000151A20000000131B20000100121D200053
:10B010000000151E20000000131F20000000142057
:10B02000200007001A28200000001B292000000033
:10B03000012A200004001C2F2000000014302000F2
:10B040000800133920000000123A20000000143BD1
:10B05000200003000F3F20000100144120000200E7
:10B060001844200000001545200000001146200073
:10B070000000144720000A0018522000000014535A
:10B08000200000000F54200000001455200009008B
:10B090001C5F200000000160200004000166200009
:10B0A00009000E70200000000571200000000E74E1
:10B0B00020000500187A20000200157D2000000005
:10B0C000117E20000000057F200000000E8020007F
:10B0D0000900188A20000200158D20000000118E42
:10B0E00020000000059020000C0016A02000200089
:10B0F0000BD020000C000ADD200003000BE1200033
:10B1000000000AE2200002000BE520000B001900FD
:10B1100021000100080221000000190321000300A2
:10B12000080721000000190821000100040A21007D
:10B130000000080B21000200040E2100010008108D
:10B140002100020004132100000019142100000056
:10B15000081521000000191621000100181821000F
:10B160000000081921000400191E21000500082410
:10B170002100000019252100000003262100000005
:10B1800019272100000008282100000019292100AA
:10B190000000032A21000100082C21000100192EC3
:10B1A00021000000042F21000000083021000100D0
:10B1B0000332210000000833210000000434210084
:10B1C0000000063521000300043921000000193A6F
:10B1D00021000100043C21000100083E2100010083
:10B1E0001840210004000845210000000446210009
:10B1F0000300194A21000000184B21000000194CDF
:10B2000021000100034E21000000194F2100000021
:10B210000E5021000F000D60210022000383210049
:10B2200001000D85210003000E8921000000198A0C
:10B23000210001001890210004001995210004004C
:10B24000189A21000100199C2100030018A0210078
:10B25000000019A12100010018A32100000019A479
:10B260002100010018A62100000019A721000600F6
:10B2700018AE2100000019AF21001E0018CE2100D9
:10B28000010019D02100010018D22100000019D3BB
:10B290002100000018D42100000019D521001E0053
:10B2A00018F421000B0119002300070015082300E2
:10B2B0000000110923000000150A23000000110BF3
:10B2C00023000000190C23001300182023000100A4
:10B2D000192223000600152923000000112A23004B
:10B2E0000000192B23005000187C23000000197D5A
:10B2F00023001D00189B2300180019B42300270009
:10B3000018DC2300050019E2230044001940240042
:10B310000A000E6024003B00199C24004D000EEA38
:10B320002400150019002500B60018B725000000FC
:10B3300019B82500080018C12500000019C2250011
:10B34000350018F825000700190026006E00186F58
:10B350002600000019702600F7001568270000007D
:10B36000116927000000156A27000000116B2700F3
:10B370000000156C27000000116D27000000156EFD
:10B3800027000000116F2700000015702700000043
:10B3900011712700000015722700000011732700AB
:10B3A00000001574270000001175270000000E76BC
:10B3B00027001D00199427002B0018C02700040047
:10B3C00015C52700000011C62700000018C7270078
:10B3D0001E0015E62700000011E72700000015E811
:10B3E0002700000011E92700000015EA27000000EF
:10B3F00011EB2700000015EC2700000011ED2700DD
:10B40000000015EE2700000011EF2700000018F0E3
:10B4100027000F0019002800FF00180029008200F3
:10B4200015832900000011842900000015852900DA
:10B4300000001186290000001587290000001188EE
:10B4400029000000158929000000118A2900000048
:10B45000158B29000000118C29000000158D290092
:10B460000000118E29000000158F290000001190A6
:10B470002900000015912900000011922900000008
:10B48000159329000000119429000000159529004A
:10B49000000011962900000015972900000011985E
:10B4A00029000000189929003E0015D82900000045
:10B4B00011D92900000015DA2900000011DB29004C
:10B4C000000018DC29001F0015FC2900000011FDF8
:10B4D0002900000018FE2900010119002B002F008F
:10B4E00018302B00140019452B00010018472B00C1
:10B4F0000500194D2B00260019762B001F00199707
:10B500002B00680003002C00700004712C00000068
:10B5100003722C00010004742C00000003752C0041
:10B52000010004772C000400057C2C000100037E40
:10B530002C00650004E42C00000019E52C00050037
:10B5400003EB2C0003000BEF2C00020003F22C0095
:10B55000010014F92C0003000EFD2C00000014FE65
:10B560002C00010003002D00250003272D00000002
:10B57000032D2D00000006302D003700056F2D0033
:10B58000000014702D0000000B7F2D0000000680CD
:10B590002D00160006A02D00060006A82D000600AE
:10B5A00006B02D00060006B82D00060006C02D00CE
:10B5B000060006C82D00060006D02D00060006D89D
:10B5C0002D0006000BE02D001F0014002E000100CE
:10B5D00013022E00000012032E00000013042E00A0
:10B5E000000012052E00000014062E0002001309B0
:10B5F0002E000000120A2E000000140B2E00000086
:10B60000130C2E000000120D2E000000140E2E0050
:10B61000080010172E00000014182E000100101A48
:10B620002E000000141B2E000000131C2E00000032
:10B63000121D2E000000141E2E00010013202E00EB
:10B64000000012212E00000015222E000000112300
:10B650002E00000015242E00000011252E000000F1
:10B6600015262E00000011272E00000015282E00A0
:10B67000000011292E000000142A2E000400052FBE
:10B680002E00000014302E000900103A2E00010098
:10B69000143C2E00030010402E00000014412E0028
:10B6A000000015422E00000014432E000C0019501B
:10B6B0002E00010014522E00020015552E0000002D
:10B6C00011562E00000015572E00000011582E00B4
:10B6D000000015592E000000115A2E000000155BC5
:10B6E0002E000000115C2E000000105D2E000000F6
:10B6F00019802E001900199B2E00580019002F00E8
:10B70000D50019F02F000B001C00300000001401C0
:10B710003000020019043000000005053000000070
:10B720000606300000000D0730000000150830004C
:10B730000000110930000000150A30000000110B54
:10B7400030000000150C30000000110D300000002A
:10B75000150E30000000110F3000000015103000F1
:10B760000000111130000000191230000100151402
:10B7700030000000111530000000151630000000E8
:10B7800011173000000015183000000011193000AA
:10B790000000151A30000000111B30000000101CC2
:10B7A00030000000151D30000000111E30000100A7
:10B7B0001920300000000D21300008000B2A300055
:10B7C0000300092E30000100103030000000053168
:10B7D000300004001936300001000D38300002003E
:10B7E000053B30000000063C30000000143D3000F6
:10B7F0000000193E300001000641300055000B9951
:10B8000030000100179B30000100059D3000010051
:10B81000069F3000000010A03000000006A130009C
:10B82000590014FB3000000005FC3000020006FF48
:10B8300030000000060531002A00063131005D00AD
:10B840001990310001000E92310003001996310069
:10B85000090006A031001F0019C03100230006F0C6
:10B8600031000F00190032001E000E2032000900C6
:10B87000192A32001D000E4832000700195032000C
:10B8800000000E5132000E00196032001F000E80C1
:10B8900032000900198A320026000EB132000E0073
:10B8A00019C032003F0106003400BF1919C04D0015
:10B8B0003F0006004E0014520515A00000000616B9
:10B8C000A00076041990A400360006D0A40027003A
:10B8D00005F8A400050014FEA40001000600A50060
:10B8E0000B01050CA6000000140DA60002000610B6
:10B8F000A6000F000C20A6000900062AA6000100E1
:10B900000340A6002D00066EA60000000B6FA600E7
:10B9100000000A70A60002001473A60000000B7459
:10B92000A6000900147EA6000000057FA600000006
:10B930000380A6001B00059CA60001000B9EA6002C
:10B94000010006A0A60045000DE6A60009000BF0C8
:10B95000A600010014F2A60005001700A7001600BB
:10B960000517A70008001720A70001000322A70061
:10B970000D000430A70001000332A7003D00057050
:10B98000A70000000471A70007000379A7000E00BC
:10B990000588A70000001789A7000100038BA700F6
:10B9A0000200048EA7000000068FA700000003908D
:10B9B000A70004000495A70000000396A700180044
:10B9C00004AFA700000003B0A7001A0003D0A7002F
:10B9D000010004D3A700000004D5A700000003D68F
:10B9E000A700030005F2A700020003F5A70001006D
:10B9F00006F7A700000005F8A700010004FAA70059
:10BA0000000006FBA70006000B02A80000000603CA
:10BA1000A80002000B06A80000000607A80003000B
:10BA20000B0BA8000000060CA80016000923A800B4
:10BA300001000B25A80001000927A8000000192813
:10BA4000A80003000B2CA80000000E30A800050081
:10BA50001936A80001001638A80000001939A800FE
:10BA600000000640A80033001474A80003000980F9
:10BA7000A80001000682A800310009B4A8000F0048
:10BA80000BC4A800010014CEA80001000CD0A8002F
:10BA900009000BE0A800110006F2A800050014F848
:10BAA000A800020006FBA800000014FCA80000008B
:10BAB00006FDA80001000BFFA80000000C00A90073
:10BAC0000900060AA9001B000B26A9000700142E76
:10BAD000A90001000630A90016000B47A9000A00C2
:10BAE0000952A9000100145FA90000000660A90026
:10BAF0001C000B80A90002000983A9000000068435
:10BB0000A9002E000BB3A900000009B4A900010090
:10BB10000BB6A900030009BAA90001000BBCA900DB
:10BB2000010009BEA900020014C1A9000C0005CF44
:10BB3000A90000000CD0A900090014DEA900010032
:10BB400006E0A90004000BE5A900000005E6A90035
:10BB5000000006E7A90008000CF0A900090006FA99
:10BB6000A90004000600AA0028000B29AA0005006D
:10BB7000092FAA0001000B31AA0001000933AA0015
:10BB800001000B35AA0001000640AA0002000B4389
:10BB9000AA0000000644AA0007000B4CAA000000FF
:10BBA000094DAA0000000C50AA000900145CAA006C
:10BBB00003000660AA000F000570AA0000000671CD
:10BBC000AA0005001977AA000200067AAA00000060
:10BBD000097BAA0000000B7CAA000000097DAA00D6
:10BBE0000000067EAA0031000BB0AA00000006B1DA
:10BBF000AA0000000BB2AA00020006B5AA000100CC
:10BC00000BB7AA00010006B9AA0004000BBEAA00E7
:10BC1000010006C0AA0000000BC1AA00000006C275
:10BC2000AA00000006DBAA00010005DDAA00000052
:10BC300014DEAA00010006E0AA000A0009EBAA002F
:10BC400000000BECAA00010009EEAA00010014F0AC
:10BC5000AA00010006F2AA00000005F3AA000100F4
:10BC600009F5AA0000000BF6AA0000000601AB00CF
:10BC700005000609AB0005000611AB000500062013
:10BC8000AB0006000628AB0006000430AB00220023
:10BC90000353AB0000000454AB000600175BAB007D
:10BCA0000000055CAB0003000460AB000800056900
:10BCB000AB000000176AAB0001000370AB004F003F
:10BCC00006C0AB00220009E3AB0001000BE5AB00AE
:10BCD000000009E6AB0001000BE8AB00000009E939
:10BCE000AB00010014EBAB00000009ECAB0000005E
:10BCF0000BEDAB0000000CF0AB0009000600AC003F
:10BD0000A32B06B0D700160006CBD70030000200E8
:10BD1000D800FF070600F9006D010670FA006900FF
:10BD20000400FB0006000413FB000400061DFB00DA
:10BD300000000B1EFB000000061FFB000900182975
:10BD4000FB000000062AFB000C000638FB00040084
:10BD5000063EFB0000000640FB0001000643FB001E
:10BD600001000646FB006B0017B2FB00100006D373
:10BD7000FB006A01113EFD000000153FFD000000C0
:10BD80001940FD000F000650FD003F000692FD0027
:10BD9000350019CFFD00000006F0FD000B0016FC79
:10BDA000FD00000019FDFD0002000B00FE000F0069
:10BDB0001410FE0006001517FE0000001118FE000A
:10BDC00000001419FE0000000B20FE000F001430CC
:10BDD000FE0000001031FE0001000F33FE000100E4
:10BDE0001535FE0000001136FE0000001537FE007C
:10BDF00000001138FE0000001539FE000000113A65
:10BE0000FE000000153BFE000000113CFE0000009B
:10BE1000153DFE000000113EFE000000153FFE0033
:10BE200000001140FE0000001541FE00000011421C
:10BE3000FE0000001543FE0000001144FE0000005B
:10BE40001445FE0001001547FE0000001148FE00E9
:10BE500000001449FE0003000F4DFE0002001450C4
:10BE6000FE0002001454FE0003001058FE00000003
:10BE70001559FE000000115AFE000000155BFE007F
:10BE80000000115CFE000000155DFE000000115E68
:10BE9000FE000000145FFE0002001862FE000000B9
:10BEA0001063FE0000001864FE0002001468FE002B
:10BEB00000001669FE000000146AFE000100067012
:10BEC000FE0004000676FE00860001FFFE00000072
:10BED0001401FF0002001604FF0000001405FF001B
:10BEE00002001508FF0000001109FF000000140AFD
:10BEF000FF000000180BFF000000140CFF00000002
:10BF0000100DFF000000140EFF0001000C10FF00D8
:10BF10000900141AFF000100181CFF000200141F82
:10BF2000FF0001000321FF001900153BFF00000086
:10BF3000143CFF000000113DFF000000173EFF0011
:10BF400000000F3FFF0000001740FF00000003410A
:10BF5000FF001900155BFF000000185CFF000000E7
:10BF6000115DFF000000185EFF000000155FFF007C
:10BF700000001160FF0000001461FF000000156266
:10BF8000FF0000001163FF0000001464FF000100C7
:10BF90000666FF0009000570FF0000000671FF0043
:10BFA0002C00059EFF00010006A0FF001E0006C237
:10BFB000FF00050006CAFF00050006D2FF000500CD
:10BFC00006DAFF00020016E0FF00010018E2FF00A1
:10BFD000000017E3FF00000019E4FF00000016E571
:10BFE000FF00010019E8FF00000018E9FF0003004E
:10BFF00019EDFF00010001F9FF00020019FCFF002C
:10C000000100060000010B00060D000119000628C2
:10C0100000011200063C00010100063F00010E0075
:10C02000065000010D00068000017A001400010195
:10C0300002000E0701012C001937010108000D4014
:10C04000010134000E75010103001979010110008E
:10C050000E8A01010100198C0101020019900101F1
:10C060000C0019A00101000019D001012C000BFDEA
:10C0700001010000068002011C0006A00201300040
:10C080000BE0020100000EE102011A0006000301AC
:10C090001F000E2003010300062D030113000D41B4
:10C0A000030100000642030107000D4A03010000DE
:10C0B0000650030125000B760301040006800301EE
:10C0C0001D00149F0301000006A00301230006C801
:10C0D0000301070014D0030100000DD10301040087
:10C0E000030004014F00065004014D000CA00401A0
:10C0F000090003B00401230003D804012300060053
:10C1000005012700063005013300146F050100000A
:10C11000037005010A00037C05010E00038C050174
:10C120000600039405010100039705010A0003A31B
:10C1300005010E0003B30501060003BB0501010064
:10C1400006000601360106400701150006600701DA
:10C15000070005800701050005870701290005B2D2
:10C160000701080006000801050006080801000094
:10C17000060A08012B00063708010100063C0801E9
:10C180000000063F080116001457080100000E5871
:10C190000801070006600801160019770801010070
:10C1A0000E7908010600068008011E000EA708018E
:10C1B000080006E00801120006F4080101000EFB69
:10C1C000080104000600090115000E16090105000A
:10C1D000141F09010000062009011900143F09017C
:10C1E00000000680090137000EBC0901010006BEEF
:10C1F000090101000EC009010F000ED209012D0036
:10C2000006000A0100000B010A0102000B050A01E9
:10C2100001000B0C0A01030006100A0103000615B9
:10C220000A01020006190A011C000B380A0102006B
:10C230000B3F0A0100000E400A01080014500A01D9
:10C24000080006600A011C000E7D0A010100147F2F
:10C250000A01000006800A011C000E9D0A0102006E
:10C2600006C00A01070019C80A01000006C90A0130
:10C270001B000BE50A0101000EEB0A01040014F09B
:10C280000A01060006000B01350014390B010600F7
:10C2900006400B0115000E580B01070006600B014C
:10C2A00012000E780B01070006800B011100149993
:10C2B0000B0103000EA90B01060006000C0148004B
:10C2C00003800C01320003C00C0132000EFA0C0195
:10C2D000050006000D0123000B240D0103000C30A6
:10C2E0000D0109000E600E011E0006800E012900DE
:10C2F0000BAB0E01010010AD0E01000006B00E01E7
:10C3000001000BFD0E01020006000F011C000E1DB6
:10C310000F01090006270F01000006300F0115006C
:10C320000B460F010A000E510F01030014550F01B7
:10C33000040006700F0111000B820F010300148628
:10C340000F01030006B00F0114000EC50F01060017
:10C3500006E00F0116000900100100000B0110019A
:10C3600000000902100100000603100134000B3820
:10C3700010010E001447100106000E5210011300A8
:10C380000C66100109000B7010010000067110010D
:10C3900001000B73100101000675100100000B7FF6
:10C3A00010010200098210010000068310012C0018
:10C3B00009B0100102000BB31001030009B710010E
:10C3C00001000BB91001010014BB1001010001BDF7
:10C3D0001001000014BE100103000BC21001000088
:10C3E00001CD1001000006D0100118000CF0100162
:10C3F00009000B00110102000603110123000B27A5
:10C4000011010400092C110100000B2D110107007E
:10C410000C361101090014401101030006441101FA
:10C4200000000945110101000647110100000650F6
:10C43000110122000B73110100001474110101009D
:10C440000676110100000B80110101000982110123
:10C450000000068311012F0009B3110102000BB681
:10C460001101080009BF1101010006C111010300FB
:10C4700014C5110103000BC91101030014CD1101F2
:10C48000000009CE110100000BCF110100000CD0FB
:10C490001101090006DA1101000014DB110100008E
:10C4A00006DC1101000014DD110102000EE1110192
:10C4B0001300060012011100061312011800092CC6
:10C4C000120102000B2F12010200093212010100B9
:10C4D0000B34120100000935120100000B36120165
:10C4E00001001438120105000B3E12010000063F46
:10C4F000120101000B41120100000680120106002A
:10C50000068812010000068A12010300068F12013C
:10C510000E00069F1201090014A91201000006B0C6
:10C5200012012E000BDF1201000009E012010200CF
:10C530000BE3120107000CF0120109000B001301BC
:10C540000100090213010100060513010700060F8F
:10C5500013010100061313011500062A130106003A
:10C560000632130101000635130104000B3B1301D1
:10C570000100063D13010000093E130101000B40BC
:10C5800013010000094113010300094713010100D1
:10C59000094B130102000650130100000957130153
:10C5A0000000065D130104000962130101000B661F
:10C5B000130106000B70130104000600140134007F
:10C5C0000935140102000B38140107000940140159
:10C5D00001000B42140102000945140100000B4642
:10C5E00014010000064714010300144B1401040059
:10C5F0000C5014010900145A14010100145D1401B7
:10C6000000000B5E14010000065F140102000680AA
:10C6100014012F0009B0140102000BB3140105002E
:10C6200009B9140100000BBA1401000009BB140180
:10C6300003000BBF1401010009C1140100000BC26B
:10C640001401010006C41401010014C61401000005
:10C6500006C7140100000CD0140109000680150162
:10C660002E0009AF150102000BB21501030009B835
:10C67000150103000BBC1501010009BE15010000E6
:10C680000BBF1501010014C11501160006D81501D4
:10C6900003000BDC15010100060016012F00093014
:10C6A000160102000B3316010700093B16010100B9
:10C6B0000B3D16010000093E160100000B3F16015C
:10C6C00001001441160102000644160100000C503E
:10C6D00016010900146016010C00068016012A00DC
:10C6E0000BAB1601000009AC160100000BAD1601E2
:10C6F000000009AE160101000BB01601050009B6D5
:10C70000160100000BB71601000006B81601000064
:10C7100014B9160100000CC016010900060017012B
:10C720001A000B1D170102000920170101000B223E
:10C73000170103000926170100000B271701040049
:10C740000C30170109000E3A17010100143C1701C3
:10C750000200193F170100000640170106000600FD
:10C7600018012B00092C180102000B2F18010800DA
:10C770000938180100000B3918010100143B180199
:10C78000000003A018013F000CE0180109000EEAA8
:10C790001801080006FF180107000609190100002A
:10C7A000060C1901070006151901010006181901E8
:10C7B00017000930190105000937190101000B3B69
:10C7C00019010100093D190100000B3E190100008B
:10C7D000063F190100000940190100000641190136
:10C7E00000000942190100000B4319010000144424
:10C7F000190102000C501901090006A019010700D7
:10C8000006AA1901260009D1190102000BD4190149
:10C8100003000BDA1901010009DC190103000BE028
:10C820001901000006E11901000014E219010000DD
:10C8300006E31901000009E41901000006001A01CD
:10C8400000000B011A010900060B1A0127000B3327
:10C850001A01050009391A010000063A1A01000000
:10C860000B3B1A010300143F1A0107000B471A0182
:10C87000000006501A0100000B511A01050009576B
:10C880001A0101000B591A010200065C1A012D0061
:10C890000B8A1A010C0009971A0100000B981A0163
:10C8A0000100149A1A010200069D1A010000149E4C
:10C8B0001A01040006B01A01480014001B01090007
:10C8C00006001C010800060A1C012400092F1C0197
:10C8D00000000B301C0106000B381C010500093E4E
:10C8E0001C0100000B3F1C01000006401C01000061
:10C8F00014411C0104000C501C0109000E5A1C01BB
:10C90000120014701C01010006721C011D000B9224
:10C910001C01150009A91C0100000BAA1C0106003E
:10C9200009B11C0100000BB21C01010009B41C017B
:10C9300000000BB51C01010006001D0106000608E1
:10C940001D010100060B1D0125000B311D01050015
:10C950000B3A1D0100000B3C1D0101000B3F1D01A6
:10C96000060006461D0100000B471D0100000C508B
:10C970001D01090006601D01050006671D0101007B
:10C98000066A1D011F00098A1D0104000B901D018C
:10C99000010009931D0101000B951D01000009967E
:10C9A0001D0100000B971D01000006981D010000ED
:10C9B0000CA01D01090006E01E0112000BF31E0170
:10C9C000010009F51E01010014F71E0101000B0012
:10C9D0001F01010006021F01000009031F010000E2
:10C9E00006041F010C0006121F01210009341F015B
:10C9F00001000B361F010400093E1F0101000B401E
:10CA00001F01000009411F0100000B421F0100002F
:10CA100014431F010C000C501F01090006B01F0138
:10CA200000000EC01F01140019D51F01070016DDFC
:10CA30001F01030019E11F01100014FF1F01000076
:10CA40000600200199030D0024016E0014702401DA
:10CA5000040006802401C30006902F01600014F139
:10CA60002F010100060030012F04013034010F00B6
:10CA70000B40340100000641340105000B4734012E
:10CA80000E00060044014602060068013802064016
:10CA90006A011E000C606A010900146E6A0101003F
:10CAA00006706A014E000CC06A01090006D06A01D6
:10CAB0001D000BF06A01040014F56A010000060075
:10CAC0006B012F000B306B01060014376B01040063
:10CAD000193C6B01030005406B01030014446B011A
:10CAE000000019456B0100000C506B0109000E5B42
:10CAF0006B01060006636B011400067D6B011200DA
:10CB000003406E013F000E806E01160014976E0107
:10CB1000030006006F014A000B4F6F010000065032
:10CB20006F01000009516F0136000B8F6F01030088
:10CB300005936F010C0005E06F01010014E26F0125
:10CB4000000005E36F0100000BE46F01000009F035
:10CB50006F01010006007001F71706008801D50477
:10CB600006008D01080005F0AF01030005F5AF01D7
:10CB7000060005FDAF0101000600B00122010632EA
:10CB8000B10100000650B10102000655B1010000DC
:10CB90000664B10103000670B1018B010600BC01FF
:10CBA0006A000670BC010C000680BC0108000690FB
:10CBB000BC010900199CBC0100000B9DBC010100D7
:10CBC000149FBC01000001A0BC0103000B00CF01B9
:10CBD0002D000B30CF0116001950CF017300190042
:10CBE000D001F5001900D10126001929D1013B001F
:10CBF0000965D10101000B67D1010200196AD10159
:10CC00000200096DD10105000173D10107000B7B02
:10CC1000D10107001983D10101000B85D101060064
:10CC2000198CD1011D000BAAD101030019AED1014D
:10CC30003C001900D20141000B42D201020019450B
:10CC4000D20100000EC0D20113000EE0D201130089
:10CC50001900D30156000E60D30118000800D4015A
:10CC60001900041AD40119000834D4011900044E23
:10CC7000D40106000456D40111000868D40119003B
:10CC80000482D4011900089CD4010000089ED4013C
:10CC9000010008A2D401000008A5D401010008A9E0
:10CCA000D401030008AED401070004B6D401030088
:10CCB00004BBD401000004BDD401060004C5D401A6
:10CCC0000A0008D0D401190004EAD40119000804AC
:10CCD000D50101000807D5010300080DD5010700A3
:10CCE0000816D5010600041ED50119000838D50123
:10CCF0000100083BD50103000840D50104000846A7
:10CD0000D5010000084AD50106000452D5011900DA
:10CD1000086CD50119000486D501190008A0D501B9
:10CD2000190004BAD501190008D4D501190004EE80
:10CD3000D50119000808D60119000422D6011900EE
:10CD4000083CD60119000456D60119000870D60116
:10CD50001900048AD6011B0008A8D601180018C1C2
:10CD6000D601000004C2D601180018DBD60100006D
:10CD700004DCD601050008E2D601180018FBD60134
:10CD8000000004FCD60118001815D7010000041695
:10CD9000D7010500081CD70118001835D70100007D
:10CDA0000436D7011800184FD70100000450D701EE
:10CDB00005000856D7011800186FD701000004704D
:10CDC000D70118001889D7010000048AD70105008F
:10CDD0000890D701180018A9D701000004AAD701AC
:10CDE000180018C3D701000004C4D701050008CA01
:10CDF000D701000004CBD70100000CCED7013100D1
:10CE00001900D801FF010B00DA0136001937DA01E9
:10CE100003000B3BDA013100196DDA0107000B75D5
:10CE2000DA0100001976DA010D000B84DA01000046
:10CE30001985DA0101001487DA0104000B9BDA017D
:10CE400004000BA1DA010E000400DF010900060A4C
:10CE5000DF010000040BDF0113000425DF010500E2
:10CE60000B00E00106000B08E00110000B1BE001C5
:10CE700006000B23E00101000B26E0010400053051
:10CE8000E0013D000B8FE00100000600E1012C00F5
:10CE90000B30E10106000537E10106000C40E1011D
:10CEA0000900064EE1010000194FE1010000069063
:10CEB000E2011D000BAEE201000006C0E2012B0002
:10CEC0000BECE20103000CF0E201090016FFE201A5
:10CED000000006D0E4011A0005EBE40100000BECB1
:10CEE000E40103000CF0E401090006E0E70106009C
:10CEF00006E8E701030006EDE701010006F0E7019F
:10CF00000E000600E801C4000EC7E80108000BD0BF
:10CF1000E80106000300E90143000B44E9010600B3
:10CF2000054BE90100000C50E9010900145EE9011C
:10CF300001000E71EC013A0019ACEC0100000EADDD
:10CF4000EC01020016B0EC0100000EB1EC01030090
:10CF50000E01ED012C00192EED0100000E2FED0148
:10CF60000E000600EE0103000605EE011A00062180
:10CF7000EE0101000624EE0100000627EE0100008C
:10CF80000629EE0109000634EE0103000639EE0120
:10CF90000000063BEE0100000642EE0100000647DD
:10CFA000EE0100000649EE010000064BEE01000014
:10CFB000064DEE0102000651EE0101000654EE019D
:10CFC00000000657EE0100000659EE010000065B66
:10CFD000EE010000065DEE010000065FEE010000BC
:10CFE0000661EE0101000664EE0100000667EE0135
:10CFF0000300066CEE0106000674EE0103000679DC
:10D00000EE010300067EEE0100000680EE0109003D
:10D01000068BEE01100006A1EE01020006A5EE014E
:10D02000040006ABEE01100018F0EE01010019003B
:10D03000F0012B001930F001630019A0F0010E007F
:10D0400019B1F0010E0019C1F0010E0019D1F00163
:10D0500024000E00F1010C00190DF101A00019E6E9
:10D06000F1011C001910F2012B001940F201080017
:10D070001950F20101001960F20105001900F301D5
:10D08000FA0017FBF30104001900F401D70219DCC0
:10D09000F601100019F0F6010C001900F7017600F6
:10D0A000197BF7015E0019E0F7010B0019F0F70199
:10D0B00000001900F8010B001910F8013700195091
:10D0C000F80109001960F80127001990F8011D0006
:10D0D00019B0F80101001900F90153011960FA01B2
:10D0E0000D001970FA010C001980FA01080019905E
:10D0F000FA012D0019BFFA01060019CEFA010D0040
:10D1000019E0FA01080019F0FA0108001900FB0102
:10D1100092001994FB0136000CF0FB010900060097
:10D120000002DFA60600A70239100640B702DD00A4
:10D130000620B802811606B0CE02301D0600F802A5
:10D140001D02060000034A13065013035F1001017D
:10D15000000E00000120000E5F000B00010EEF002A
:10D160000C5F104E154E2A4E314E364E3C4E3F4E01
:10D17000424E564E584E824E854E6B8C8A4E1282CF
:10D180000D5F8E4E9E4E9F4EA04EA24EB04EB34EA1
:10D19000B64ECE4ECD4EC44EC64EC24ED74EDE4ECD
:10D1A000ED4EDF4EF74E094F5A4F304F5B4F5D4FFC
:10D1B000574F474F764F884F8F4F984F7B4F694F50
:10D1C000704F914F6F4F864F964F1851D44FDF4F8E
:10D1D000CE4FD84FDB4FD14FDA4FD04FE44FE54F12
:10D1E0001A50285014502A50255005501C4FF64F05
:10D1F000215029502C50FE4FEF4F115006504350F4
:10D20000475003675550505048505A5056506C5034
:10D21000785080509A508550B450B250C950CA507E
:10D22000B350C250D650DE50E550ED50E350EE50B2
:10D23000F950F5500951015102511651155114512F
:10D240001A5121513A5137513C513B513F514051B4
:10D2500052514C5154516251F87A69516A516E5190
:10D2600080518251D8568C5189518F51915193518F
:10D2700095519651A451A651A251A951AA51AB5111
:10D28000B351B151B251B051B551BD51C551C95150
:10D29000DB51E0515586E951ED51F051F551FE5108
:10D2A00004520B5214520E5227522A522E5233520B
:10D2B00039524F5244524B524C525E5254526A525F
:10D2C0007452695273527F527D528D5294529252CF
:10D2D000715288529152A88FA78FAC52AD52BC5256
:10D2E000B552C152CD52D752DE52E352E652ED98BA
:10D2F000E052F352F552F852F9520653085338757A
:10D300000D5310530F5315531A5323532F533153A7
:10D3100033533853405346534553174E49534D5397
:10D32000D6515E5369536E5318597B5377538253CA
:10D330009653A053A653A553AE53B053B653C353FD
:10D34000127CD996DF53FC66EE71EE53E853ED5331
:10D35000FA5301543D5440542C542D543C542E54F3
:10D36000365429541D544E548F5475548E545F5462
:10D3700071547754705492547B548054765484542E
:10D3800090548654C754A254B854A554AC54C454B1
:10D39000C854A854AB54C254A454BE54BC54D8541A
:10D3A000E554E6540F551455FD54EE54ED54FA541B
:10D3B000E2543955405563554C552E555C554555ED
:10D3C00056555755385533555D5599558055AF5479
:10D3D0008A559F557B557E5598559E55AE557C5523
:10D3E0008355A9558755A855DA55C555DF55C455F8
:10D3F000DC55E455D4551456F7551656FE55FD55D3
:10D400001B56F9554E565056DF7134563656325625
:10D4100038566B5664562F566C566A56865680564A
:10D420008A56A05694568F56A556AE56B656B45642
:10D43000C256BC56C156C356C056C856CE56D15613
:10D44000D356D756EE56F9560057FF56045709578C
:10D4500008570B570D57135718571657C7551C57D2
:10D460002657375738574E573B5740574F576957EE
:10D47000C057885761577F5789579357A057B3575D
:10D48000A457AA57B057C357C657D457D257D357E4
:10D490000A58D657E3570B5819581D587258215837
:10D4A00062584B587058C06B52583D58795885583F
:10D4B000B9589F58AB58BA58DE58BB58B858AE58F0
:10D4C000C558D358D158D758D958D858E558DC58EA
:10D4D000E458DF58EF58FA58F958FB58FC58FD58F3
:10D4E00002590A5910591B59A66825592C592D590A
:10D4F000325938593E59D27A555950594E595A597C
:10D5000058596259605967596C5969597859815904
:10D510009D595E4FAB4FA359B259C659E859DC59D2
:10D520008D59D959DA59255A1F5A115A1C5A095A74
:10D530001A5A405A6C5A495A355A365A625A6A5AD5
:10D540009A5ABC5ABE5ACB5AC25ABD5AE35AD75AF3
:10D55000E65AE95AD65AFA5AFB5A0C5B0B5B165B31
:10D56000325BD05A2A5B365B3E5B435B455B405B7C
:10D57000515B555B5A5B5B5B655B695B705B735BC7
:10D58000755B785B88657A5B805B835BA65BB85B69
:10D59000C35BC75BC95BD45BD05BE45BE65BE25B10
:10D5A000DE5BE55BEB5BF05BF65BF35B055C075C0E
:10D5B000085C0D5C135C205C225C285C385C395C88
:10D5C000415C465C4E5C535C505C4F5C715B6C5CD8
:10D5D0006E5C624E765C795C8C5C915C945C9B5971
:10D5E000AB5CBB5CB65CBC5CB75CC55CBE5CC75C82
:10D5F000D95CE95CFD5CFA5CED5C8C5DEA5C0B5D22
:10D60000155D175D5C5D1F5D1B5D115D145D225D29
:10D610001A5D195D185D4C5D525D4E5D4B5D6C5D34
:10D62000735D765D875D845D825DA25D9D5DAC5DB1
:10D63000AE5DBD5D905DB75DBC5DC95DCD5DD35D2B
:10D64000D25DD65DDB5DEB5DF25DF55D0B5E1A5E76
:10D65000195E115E1B5E365E375E445E435E405E61
:10D660004E5E575E545E5F5E625E645E475E755EF0
:10D67000765E7A5EBC9E7F5EA05EC15EC25EC85E64
:10D68000D05ECF5ED65EE35EDD5EDA5EDB5EE25EDE
:10D69000E15EE85EE95EEC5EF15EF35EF05EF45E34
:10D6A000F85EFE5E035F095F5D5F5C5F0B5F115FAD
:10D6B000165F295F2D5F385F415F485F4C5F4E5FAB
:10D6C0002F5F515F565F575F595F615F6D5F735F9B
:10D6D000775F835F825F7F5F8A5F885F915F875F2D
:10D6E0009E5F995F985FA05FA85FAD5FBC5FD65FEC
:10D6F000FB5FE45FF85FF15FDD5FB360FF5F2160B8
:10D7000060601960106029600E6031601B601560F8
:10D710002B6026600F603A605A6041606A607760F3
:10D720005F604A6046604D60636043606460426071
:10D730006C606B60596081608D60E76083609A60A7
:10D7400084609B60966097609260A7608B60E160E8
:10D75000B860E060D360B460F05FBD60C660B56083
:10D76000D8604D6115610661F660F7600061F46094
:10D77000FA6003612161FB60F1600D610E61476138
:10D780003E61286127614A613F613C612C613461DF
:10D790003D614261446173617761586159615A61C9
:10D7A0006B6174616F61656171615F615D6153613E
:10D7B0007561996196618761AC6194619A618A61D2
:10D7C0009161AB61AE61CC61CA61C961F761C86149
:10D7D000C361C661BA61CB61797FCD61E661E36106
:10D7E000F661FA61F461FF61FD61FC61FE61006256
:10D7F000086209620D620C6214621B621E62216281
:10D800002A622E6230623262336241624E625E622E
:10D8100063625B62606268627C62826289627E626D
:10D82000926293629662D46283629462D762D1629A
:10D83000BB62CF62FF62C662D464C862DC62CC6243
:10D84000CA62C262C7629B62C9620C63EE62F16225
:10D85000276302630863EF62F56250633E634D63C2
:10D860001C644F6396638E638063AB637663A363CC
:10D870008F6389639F63B5636B636963BE63E963A9
:10D88000C063C663E363C963D263F663C4631664AB
:10D89000346406641364266436641D651764286462
:10D8A0000F6467646F6476644E642A65956493645C
:10D8B000A564A9648864BC64DA64D264C564C7647E
:10D8C000BB64D864C264F164E7640982E064E16423
:10D8D000AC62E364EF642C65F664F464F264FA64A9
:10D8E0000065FD6418651C650565246523652B6569
:10D8F000346535653765366538654B7548655665F9
:10D9000055654D6558655E655D65726578658265CE
:10D9100083658A8B9B659F65AB65B765C365C66587
:10D92000C165C465CC65D265DB65D965E065E16537
:10D93000F16572670A660366FB657367356636666E
:10D9400034661C664F664466496641665E665D667F
:10D950006466676668665F66626670668366886628
:10D960008E668966846698669D66C166B966C96674
:10D97000BE66BC66C466B866D666DA66E0663F66B2
:10D98000E666E966F066F566F7660F6716671E6776
:10D990002667276738972E673F673667416738677E
:10D9A000376746675E67606759676367646789675B
:10D9B0007067A9677C676A678C678B67A667A167D2
:10D9C0008567B767EF67B467EC67B367E967B86700
:10D9D000E467DE67DD67E267EE67B967CE67C66753
:10D9E000E7679C6A1E684668296840684D68326827
:10D9F0004E68B3682B685968636877687F689F686A
:10DA00008F68AD6894689D689B688368AE6AB968E2
:10DA10007468B568A068BA680F698D687E68016926
:10DA2000CA680869D86822692669E1680C69CD6806
:10DA3000D468E768D568366912690469D768E3680D
:10DA40002569F968E068EF6828692A691A69236915
:10DA50002169C668796977695C6978696B69546915
:10DA60007E696E69396974693D69596930696169AE
:10DA70005E695D6981696A69B269AE69D069BF69C9
:10DA8000C169D369BE69CE69E85BCA69DD69BB69F2
:10DA9000C369A7692E6A9169A0699C699569B4698F
:10DAA000DE69E869026A1B6AFF690A6BF969F26953
:10DAB000E769056AB1691E6AED69146AEB690A6A69
:10DAC000126AC16A236A136A446A0C6A726A366A05
:10DAD000786A476A626A596A666A486A386A226A74
:10DAE000906A8D6AA06A846AA26AA36A976A178696
:10DAF000BB6AC36AC26AB86AB36AAC6ADE6AD16AD0
:10DB0000DF6AAA6ADA6AEA6AFB6A056B1686FA6A4B
:10DB1000126B166B319B1F6B386B376BDC76396B76
:10DB2000EE98476B436B496B506B596B546B5B6B57
:10DB30005F6B616B786B796B7F6B806B846B836BD6
:10DB40008D6B986B956B9E6BA46BAA6BAB6BAF6B7D
:10DB5000B26BB16BB36BB76BBC6BC66BCB6BD36B80
:10DB6000DF6BEC6BEB6BF36BEF6BBE9E086C136CB7
:10DB7000146C1B6C246C236C5E6C556C626C6A6C50
:10DB8000826C8D6C9A6C816C9B6C7E6C686C736C17
:10DB9000926C906CC46CF16CD36CBD6CD76CC56C22
:10DBA000DD6CAE6CB16CBE6CBA6CDB6CEF6CD96CBE
:10DBB000EA6C1F6D4D88366D2B6D3D6D386D196D9E
:10DBC000356D336D126D0C6D636D936D646D5A6DB3
:10DBD000796D596D8E6D956DE46F856DF96D156E6E
:10DBE0000A6EB56DC76DE66DB86DC66DEC6DDE6D18
:10DBF000CC6DE86DD26DC56DFA6DD96DE46DD56DE6
:10DC0000EA6DEE6D2D6E6E6E2E6E196E726E5F6E1B
:10DC10003E6E236E6B6E2B6E766E4D6E1F6E436E78
:10DC20003A6E4E6E246EFF6E1D6E386E826EAA6E58
:10DC3000986EC96EB76ED36EBD6EAF6EC46EB26EA7
:10DC4000D46ED56E8F6EA56EC26E9F6E416F116FD2
:10DC50004C70EC6EF86EFE6E3F6FF26E316FEF6ED1
:10DC6000326FCC6E3E6F136FF76E866F7A6F786F80
:10DC7000816F806F6F6F5B6FF36F6D6F826F7C6F03
:10DC8000586F8E6F916FC26F666FB36FA36FA16F86
:10DC9000A46FB96FC66FAA6FDF6FD56FEC6FD46FCB
:10DCA000D86FF16FEE6FDB6F09700B70FA6F117048
:10DCB00001700F70FE6F1B701A70746F1D701870FA
:10DCC0001F7030703E703270517063709970927036
:10DCD000AF70F170AC70B870B370AE70DF70CB70B5
:10DCE000DD70D9700971FD701C7119716571557104
:10DCF0008871667162714C7156716C718F71FB71B4
:10DD000084719571A871AC71D771B971BE71D271FE
:10DD1000C971D471CE71E071EC71E771F571FC716C
:10DD2000F971FF710D7210721B7228722D722C72B4
:10DD3000307232723B723C723F72407246724B726A
:10DD4000587274727E728272817287729272967247
:10DD5000A272A772B972B272C372C672C472CE7264
:10DD6000D272E272E072E172F972F7720F501773B9
:10DD70000A731C7316731D7334732F732973257301
:10DD80003E734E734F73D89E57736A736873707384
:10DD9000787375737B737A73C873B373CE73BB7305
:10DDA000C073E573EE73DE73A27405746F7425742B
:10DDB000F87332743A7455743F745F7459744174D3
:10DDC0005C746974707463746A7476747E748B7432
:10DDD0009E74A774CA74CF74D474F173E074E3743E
:10DDE000E774E974EE74F274F074F174F874F77413
:10DDF0000475037505750C750E750D751575137520
:10DE00001E7526752C753C7544754D754A7549759A
:10DE10005B7546755A756975647567756B756D7553
:10DE2000787576758675877574758A758975827546
:10DE300094759A759D75A575A375C275B375C375EF
:10DE4000B575BD75B875BC75B175CD75CA75D2752A
:10DE5000D975E375DE75FE75FF75FC750176F07595
:10DE6000FA75F275F3750B760D7609761F762776BF
:10DE70002076217622762476347630763B76477685
:10DE8000487646765C76587661766276687669760C
:10DE90006A7667766C7670767276767678767C7649
:10DEA0008076837688768B768E769676937699765C
:10DEB0009A76B076B476B876B976BA76C276CD76FA
:10DEC000D676D276DE76E176E576E776EA762F8646
:10DED000FB76087707770477297724771E772577ED
:10DEE00026771B773777387747775A7768776B7756
:10DEF0005B7765777F777E7779778E778B7791778A
:10DF0000A0779E77B077B677B977BF77BC77BD77C4
:10DF1000BB77C777CD77D777DA77DC77E377EE779C
:10DF2000FC770C781278267920782A7945788E78D3
:10DF3000747886787C789A788C78A378B578AA7883
:10DF4000AF78D178C678CB78D478BE78BC78C578ED
:10DF5000CA78EC78E778DA78FD78F478077912797E
:10DF6000117919792C792B794079607957795F7912
:10DF70005A79557953797A797F798A799D79A77910
:10DF80004B9FAA79AE79B379B979BA79C979D5793C
:10DF9000E779EC79E179E379087A0D7A187A197AD8
:10DFA000207A1F7A8079317A3B7A3E7A377A437ABF
:10DFB000577A497A617A627A697A9D9F707A797A1A
:10DFC0007D7A887A977A957A987A967AA97AC87AB1
:10DFD000B07AB67AC57AC47ABF7A8390C77ACA7A99
:10DFE000CD7ACF7AD57AD37AD97ADA7ADD7AE17AAC
:10DFF000E27AE67AED7AF07A027B0F7B0A7B067B87
:10E00000337B187B197B1E7B357B287B367B507BD3
:10E010007A7B047B4D7B0B7B4C7B457B757B657BE7
:10E02000747B677B707B717B6C7B6E7B9D7B987B4D
:10E030009F7B8D7B9C7B9A7B8B7B927B8F7B5D7B9D
:10E04000997BCB7BC17BCC7BCF7BB47BC67BDD7BE1
:10E05000E97B117C147CE67BE57B607C007C077CA3
:10E06000137CF37BF77B177C0D7CF67B237C277C72
:10E070002A7C1F7C377C2B7C3D7C4C7C437C547CF5
:10E080004F7C407C507C587C5F7C647C567C657CFB
:10E090006C7C757C837C907CA47CAD7CA27CAB7C0E
:10E0A000A17CA87CB37CB27CB17CAE7CB97CBD7C0D
:10E0B000C07CC57CC27CD87CD27CDC7CE27C3B9B77
:10E0C000EF7CF27CF47CF67CFA7C067D027D1C7D84
:10E0D000157D0A7D457D4B7D2E7D327D3F7D357DD5
:10E0E000467D737D567D4E7D727D687D6E7D4F7D54
:10E0F000637D937D897D5B7D8F7D7D7D9B7DBA7DFD
:10E10000AE7DA37DB57DC77DBD7DAB7D3D7EA27D12
:10E11000AF7DDC7DB87D9F7DB07DD87DDD7DE47DEC
:10E12000DE7DFB7DF27DE17D057E0A7E237E217E04
:10E13000127E317E1F7E097E0B7E227E467E667EAB
:10E140003B7E357E397E437E377E327E3A7E677EE9
:10E150005D7E567E5E7E597E5A7E797E6A7E697EBF
:10E160007C7E7B7E837ED57D7D7EAE8F7F7E887E2E
:10E17000897E8C7E927E907E937E947E967E8E7E2D
:10E180009B7E9C7E387F3A7F457F4C7F4D7F4E7FC4
:10E19000507F517F557F547F587F5F7F607F687FBE
:10E1A000697F677F787F827F867F837F887F877F95
:10E1B0008C7F947F9E7F9D7F9A7FA37FAF7FB27F6E
:10E1C000B97FAE7FB67FB87F718BC57FC67FCA7FB0
:10E1D000D57FD47FE17FE67FE97FF37FF97FDC980D
:10E1E000068004800B801280188019801C8021809A
:10E1F00028803F803B804A804680528058805A80E9
:10E200005F806280688073807280708076807980A1
:10E210007D807F808480868085809B8093809A80AB
:10E22000AD809051AC80DB80E580D980DD80C480FA
:10E23000DA80D6800981EF80F1801B8129812381DA
:10E240002F814B818B9646813E8153815181FC8089
:10E2500071816E81658166817481838188818A8103
:10E2600080818281A0819581A481A3815F81938136
:10E27000A981B081B581BE81B881BD81C081C281D3
:10E28000BA81C981CD81D181D981D881C881DA8112
:10E29000DF81E081E781FA81FB81FE8101820282D8
:10E2A000058207820A820D821082168229822B82C1
:10E2B000388233824082598258825D825A825F82DC
:10E2C0006482628268826A826B822E827182778225
:10E2D00078827E828D829282AB829F82BB82AC8268
:10E2E000E182E382DF82D282F482F382FA82938334
:10E2F0000383FB82F982DE820683DC820983D98272
:10E30000358334831683328331834083398350834A
:10E3100045832F832B831783188385839A83AA834E
:10E320009F83A283968323838E8387838A837C83C0
:10E33000B58373837583A0838983A883F48313844F
:10E34000EB83CE83FD830384D8830B84C183F7835F
:10E350000784E083F2830D8422842084BD83388483
:10E360000685FB836D842A843C845A858484778463
:10E370006B84AD846E848284698446842C846F842B
:10E3800079843584CA846284B984BF849F84D984A3
:10E39000CD84BB84DA84D084C184C684D684A1842D
:10E3A0002185FF84F484178518852C851F851585A4
:10E3B0001485FC844085638558854885418502869F
:10E3C0004B8555858085A485888591858A85A88516
:10E3D0006D8594859B85EA8587859C8577857E8577
:10E3E0009085C985BA85CF85B985D085D585DD85E8
:10E3F000E585DC85F9850A8613860B86FE85FA8518
:10E40000068622861A8630863F864D86554E54866D
:10E410005F86678671869386A386A986AA868B8681
:10E420008C86B686AF86C486C686B086C9862388A3
:10E43000AB86D486DE86E986EC86DF86DB86EF86D1
:10E4400012870687088700870387FB86118709875D
:10E450000D87F9860A8734873F8737873B8725876B
:10E4600029871A8760875F8778874C874E877487EC
:10E47000578768876E875987538763876A870588B8
:10E48000A2879F878287AF87CB87BD87C087D087CA
:10E49000D696AB87C487B387C787C687BB87EF8706
:10E4A000F287E0870F880D88FE87F687F7870E884A
:10E4B000D287118816881588228821883188368865
:10E4C000398827883B8844884288528859885E88E2
:10E4D00062886B8881887E889E8875887D88B588EB
:10E4E0007288828897889288AE889988A2888D8859
:10E4F000A488B088BF88B188C388C488D488D888E5
:10E50000D988DD88F9880289FC88F488E888F2884F
:10E5100004890C890A89138943891E8925892A89D6
:10E520002B89418944893B89368938894C891D89E1
:10E5300060895E89668964896D896A896F89748951
:10E5400077897E89838988898A8993899889A1892D
:10E55000A989A689AC89AF89B289BA89BD89BF89E1
:10E56000C089DA89DC89DD89E789F489F889038A39
:10E57000168A108A0C8A1B8A1D8A258A368A418A45
:10E580005B8A528A468A488A7C8A6D8A6C8A628A49
:10E59000858A828A848AA88AA18A918AA58AA68A7B
:10E5A0009A8AA38AC48ACD8AC28ADA8AEB8AF38AD3
:10E5B000E78AE48AF18A148BE08AE28AF78ADE8AA3
:10E5C000DB8A0C8B078B1A8BE18A168B108B178BCF
:10E5D000208B338BAB97268B2B8B3E8B288B418BE1
:10E5E0004C8B4F8B4E8B498B568B5B8B5A8B6B8B2B
:10E5F0005F8B6C8B6F8B748B7D8B808B8C8B8E8BFE
:10E60000928B938B968B998B9A8B3A8C418C3F8C07
:10E61000488C4C8C4E8C508C558C628C6C8C788CCD
:10E620007A8C828C898C858C8A8C8D8C8E8C948C47
:10E630007C8C988C1D62AD8CAA8CBD8CB28CB38CFA
:10E64000AE8CB68CC88CC18CE48CE38CDA8CFD8CDF
:10E65000FA8CFB8C048D058D0A8D078D0F8D0D8D29
:10E66000108D4E9F138DCD8C148D168D678D6D8DF5
:10E67000718D738D818D998DC28DBE8DBA8DCF8D2B
:10E68000DA8DD68DCC8DDB8DCB8DEA8DEB8DDF8D4C
:10E69000E38DFC8D088E098EFF8D1D8E1E8E108ED3
:10E6A0001F8E428E358E308E348E4A8E478E498E26
:10E6B0004C8E508E488E598E648E608E2A8E638E5C
:10E6C000558E768E728E7C8E818E878E858E848E10
:10E6D0008B8E8A8E938E918E948E998EAA8EA18E19
:10E6E000AC8EB08EC68EB18EBE8EC58EC88ECB8ED1
:10E6F000DB8EE38EFC8EFB8EEB8EFE8E0A8F058FFB
:10E70000158F128F198F138F1C8F1F8F1B8F0C8FDC
:10E71000268F338F3B8F398F458F428F3E8F4C8FA3
:10E72000498F468F4E8F578F5C8F628F638F648FB8
:10E730009C8F9F8FA38FAD8FAF8FB78FDA8FE58FB1
:10E74000E28FEA8FEF8F8790F48F0590F98FFA8F21
:10E750001190159021900D901E9016900B9027907F
:10E76000369035903990F88F4F905090519052904C
:10E770000E9049903E90569058905E9068906F90A1
:10E780007690A896729082907D90819080908A90E9
:10E7900089908F90A890AF90B190B590E290E4905E
:10E7A0004862DB90029112911991329130914A9115
:10E7B00056915891639165916991739172918B9182
:10E7C00089918291A291AB91AF91AA91B591B491A7
:10E7D000BA91C091C191C991CB91D091D691DF915D
:10E7E000E191DB91FC91F591F6911E92FF911492CB
:10E7F0002C92159211925E92579245924992649290
:10E80000489295923F924B9250929C9296929392FC
:10E810009B925A92CF92B992B792E9920F93FA9241
:10E8200044932E93199322931A9323933A933593F7
:10E830003B935C9360937C936E935693B093AC93AD
:10E84000AD939493B993D693D793E893E593D893E4
:10E85000C393DD93D093C893E4931A9414941394C0
:10E8600003940794109436942B94359421943A94FD
:10E870004194529444945B94609462945E946A943C
:10E8800029927094759477947D945A947C947E9494
:10E8900081947F94829587958A959495969598957D
:10E8A0009995A095A895A795AD95BC95BB95B9955B
:10E8B000BE95CA95F66FC395CD95CC95D595D49553
:10E8C000D695DC95E195E595E295219628962E96CC
:10E8D0002F9642964C964F964B9677965C965E9600
:10E8E0005D965F96669672966C968D9698969596BE
:10E8F0009796AA96A796B196B296B096B496B69603
:10E90000B896B996CE96CB96C996CD964D89DC969B
:10E910000D97D596F99604970697089713970E9733
:10E9200011970F971697199724972A973097399729
:10E930003D973E97449746974897429749975C97EB
:10E940006097649766976897D2526B97719779979B
:10E9500085977C9781977A9786978B978F979097D3
:10E960009C97A897A697A397B397B497C397C69772
:10E97000C897CB97DC97ED974F9FF297DF7AF69782
:10E98000F5970F980C9838982498219837983D98C7
:10E9900046984F984B986B986F98709871987498A8
:10E9A0007398AA98AF98B198B698C498C398C69827
:10E9B000E998EB9803990999129914991899219952
:10E9C0001D991E99249920992C992E993D993E992B
:10E9D00042994999459950994B99519952994C9915
:10E9E000559997999899A599AD99AE99BC99DF9940
:10E9F000DB99DD99D899D199ED99EE99F199F29930
:10EA0000FB99F899019A0F9A059AE299199A2B9A0B
:10EA1000379A459A429A409A439A3E9A559A4D9A05
:10EA20005B9A579A5F9A629A659A649A699A6B9A06
:10EA30006A9AAD9AB09ABC9AC09ACF9AD19AD39A50
:10EA4000D49ADE9ADF9AE29AE39AE69AEF9AEB9AE0
:10EA5000EE9AF49AF19AF79AFB9A069B189B1A9BE6
:10EA60001F9B229B239B259B279B289B299B2A9BA3
:10EA70002E9B2F9B329B449B439B4F9B4D9B4E9BBE
:10EA8000519B589B749B939B839B919B969B979BBD
:10EA90009F9BA09BA89BB49BC09BCA9BB99BC69BFA
:10EAA000CF9BD19BD29BE39BE29BE49BD49BE19BBE
:10EAB0003A9CF29BF19BF09B159C149C099C139C27
:10EAC0000C9C069C089C129C0A9C049C2E9C1B9CE3
:10EAD000259C249C219C309C479C329C469C3E9CBF
:10EAE0005A9C609C679C769C789CE79CEC9CF09C74
:10EAF000099D089DEB9C039D069D2A9D269DAF9D2B
:10EB0000239D1F9D449D159D129D419D3F9D3E9DB2
:10EB1000469D489D5D9D5E9D649D519D509D599D66
:10EB2000729D899D879DAB9D6F9D7A9D9A9DA49DA9
:10EB3000A99DB29DC49DC19DBB9DB89DBA9DC69D1A
:10EB4000CF9DC29DD99DD39DF89DE69DED9DEF9DE6
:10EB5000FD9D1A9E1B9E1E9E759E799E7D9E819E8A
:10EB6000889E8B9E8C9E929E959E919E9D9EA59E1C
:10EB7000A99EB89EAA9EAD9E6197CC9ECE9ECF9E2A
:10EB8000D09ED49EDC9EDE9EDD9EE09EE59EE89EAD
:10EB9000EF9EF49EF69EF79EF99EFB9EFC9EFD9EC8
:10EBA000079F089FB776159F219F2C9F3E9F4A9FE6
:10EBB000529F549F639F5F9F609F619F669F679F67
:10EBC0006C9F6A9F779F729F769F959F9C9FA09F47
:10EBD0002F58C76959906474DC5199710000004244
:10EBE000C8801F40B8821F4008000000000000429B
:10EBF000C4801F40B4821F400400000000C00042D7
:10EC000024801F4014821F401000000000C00042FA
:10EC100028801F4018821F402000000000C00042D2
:10EC20002C801F401C821F404000000000C000429A
:10EC300034801F4024821F40000100000040004239
:10EC400064811F4054831F400004000000400042C4
:10EC500080811F4070831F4000000200004000427E
:10EC60007C811F406C831F40000001000040004277
:10EC700068811F4058831F40000800000040004288
:10EC80003C811F402C831F400100000000400042D7
:10EC900044811F4034831F400400000000400042B4
:10ECA00040811F4030831F400200000000400042AE
:10ECB00048811F4038831F400800000000000042C8
:10ECC00004811F40F4821F40000004000000004245
:10ECD00008811F40F8821F40000008000000004229
:10ECE00018811F4008831F40000080000000004280
:10ECF00014811F4004831F400000400000000042B8
:10ED000000811F40F0821F4000000200000000420E
:10ED1000FC801F40EC821F40000001000000004208
:10ED200024811F4014831F400000000400000042A3
:10ED300028811F4018831F40000000080000004287
:10ED40001C811F400C831F40000000010000004296
:10ED500020811F4010831F4000000002000000427D
:10ED6000EC801F40DC821F400010000000000042C9
:10ED7000F0801F40E0821F400020000000000042A1
:10ED800034811F4024831F400000004000000042E7
:10ED900038811F4028831F4000000080008000420F
:10EDA00094801F4084821F400000040000C0004285
:10EDB00090801F4080821F40000000800080004241
:10EDC000A8801F4098821F40000080000080004201
:10EDD000A4801F4094821F40000040000040004279
:10EDE0006C811F405C831F400010000000C0004287
:10EDF00030801F4020821F40800000000040004201
:10EE0000B0811F40A0831F4000000020004000424E
:10EE1000AC811F409C831F40000000100040004256
:10EE200084811F4074831F400000040000400042A2
:10EE300088811F4078831F400000080000000042C6
:10EE40002C811F401C831F40000000100000004266
:10EE500030811F4020831F4000000020000000423E
:10EE60000C811F40FC821F40000010000000004287
:10EE700010811F4000831F400000200000800042DE
:10EE8000C8811F40B8831F400080000000800042FE
:10EE9000C4811F40B4831F40004000000080004236
:10EEA000C0811F40B0831F4000200000008000424E
:10EEB000BC811F40AC831F40001000000080004256
:10EEC000D0811F40C0831F4000000200008000422C
:10EED000CC811F40BC831F400000010000C00042E5
:10EEE00074801F4064821F400000000100C0004287
:10EEF00080801F4070821F400000000800C0004258
:10EF000084801F4074821F400000001000C0004237
:10EF10006C801F405C821F400000400000C0004227
:10EF20007C801F406C821F400000000400C0004233
:10EF300078801F4068821F400000000200C000422D
:10EF400088801F4078821F400000002035000000AC
:10EF5000CEFBFFFFCB03000001000000000000001B
:10EF600034000000CEFBFFFFCB03000001000000D7
:10EF70000000000005000000190000007D000000F6
:10EF800000010000C0A900201200000000060000DF
:10EF9000982000600A000000000200003420006099
:10EFA0006200000000070000D01F00606200000047
:10EFB000EE03000030AC002012000000000004EE60
:10EFC00008AC00202800000000030000CC1F0060F7
:10EFD0000000000001030904B41F006000000000ED
:10EFE000020309049C1F00600000000003030904E1
:10EFF00058AC0020000000000000000000000000ED
:10F0000000000000303030303030303030303030C0
:10F0100030303030303030303030303030303030F0
:10F020003030303000000000000000000000000020
:10F03000989E0020989E0020A09E0020A09E002068
:10F04000A89E0020A89E0020B09E0020B09E002018
:10F05000B89E0020B89E0020C09E0020C09E0020C8
:10F06000C89E0020C89E0020D09E0020D09E002078
:10F07000D89E0020D89E0020E09E0020E09E002028
:10F08000E89E0020E89E0020F09E0020F09E0020D8
:10F09000F89E0020F89E0020009F0020009F002086
:10F0A000089F0020089F0020109F0020109F002034
:10F0B000189F0020189F0020209F0020209F0020E4
:10F0C000289F0020289F0020309F0020309F002094
:10F0D000389F0020389F0020409F0020409F002044
:10F0E000489F0020489F0020509F0020509F0020F4
:10F0F000589F0020589F0020609F0020609F0020A4
:10F10000689F0020689F0020709F0020709F002053
:10F11000789F0020789F0020809F0020809F002003
:10F12000889F0020889F0020909F0020909F0020B3
:10F13000989F0020989F0020A09F0020A09F002063
:10F14000A89F0020A89F0020B09F0020B09F002013
:10F15000B89F0020B89F0020C09F0020C09F0020C3
:10F16000C89F0020C89F0020D09F0020D09F002073
:10F17000D89F0020D89F0020E09F0020E09F002023
:10F18000E89F0020E89F0020F09F0020F09F0020D3
:10F19000F89F0020F89F002000A0002000A0002081
:10F1A00008A0002008A0002010A0002010A000202F
:10F1B00018A0002018A0002020A0002020A00020DF
:10F1C00028A0002028A0002030A0002030A000208F
:10F1D00038A0002038A0002040A0002040A000203F
:10F1E00048A0002048A0002050A0002050A00020EF
:10F1F00058A0002058A0002060A0002060A000209F
:10F2000068A0002068A0002070A0002070A000204E
:10F2100078A0002078A0002080A0002080A00020FE
:10F2200088A0002088A0002090A0002090A00020AE
:10F2300098A0002098A00020A0A00020A0A000205E
:10F24000A8A00020A8A00020B0A00020B0A000200E
:10F25000B8A00020B8A00020C0A00020C0A00020BE
:10F26000C8A00020C8A00020D0A00020D0A000206E
:10F27000D8A00020D8A00020E0A00020E0A000201E
:10F28000E8A00020E8A00020F0A00020F0A00020CE
:10F29000F8A00020F8A0002000A1002000A100207C
:10F2A00008A1002008A1002010A1002010A100202A
:10F2B00018A1002018A1002020A1002020A10020DA
:10F2C00028A1002028A1002030A1002030A100208A
:10F2D00038A1002038A1002040A1002040A100203A
:10F2E00048A1002048A1002050A1002050A10020EA
:10F2F00058A1002058A1002060A1002060A100209A
:10F3000068A1002068A1002070A1002070A1002049
:10F3100078A1002078A1002080A1002080A10020F9
:10F3200088A1002088A1002090A1002090A10020A9
:10F3300098A1002098A10020A0A10020A0A1002059
:10F34000A8A10020A8A10020B0A10020B0A1002009
:10F35000B8A10020B8A10020C0A10020C0A10020B9
:10F36000C8A10020C8A10020D0A10020D0A1002069
:10F37000D8A10020D8A10020E0A10020E0A1002019
:10F38000E8A10020E8A10020F0A10020F0A10020C9
:10F39000F8A10020F8A1002000A2002000A2002077
:10F3A00008A2002008A2002010A2002010A2002025
:10F3B00018A2002018A2002020A2002020A20020D5
:10F3C00028A2002028A2002030A2002030A2002085
:10F3D00038A2002038A2002040A2002040A2002035
:10F3E00048A2002048A2002050A2002050A20020E5
:10F3F00058A2002058A2002060A2002060A2002095
:10F4000068A2002068A2002070A2002070A2002044
:10F4100078A2002078A2002080A2002080A20020F4
:10F4200088A2002088A2002090A2002090A20020A4
:10F430000000000088740120F0740120587501203C
:10F4400000000000000000000000000000000000BC
:10F4500000000000000000000000000000000000AC
:10F46000000000000000000000000000000000009C
:10F47000000000000000000000000000000000008C
:10F48000000000000000000000000000000000007C
:10F49000000000000000000000000000000000006C
:10F4A000000000000000000000000000000000005C
:10F4B000000000000000000000000000000000004C
:10F4C000000000000000000001000000000000003B
:10F4D0000E33CDAB34126DE6ECDE05000B00000000
:10F4E000000000000000000000000000000000001C
:10F4F000000000000000000000000000000000000C
:10F5000000000000000000000000000000000000FB
:10F5100000000000000000000000000000000000EB
:10F5200000000000000000000000000000000000DB
:10F5300000000000000000000000000000000000CB
:10F5400000000000000000000000000000000000BB
:10F5500000000000000000000000000000000000AB
:10F56000000000000000000000000000000000009B
:10F57000000000000000000000000000000000008B
:10F58000000000000000000000000000000000007B
:10F59000000000000000000000000000000000006B
:10F5A000000000000000000000000000000000005B
:10F5B000000000000000000000000000000000004B
:10F5C000000000000000000000000000000000003B
:10F5D000000000000000000000000000000000002B
:10F5E000000000000000000000000000000000001B
:10F5F000000000000000000000000000000000000B
:10F6000000000000000000000000000000000000FA
:10F6100000000000000000000000000000000000EA
:10F6200000000000000000000000000000000000DA
:10F630000029DE07007B9A1700003A402C1F00606B
:10F6400000000000000000000000000000000000BA
:10F6500000000000000000000000000000000000AA
:10F66000000000000000000000000000000000009A
:10F67000000000000000000000000000000000008A
:10F68000000000000000000000C03940BC1E006007
:10F69000000000000000000000000000000000006A
:10F6A000000000000000000000000000000000005A
:10F6B000000000000000000000000000000000004A
:10F6C000000000000000000000000000000000003A
:10F6D00000000000000000003C2B002000000000A3
:10F6E000E803000000000000642B00200000000080
:10F6F000E8030000000000000080194028050020F9
:10F7000000000000B0710120F07001200000000036
:10F710000000000040000000400000004000000029
:10F720004000000000000000000000000000000099
:10F7300000000000000000000000000000000000C9
:10F740000000000000000000642B0020000000000A
:10F75000E80300000000000000001940E0A60020BF
:10F7600000000000F0710120307101200000000055
:10F7700000000000280000004000000028000000F9
:10F780004000000000000000000000000000000039
:10F790000000000000000000000000000000000069
:10F7A0000000000000000000642B002000000000AA
:10F7B000E8030000000000000080184080A6002040
:10F7C000000000001872012070710120000000008C
:10F7D0000000000028000000400000002800000099
:10F7E00040000000000000000000000000000000D9
:10F7F0000000000000000000000000000000000009
:10F800000000000000000000312E30002C0100003C
:10F810000215000035C900000000000068C00F405C
:10F82000000000300F000000020000002C851F4087
:10F8300001000000FF000000FF00000000000000C9
:10F84000000000000E0000000200000030851F4094
:10F8500001000000FF000000FF00000000000000A9
:10F86000000000001302400026001800780000008D
:10F870000117000029C90000000000006CC00F4003
:10F8800000000003070000000200000040851F4048
:10F8900002000000FF000000FF0000000000000068
:10F8A00000000000080000000200000044851F4026
:10F8B00002000000FF000000FF0000000000000048
:10F8C00000000000FF004000260018007A00000041
:10F8D000EDC00000487401208030202000000000AE
:10F8E00043000000000000000000000000000000D5
:10F8F0000000000000000000000000000000000008
:10F9000043000000000000000000000000000000B4
:10F9100000000000000000000000000000000000E7
:10F920004300000000000000000000000000000094
:10F9300000000000000000000000000000000000C7
:10F940004300000000000000000000000000000074
:10F9500000000000000000000000000000000000A7
:10F960004300000000000000000000000000000054
:10F970000000000000000000000000000000000087
:10F980004300000000000000000000000000000034
:10F990000000000000000000000000000000000067
:10F9A0004300000000000000000000000000000014
:10F9B0000000000000000000000000000000000047
:10F9C00043000000000000000000000000000000F4
:10F9D0000000000000000000000000000000000027
:10F9E0000000000000000000000000000000000017
:10F9F0000000000000000000000000000000000007
:10FA000000000000000000000000000000000000F6
:10FA100000000000000000000000000000000000E6
:10FA200000000000000000000000000000000000D6
:10FA300000000000000000000000000000000000C6
:10FA400000000000000000000000000000000000B6
:10FA500000000000000000000000000000000000A6
:10FA60000000000000000000000000000000000096
:10FA70000000000000000000000000000000000086
:10FA80000000000000000000000000000000000076
:10FA90000000000000000000000000000000000066
:10FAA000000000000000000025F5010045AF010046
:10FAB00000000000582E0020E82600205C270020CF
:10FAC0005C2700205C2700205C2700205C270020AA
:10FAD0005C2700205C2700205C2700205C2700209A
:10FAE000FFFFFFFFFFFFFFFFFFFFFFFFFFFF000024
:10FAF000010041534349490000000000000000009C
:10FB000000000000000000000000000000000000F5
:10FB1000000041534349490000000000000000007C
:10FB200000000000000000000000000000000000D5
:10FB300000000000FFFFFFFF0000020000000000C7
:10FB40000300000088740120A0A2002048A5002026
:10FB500012010002EF020140C0168304800201027C
:10FB600003010000942B002000000000E8030000C7
:10FB70000000000000000000464C4F4154530000BC
:10FB800052414348555453004C504300000000007C
:10FB9000524154530000000029D8000029D8000029
:10FBA00029D8000029D8000029D8000029D8000051
:10FBB00029D8000029D8000029D8000029D8000041
:10FBC00029D8000029D8000029D8000029D8000031
:10FBD00029D8000029D8000029D8000029D8000021
:10FBE00029D8000029D8000029D8000029D8000011
:10FBF00029D8000029D8000029D8000029D8000001
:10FC000029D8000029D8000029D8000029D80000F0
:10FC100029D8000029D8000029D8000029D80000E0
:10FC200029D8000029D8000029D8000029D80000D0
:10FC300029D8000029D8000029D8000029D80000C0
:10FC400029D8000029D8000029D8000029D80000B0
:10FC500029D8000029D8000029D8000029D80000A0
:10FC600029D8000029D8000029D8000029D8000090
:10FC700029D8000029D8000029D8000029D8000080
:10FC800029D8000029D8000029D8000029D8000070
:10FC900029D8000029D8000029D8000029D8000060
:10FCA00029D8000029D8000029D8000029D8000050
:10FCB00029D8000029D8000029D8000029D8000040
:10FCC00029D8000029D8000029D8000029D8000030
:10FCD00029D8000029D8000029D8000029D8000020
:10FCE00029D8000029D8000029D8000029D8000010
:10FCF00029D8000029D8000029D8000029D8000000
:10FD000029D8000029D8000029D8000029D80000EF
:10FD100029D8000029D8000029D8000029D80000DF
:10FD200029D8000029D8000029D8000029D80000CF
:10FD300029D8000029D8000029D8000029D80000BF
:10FD400029D8000029D8000029D8000029D80000AF
:10FD500029D8000029D8000029D8000029D800009F
:10FD600029D8000029D8000029D8000029D800008F
:10FD700029D8000029D8000029D8000029D800007F
:10FD800029D8000029D8000029D8000029D800006F
:10FD900029D8000029D80000280000000001040034
:10FDA0000100000000000000020157494E55534277
:10FDB0000000000000000000000000000000000043
:10FDC00012034D0053004600540031003000300053
:10FDD000F800000032303137303930312C303030DB
:10FDE00030303000302E31000C03000000000000E5
:10FDF00000000000000000000000000000002900DA
:10FE000000000000000000000000000000000000F2
:10FE100000000000000000000000000000000000E2
:10FE200000000000000000000000000000000000D2
:10FE300000000000000000000000000000000000C2
:10FE400000000000000000000000000000000000B2
:10FE500000000000000000000000000000000000A2
:10FE60000000000000000000000000000000000092
:10FE70000000000000000000000000000000000082
:10FE80000000000000000000000000000000000072
:10FE90000000000000000000000000000000000062
:10FEA0000000000000000000000000000000000052
:10FEB0000000000000000000000000000000000042
:10FEC0000000000000000000000000000000000032
:10FED0000000000000000000000000000000000022
:10FEE0000000000000000000000000000000000012
:10FEF0000000000000000000000000000000000002
:10FF000000000000000000000000000000000000F1
:10FF100000000000000000000000000000000000E1
:10FF200000000000000000000000000000000000D1
:10FF300000000000000000000000000000000000C1
:10FF400000000000000000000000000000000000B1
:10FF500000000000000000000000000000000000A1
:10FF60000000000000000000000000000000000091
:10FF70000000000000000000000000000000000081
:10FF80000000000000000000000000000000000071
:10FF90000000000000000000000000000000000061
:10FFA0000000000000000000000000000000000051
:10FFB0000000000000000000000000000000000041
:10FFC0000000000000000000000000000000000031
:10FFD0000000000000000000000000000000000021
:10FFE0000000000000000000000000000000000011
:10FFF0000000000000000000000000000000000001
:02000004600397
:1000000000000000000000000000000000000000F0
:1000100000000000000000000000000000000000E0
:1000200000000000000000000000000000000000D0
:1000300000000000000000000000000000000000C0
:1000400000000000000000000000000000000000B0
:1000500000000000000000000000000000000000A0
:100060000000000000000000000000000000000090
:100070000000000000000000000000000000000080
:100080000000000000000000000000000000000070
:100090000000000000000000000000000000000060
:1000A0000000000000000000000000000000000050
:1000B0000000000000000000000000000000000040
:1000C0000000000000000000000000000000000030
:1000D0000000000000000000000000000000000020
:1000E0000000000000000000000000000000000010
:1000F0000000000000000000000000000000000000
:1001000000000000000000000000000000000000EF
:1001100000000000000000000000000000000000DF
:1001200000000000000000000000000000000000CF
:1001300000000000000000000000000000000000BF
:1001400000000000000000000000000000000000AF
:10015000000000000000000000000000000000009F
:10016000000000000000000000000000000000008F
:10017000000000000000000000000000000000007F
:10018000000000000000000000000000000000006F
:10019000000000000000000000000000000000005F
:1001A000000000000000000000000000000000004F
:1001B000000000000000000000000000000000003F
:1001C000000000000000000000000000000000002F
:1001D000000000000000000000000000000000001F
:1001E000000000000000000000000000000000000F
:1001F00000000000000000000000000000000000FF
:1002000000000000000000000000000000000000EE
:1002100000000000000000000000000000000000DE
:1002200000000000000000000000000000000000CE
:1002300000000000000000000000000000000000BE
:1002400000000000000000000000000000000000AE
:10025000000000000000000000000000000000009E
:10026000000000000000000000000000000000008E
:10027000000000000000000000000000000000007E
:10028000000000000000000000000000000000006E
:10029000000000000000000000000000000000005E
:1002A000000000000000000000000000000000004E
:1002B000000000000000000000000000000000003E
:1002C000000000000000000000000000000000002E
:1002D000000000000000000000000000000000001E
:1002E000000000000000000000000000000000000E
:1002F00000000000000000000000000000000000FE
:1003000000000000000000000000000000000000ED
:1003100000000000000000000000000000000000DD
:1003200000000000000000000000000000000000CD
:1003300000000000000000000000000000000000BD
:1003400000000000000000000000000000000000AD
:10035000000000000000000000000000000000009D
:10036000000000000000000000000000000000008D
:10037000000000000000000000000000000000007D
:10038000000000000000000000000000000000006D
:10039000000000000000000000000000000000005D
:1003A000000000000000000000000000000000004D
:1003B000000000000000000000000000000000003D
:1003C000000000000000000000000000000000002D
:1003D000000000000000000000000000000000001D
:1003E000000000000000000000000000000000000D
:1003F00000000000000000000000000000000000FD
:1004000000000000000000000000000000000000EC
:1004100000000000000000000000000000000000DC
:1004200000000000000000000000000000000000CC
:1004300000000000000000000000000000000000BC
:1004400000000000000000000000000000000000AC
:10045000FFFFFFFFFFFFFFFFFFFFFFFFFFFFFFFFAC
:10046000FFFFFFFFFFFFFFFFFFFFFFFFFFFFFFFF9C
:10047000FFFFFFFFFFFFFFFFFFFFFFFFFFFFFFFF8C
:10048000FFFFFFFFFFFFFFFFFFFFFFFFFFFFFFFF7C
:10049000FFFFFFFFFFFFFFFFFFFFFFFFFFFFFFFF6C
:1004A000FFFFFFFFFFFFFFFFFFFFFFFFFFFFFFFF5C
:1004B000FFFFFFFFFFFFFFFFFFFFFFFFFFFFFFFF4C
:1004C000FFFFFFFFFFFFFFFFFFFFFFFFFFFFFFFF3C
:1004D000FFFFFFFFFFFFFFFFFFFFFFFFFFFFFFFF2C
:1004E000FFFFFFFFFFFFFFFFFFFFFFFFFFFFFFFF1C
:1004F000FFFFFFFFFFFFFFFFFFFFFFFFFFFFFFFF0C
:10050000FFFFFFFFFFFFFFFFFFFFFFFFFFFFFFFFFB
:10051000FFFFFFFFFFFFFFFFFFFFFFFFFFFFFFFFEB
:10052000FFFFFFFFFFFFFFFFFFFFFFFFFFFFFFFFDB
:10053000FFFFFFFFFFFFFFFFFFFFFFFFFFFFFFFFCB
:10054000FFFFFFFFFFFFFFFFFFFFFFFFFFFFFFFFBB
:10055000FFFFFFFFFFFFFFFFFFFFFFFFFFFFFFFFAB
:10056000FFFFFFFFFFFFFFFFFFFFFFFFFFFFFFFF9B
:10057000FFFFFFFFFFFFFFFFFFFFFFFFFFFFFFFF8B
:10058000FFFFFFFFFFFFFFFFFFFFFFFFFFFFFFFF7B
:10059000FFFFFFFFFFFFFFFFFFFFFFFFFFFFFFFF6B
:1005A000FFFFFFFFFFFFFFFFFFFFFFFFFFFFFFFF5B
:1005B000FFFFFFFFFFFFFFFFFFFFFFFFFFFFFFFF4B
:1005C000FFFFFFFFFFFFFFFFFFFFFFFFFFFFFFFF3B
:1005D000FFFFFFFFFFFFFFFFFFFFFFFFFFFFFFFF2B
:1005E000FFFFFFFFFFFFFFFFFFFFFFFFFFFFFFFF1B
:1005F000FFFFFFFFFFFFFFFFFFFFFFFFFFFFFFFF0B
:10060000FFFFFFFFFFFFFFFFFFFFFFFFFFFFFFFFFA
:10061000FFFFFFFFFFFFFFFFFFFFFFFFFFFFFFFFEA
:10062000FFFFFFFFFFFFFFFFFFFFFFFFFFFFFFFFDA
:10063000FFFFFFFFFFFFFFFFFFFFFFFFFFFFFFFFCA
:10064000FFFFFFFFFFFFFFFFFFFFFFFFFFFFFFFFBA
:10065000FFFFFFFFFFFFFFFFFFFFFFFFFFFFFFFFAA
:10066000FFFFFFFFFFFFFFFFFFFFFFFFFFFFFFFF9A
:10067000FFFFFFFFFFFFFFFFFFFFFFFFFFFFFFFF8A
:10068000FFFFFFFFFFFFFFFFFFFFFFFFFFFFFFFF7A
:10069000FFFFFFFFFFFFFFFFFFFFFFFFFFFFFFFF6A
:1006A000FFFFFFFFFFFFFFFFFFFFFFFFFFFFFFFF5A
:1006B000FFFFFFFFFFFFFFFFFFFFFFFFFFFFFFFF4A
:1006C000FFFFFFFFFFFFFFFFFFFFFFFFFFFFFFFF3A
:1006D000FFFFFFFFFFFFFFFFFFFFFFFFFFFFFFFF2A
:1006E000FFFFFFFFFFFFFFFFFFFFFFFFFFFFFFFF1A
:1006F000FFFFFFFFFFFFFFFFFFFFFFFFFFFFFFFF0A
:10070000FFFFFFFFFFFFFFFFFFFFFFFFFFFFFFFFF9
:10071000FFFFFFFFFFFFFFFFFFFFFFFFFFFFFFFFE9
:10072000FFFFFFFFFFFFFFFFFFFFFFFFFFFFFFFFD9
:10073000FFFFFFFFFFFFFFFFFFFFFFFFFFFFFFFFC9
:10074000FFFFFFFFFFFFFFFFFFFFFFFFFFFFFFFFB9
:10075000FFFFFFFFFFFFFFFFFFFFFFFFFFFFFFFFA9
:10076000FFFFFFFFFFFFFFFFFFFFFFFFFFFFFFFF99
:10077000FFFFFFFFFFFFFFFFFFFFFFFFFFFFFFFF89
:10078000FFFFFFFFFFFFFFFFFFFFFFFFFFFFFFFF79
:10079000FFFFFFFFFFFFFFFFFFFFFFFFFFFFFFFF69
:1007A000FFFFFFFFFFFFFFFFFFFFFFFFFFFFFFFF59
:1007B000FFFFFFFFFFFFFFFFFFFFFFFFFFFFFFFF49
:1007C000FFFFFFFFFFFFFFFFFFFFFFFFFFFFFFFF39
:1007D000FFFFFFFFFFFFFFFFFFFFFFFFFFFFFFFF29
:1007E000FFFFFFFFFFFFFFFFFFFFFFFFFFFFFFFF19
:1007F000FFFFFFFFFFFFFFFFFFFFFFFFFFFFFFFF09
:1008000000000000000000000000000000000000E8
:1008100000000000000000000000000000000000D8
:1008200000000000000000000000000000000000C8
:1008300000000000000000000000000000000000B8
:1008400000000000000000000000000000000000A8
:100850000000000000000000000000000000000098
:100860000000000000000000000000000000000088
:100870000000000000000000000000000000000078
:100880000000000000000000000000000000000068
:100890000000000000000000000000000000000058
:1008A0000000000000000000000000000000000048
:1008B0000000000000000000000000000000000038
:1008C0000000000000000000000000000000000028
:1008D0000000000000000000000000000000000018
:1008E0000000000000000000000000000000000008
:1008F00000000000000000000000000000000000F8
:1009000000000000000000000000000000000000E7
:1009100000000000000000000000000000000000D7
:1009200000000000000000000000000000000000C7
:1009300000000000000000000000000000000000B7
:1009400000000000000000000000000000000000A7
:100950000000000000000000000000000000000097
:100960000000000000000000000000000000000087
:100970000000000000000000000000000000000077
:100980000000000000000000000000000000000067
:100990000000000000000000000000000000000057
:1009A0000000000000000000000000000000000047
:1009B0000000000000000000000000000000000037
:1009C0000000000000000000000000000000000027
:1009D0000000000000000000000000000000000017
:1009E0000000000000000000000000000000000007
:1009F00000000000000000000000000000000000F7
:100A000000000000000000000000000000000000E6
:100A100000000000000000000000000000000000D6
:100A200000000000000000000000000000000000C6
:100A300000000000000000000000000000000000B6
:100A400000000000000000000000000000000000A6
:100A50000000000000000000000000000000000096
:100A60000000000000000000000000000000000086
:100A70000000000000000000000000000000000076
:100A80000000000000000000000000000000000066
:100A90000000000000000000000000000000000056
:100AA0000000000000000000000000000000000046
:100AB0000000000000000000000000000000000036
:100AC0000000000000000000000000000000000026
:100AD0000000000000000000000000000000000016
:100AE0000000000000000000000000000000000006
:100AF00000000000000000000000000000000000F6
:100B000000000000000000000000000000000000E5
:100B100000000000000000000000000000000000D5
:100B200000000000000000000000000000000000C5
:100B300000000000000000000000000000000000B5
:100B400000000000000000000000000000000000A5
:100B50000000000000000000000000000000000095
:100B60000000000000000000000000000000000085
:100B70000000000000000000000000000000000075
:100B80000000000000000000000000000000000065
:100B90000000000000000000000000000000000055
:100BA0000000000000000000000000000000000045
:100BB0000000000000000000000000000000000035
:100BC0000000000000000000000000000000000025
:100BD0000000000000000000000000000000000015
:100BE0000000000000000000000000000000000005
:100BF00000000000000000000000000000000000F5
:100C000000000000000000000000000000000000E4
:100C100000000000000000000000000000000000D4
:100C200000000000000000000000000000000000C4
:100C300000000000000000000000000000000000B4
:100C400000000000000000000000000000000000A4
:100C50000000000000000000000000000000000094
:100C60000000000000000000000000000000000084
:100C70000000000000000000000000000000000074
:100C80000000000000000000000000000000000064
:100C90000000000000000000000000000000000054
:100CA0000000000000000000000000000000000044
:100CB0000000000000000000000000000000000034
:100CC0000000000000000000000000000000000024
:100CD0000000000000000000000000000000000014
:100CE0000000000000000000000000000000000004
:100CF00000000000000000000000000000000000F4
:100D000000000000000000000000000000000000E3
:100D100000000000000000000000000000000000D3
:100D200000000000000000000000000000000000C3
:100D300000000000000000000000000000000000B3
:100D400000000000000000000000000000000000A3
:100D50000000000000000000000000000000000093
:100D60000000000000000000000000000000000083
:100D70000000000000000000000000000000000073
:100D80000000000000000000000000000000000063
:100D90000000000000000000000000000000000053
:100DA0000000000000000000000000000000000043
:100DB0000000000000000000000000000000000033
:100DC0000000000000000000000000000000000023
:100DD0000000000000000000000000000000000013
:100DE0000000000000000000000000000000000003
:100DF00000000000000000000000000000000000F3
:100E000000000000000000000000000000000000E2
:100E100000000000000000000000000000000000D2
:100E200000000000000000000000000000000000C2
:100E300000000000000000000000000000000000B2
:100E400000000000000000000000000000000000A2
:100E50000000000000000000000000000000000092
:100E60000000000000000000000000000000000082
:100E70000000000000000000000000000000000072
:100E80000000000000000000000000000000000062
:100E90000000000000000000000000000000000052
:100EA0000000000000000000000000000000000042
:100EB0000000000000000000000000000000000032
:100EC0000000000000000000000000000000000022
:100ED0000000000000000000000000000000000012
:100EE0000000000000000000000000000000000002
:100EF00000000000000000000000000000000000F2
:100F000000000000000000000000000000000000E1
:100F100000000000000000000000000000000000D1
:100F200000000000000000000000000000000000C1
:100F300000000000000000000000000000000000B1
:100F400000000000000000000000000000000000A1
:100F50000000000000000000000000000000000091
:100F60000000000000000000000000000000000081
:100F70000000000000000000000000000000000071
:100F80000000000000000000000000000000000061
:100F90000000000000000000000000000000000051
:100FA0000000000000000000000000000000000041
:100FB0000000000000000000000000000000000031
:100FC0000000000000000000000000000000000021
:100FD0000000000000000000000000000000000011
:100FE0000000000000000000000000000000000001
:100FF00000000000000000000000000000000000F1
:1010000000000000000000000000000000000000E0
:1010100000000000000000000000000000000000D0
:1010200000000000000000000000000000000000C0
:1010300000000000000000000000000000000000B0
:1010400000000000000000000000000000000000A0
:101050000000000000000000000000000000000090
:101060000000000000000000000000000000000080
:101070000000000000000000000000000000000070
:101080000000000000000000000000000000000060
:101090000000000000000000000000000000000050
:1010A0000000000000000000000000000000000040
:1010B0000000000000000000000000000000000030
:1010C0000000000000000000000000000000000020
:1010D0000000000000000000000000000000000010
:1010E0000000000000000000000000000000000000
:1010F00000000000000000000000000000000000F0
:1011000000000000000000000000000000000000DF
:1011100000000000000000000000000000000000CF
:1011200000000000000000000000000000000000BF
:1011300000000000000000000000000000000000AF
:10114000000000000000000000000000000000009F
:10115000000000000000000000000000000000008F
:10116000000000000000000000000000000000007F
:10117000000000000000000000000000000000006F
:10118000000000000000000000000000000000005F
:10119000000000000000000000000000000000004F
:1011A000000000000000000000000000000000003F
:1011B000000000000000000000000000000000002F
:1011C000000000000000000000000000000000001F
:1011D000000000000000000000000000000000000F
:1011E00000000000000000000000000000000000FF
:1011F00000000000000000000000000000000000EF
:1012000000000000000000000000000000000000DE
:1012100000000000000000000000000000000000CE
:1012200000000000000000000000000000000000BE
:1012300000000000000000000000000000000000AE
:10124000000000000000000000000000000000009E
:10125000000000000000000000000000000000008E
:10126000000000000000000000000000000000007E
:10127000000000000000000000000000000000006E
:10128000000000000000000000000000000000005E
:10129000000000000000000000000000000000004E
:1012A000000000000000000000000000000000003E
:1012B000000000000000000000000000000000002E
:1012C000000000000000000000000000000000001E
:1012D000000000000000000000000000000000000E
:1012E00000000000000000000000000000000000FE
:1012F00000000000000000000000000000000000EE
:1013000000000000000000000000000000000000DD
:1013100000000000000000000000000000000000CD
:1013200000000000000000000000000000000000BD
:1013300000000000000000000000000000000000AD
:10134000000000000000000000000000000000009D
:10135000000000000000000000000000000000008D
:10136000000000000000000000000000000000007D
:10137000000000000000000000000000000000006D
:10138000000000000000000000000000000000005D
:10139000000000000000000000000000000000004D
:1013A000000000000000000000000000000000003D
:1013B000000000000000000000000000000000002D
:1013C000000000000000000000000000000000001D
:1013D000000000000000000000000000000000000D
:1013E00000000000000000000000000000000000FD
:1013F00000000000000000000000000000000000ED
:040000056000100087
:00000001FF
